CodigoLicitacion;Nombre;Estado;Descripcion;Tipo;Moneda;MontoEstimado;FuenteFinanciamiento;VisibilidadMonto;JustificacionMonto;FechaCreacion;FechaPublicacion;FechaCierre;FechaAdjudicacion;FechaEstimadaFirma;FechaInicioContrato;C_Unidad;C_RutUnidad;C_Usuario;C_Cargo;Resp_Contrato;Resp_Email;Resp_Pago;TiempoDuracionContrato;UnidadTiempoDuracion;EsRenovable
1057532-73-LQ23;CONVENIO SERVICIOS MANTENCIÓN PREVENTIVA CORRECTIVA YO REPARATIVA VEHÍCULOS MULTIMARCAS DEPENDIENTES DEL SERVICIO SALUD OSORNO;Adjudicada;El Servicio ha elaborado las presentes Bases Administrativas y Técnicas que contienen todos los requerimientos para materializar la Licitación ID 1057532-73-LQ23, para “CONVENIO DE SERVICIOS DE MANTENCIÓN PREVENTIVA, CORRECTIVA Y/O REPARATIVA VEHÍCULOS MULTIMARCAS DEPENDIENTES DEL SERVICIO DE SALUD OSORNO AÑO 2024 - 2025, lo anterior con el propósito de mantener en buen estado mecánico, seguridad y confortabilidad los vehículos motorizados que son de dotación del Servicio de Salud Osorno.;LQ;CLP;0.0;;0;;29-08-2023;19-10-2023;08-11-2023;03-01-2024;08-01-2024;19-10-2023;Bienes y Servicios;61.607.600-0;Rubén Uribe;Administrativo;Felipe Salvo B.;;Erwin Camino B.;24;4;0
1057532-150-LE23;3 CUPOS RESIDENCIA PROTEGIDA R. METROPOLITANA SSO;Desierta (o art. 3 ó 9 Ley 19.886);ADQUISICIÓN 3 CUPOS RESIDENCIA PROTEGIDA R. METROPOLITANA SSO, 2° LLAMADO;LE;CLP;0.0;;0;;18-12-2023;26-12-2023;05-01-2024;;;26-12-2023;Bienes y Servicios;61.607.600-0;Lesly Andrea Díaz Aburto;Administrativo;ANTONIA CAIFIL;;RODRIGO MARTINEZ;12;4;0
1057532-140-L123;ADQUISICIÓN DE INSUMOS PARA LA CURACIÓN AVANZADA DE ÚLCERAS DE PIE DIABÉTICO UPD Y ÚLCERAS VENOSAS UV EN LA RED DE APS, SEGUNDO LLAMADO.;Adjudicada;ADQUISICIÓN DE INSUMOS PARA LA CURACIÓN AVANZADA DE ÚLCERAS DE PIE DIABÉTICO UPD Y ÚLCERAS VENOSAS UV EN LA RED DE APS, SEGUNDO LLAMADO POR FALTANTE DE INSUMOS DECLARADO DESIENTO Y SIN OFERTAS.;L1;CLP;4528372.0;;1;;;27-11-2023;04-12-2023;05-01-2024;;;Bienes y Servicios;61.607.600-0;JACQUELINE  OYARZUN ALVAREZ;Comprador administrativo;;;;0;0;0
1057532-149-LE23;CONVENIO SERVICIOS DE MANTENCIÓN PARA MAMÓGRAFO HOSPITAL DE PURRANQUE AÑO 2024-2025”;Desierta (o art. 3 ó 9 Ley 19.886);Mantener óptimo y continuo funcionamiento de equipo mamógrafo fijo, asegurando la continuidad de las prestaciones de imagenología de forma segura, dar cumplimiento a la característica EQ2.2. de la Acreditación Sanitaria, y a los objetivos estratégicos institucionales respecto de exámenes ejecutados;LE;CLP;60400000.0;;1;;15-12-2023;26-12-2023;05-01-2024;;;26-12-2023;Bienes y Servicios;61.607.600-0;Rubén Uribe;Administrativo;Khris Silva vargas;;Erwin Camino B.;24;4;0
1057532-95-LP23;Convenio Servicios de Mantención de Autoclaves y Planta de Tratamiento Agua;Adjudicada;La presente licitación tiene como objetivo la “Compra Servicios de Mantención de Autoclaves y Planta de Tratamiento de Establecimientos dependientes del Servicio Salud Osorno Periodo 2024-2025” para asegurar su disponibilidad en los siguientes establecimientos:  ●	Hospital de Purranque  ●	Hospital de Rio Negro  ●	Hospital de Puerto Octay	  ●	Hospital Futa Srüka Lawenche Künko Mapu Mo de San Juan de la Costa  ●	Hospital Pu Mülen de Quilacahuin;LP;CLP;91600000.0;Servicio de Salud Osorno;1;Según Resolución Exenta N 15146;05-10-2023;15-11-2023;27-11-2023;08-01-2024;;15-11-2023;Bienes y Servicios;61.607.600-0;Rubén Uribe;Administrativo;Lorena Torres Castillo;;Rodrigo Martinez Alvarado;24;4;0
1057532-113-CO23;CONVENIO DE SERVICIOS DE MANTENCIÓN PREVENTIVA CORRECTIVA Y CERTIFICADO DE 04 ASCENSORES DE HOSPITALES PU MULEN Y FUTA SRUKA LAWENCHE KUNKO MAPU MO AÑOS 2024 Y 2025;Adjudicada;Convenio de Servicios de mantención Preventiva, Correctiva y Certificación de 4 Ascensores de Hospitales Pü Mülen y Futra Srüka Lawenche Künko Mapu Mo;CO;CLP;0.0;;0;;26-10-2023;10-11-2023;20-11-2023;08-01-2024;;10-11-2023;Bienes y Servicios;61.607.600-0;Rubén Uribe;Administrativo;Khris Silva vargas;;Erwin Camino B.;24;4;0
1057532-153-LE23;CONVENIO SUMINISTRO DE CORRESPONDENCIA DOCUMENTOS Y ENCOMIENDAS PARA EL SERVICIO DE SALUD OSORNO AÑO 2024;Desierta (o art. 3 ó 9 Ley 19.886);Se requiere contar con servicio de correspondencia para el despacho de la documentación y encomiendas de oficina de partes, incorporando además despachos de abastecimiento (droguería) como medicamentos, con cobertura nacionales de enero a diciembre 2024;LE;CLP;0.0;;0;Según Resolución adjunta;20-12-2023;;05-01-2024;12-01-2024;;29-12-2023;Bienes y Servicios;61.607.600-0;JACQUELINE  OYARZUN ALVAREZ;Comprador administrativo;Cristina Collinao;;Rodrigo Martinez Alvarado;12;4;0
1057532-138-LE23;ESTUDIOS PREVIOS REPOSICION H. PTO. OCTAY;Adjudicada;Realizar los estudios de pre factibilidad de terreno para futuro Hospital de Puerto Octay, de tal forma de reconocer las condicionantes técnicas para una futura construcción. Los Estudios previos consisten en: Mecánica de Suelos, Exploración Geotécnica, Estudio Topográfico para la Reposición Hospital Pto. Octay.;LE;CLP;12000000.0;Propio - Servicio de Salud Osorno;1;;;18-12-2023;08-01-2024;17-01-2024;;18-12-2023;Bienes y Servicios;61.607.600-0;Cecilia Garay Lemuy;;Gonzalo Arroyo;;Rodrigo Martinez;0;1;0
1057532-126-LE23;3 CUPOS RESIDENCIA PROTEGIDA PROV. CONCEPCION SSO;Desierta (o art. 3 ó 9 Ley 19.886);ADQUISICIÓN 3 CUPOS RESIDENCIA PROTEGIDA DE PARA EL SERVICIO DE SALUD OSORNO EN LA PROVINCIA DE CONCEPCIÓN;LE;CLP;0.0;;0;;;20-11-2023;30-11-2023;19-01-2024;;20-11-2023;Bienes y Servicios;61.607.600-0;Lesly Andrea Díaz Aburto;Administrativo;Lorena Torres;;RODRIGO MARTINEZ;12;4;0
1057532-135-LE23;CONVENIO DE ALIMENTOS PERECIBLES PARA CTPEULLA 2024;Adjudicada;CONVENIO DE ALIMENTOS PERECIBLES PARA CTPEULLA 2024;LE;CLP;11500000.0;Servicio de Salud;1;;14-11-2023;21-12-2023;02-01-2024;24-01-2024;;21-12-2023;Bienes y Servicios;61.607.600-0;Alicia Vidal Paredes;Comprador Administrativo;Lorena Torres;;Rodrigo Martínez Alvarado;12;4;0
1057532-142-LE23;Convenio para adquisición de Neumáticos SSO 2024;Desierta (o art. 3 ó 9 Ley 19.886);La presente Licitación tiene como objetivo la Adquisición de servicios preventivos para la provisión, cambios e instalación de Neumáticos nuevos para la flota de vehículos dependientes de la red del Servicio de Salud Osorno, de manera de mantener la seguridad y confortabilidad de los ocupantes de estos Vehículos, así como también, extender la vida útil del tren delantero y Sistema de Suspensión.;LE;CLP;24200000.0;;1;;;26-12-2023;04-01-2024;25-01-2024;;26-12-2023;Bienes y Servicios;61.607.600-0;JUAN FELIPE ROJEL HUENTRO;PROFESIONAL DE APOYO;Luis Angulo;;Erwin Camino Borquez;1825;2;0
1057532-145-LQ23;Suministro Chip para Calderas HFSLKMM Y PÚ MÚLEN PERIODO DE 24 MESES AÑO 2024-2025 2° LLAMADO;Adjudicada;La presente tiene por objeto la contratación del Suministro de Chip para Calderas de Hospital Pü Mülen de Quilacahuin y Hospital Füta Srüka Lawenche Knko Mpau Mo de San Juan de la Costa, establecimientos dependientes del Servicio De Salud Osorno, AÑO 2024-2025.;LQ;CLP;0.0;;0;;06-12-2023;22-12-2023;02-01-2024;26-01-2024;04-03-2024;22-12-2023;Bienes y Servicios;61.607.600-0;Ivan Vargas Ojeda;Comprador Administrativo;Lorena Torres Castillo;;Rodrigo Martínez Alvarado;24;4;0
1057532-144-LQ23;PROGRAMA DE REHABILITACIÓN TIPO II SSO EN OSORNO;Adjudicada;ADQUISICIÓN DE PRESTACIONES PARA PROGRAMA DE REHABILITACIÓN TIPO II PARA EL SERVICIO DE SALUD OSORNO EN LA CIUDAD DE OSORNO;LQ;CLP;0.0;;0;;;11-12-2023;02-01-2024;29-01-2024;;11-12-2023;Bienes y Servicios;61.607.600-0;Lesly Andrea Díaz Aburto;Administrativo;ANTONIA CAIFIL;;RODRIGO MARTINEZ;12;4;0
1057532-137-LE23;SERVICIOS MANTENCIÓN DE EQUIPOS DE LAVANDERIA SSO;Adjudicada;CONVENIO SERVICIOS DE MANTENCIÓN DE EQUIPOS DE LAVANDERIA DE ESTABLECIMIENTOS DEPENDIENTES DEL SERVICIO DE SALUD OSORNO PERIODO 2024-2025;LE;CLP;0.0;;0;;;01-12-2023;11-12-2023;30-01-2024;;01-12-2023;Bienes y Servicios;61.607.600-0;Lesly Andrea Díaz Aburto;Administrativo;KHRIS SILVA;;RODRIGO MARTINEZ;24;4;0
1057532-118-R224;MANTENCION DE EQUIPOS CRITICOS 2024 - 2025;Adjudicada;La presente licitación tiene como objetivo la “Compra Servicios de Mantención de Equipos de Críticos de Establecimientos dependientes del Servicio Salud Osorno Periodo 2024-2025”;LE;CLP;0.0;;0;;02-11-2023;06-11-2023;16-11-2023;31-01-2024;;06-11-2023;Bienes y Servicios;61.607.600-0;PAULINA NICOLE LONCOPAN CARRILLO;PROFESIONAL APOYO;;;;24;4;0
1057532-124-LE23;ADQUISICION INSUMOS LINEA 131 BASE SAMU;Adjudicada;“ADQUISICION INSUMOS ATENCIONES PREHOSPITALARIAS LINEA 131 – BASE SAMU”, de acuerdo a lo solicitado en Formulario N°3, Interno N°154 de la Base SAMU.;LE;CLP;0.0;Servicio de Salud Osorno;0;;;;30-11-2023;31-01-2024;;20-11-2023;Bienes y Servicios;61.607.600-0;Cecilia Garay Lemuy;;Gonzalo Arroyo;;Rodrigo Martinez;0;1;0
1180747-12-LE23;CONSULTORIA ADECUACION DISEÑO POSTA TIPO PARA PROYECTO LOCALIDAD DE LA POZA COMUNA SAN PABLOPONCHO COMUNA PTO. OCTAY;Adjudicada;CONSULTORIA ADECUACION DISEÑO POSTA TIPO PARA PROYECTO LOCALIDAD DE LA POZA, COMUNA SAN PABLO, CONTEMPLA ESTUDIOS PREVIOS, ESPECIALIDADES, COORDINACIÓN, REVISORES Y PPTO. OBRAS;LE;CLP;28629020.0;Gobierno Regional de Los Lagos;1;;25-10-2023;30-11-2023;20-12-2023;01-02-2024;;30-11-2023;Compras Convenio GORE Region de Los Lagos;61.607.600-0;Cecilia Garay Lemuy;;Gonzalo Arroyo;;Gobierno Regional;0;1;0
1057532-147-LE23;Servicio de Retiro Residuos de Alcantarillado para la DSSO y establecimientos dependientes año 2024;Desierta (o art. 3 ó 9 Ley 19.886);La presente licitación tiene como objetivo contar con un convenio para el retiro de residuos de alcantarillado generados  por los establecimientos dependientes del Servicio de Salud Osorno, de esta forma cumplir con la normativa vigente y las  especificaciones de diseño y criterios de operación de los sistemas involucrados;LE;CLP;51780006.0;Servicio Salud Osorno;1;;14-12-2023;19-01-2024;29-01-2024;09-02-2024;;19-01-2024;Bienes y Servicios;61.607.600-0;Rubén Uribe;Administrativo;Lorena Torres Castillo;;Erwin Camino B.;12;4;0
1180747-13-LR23;Construccion CECOSF urbano Chifin Rio Negro Tercer Llamado;Desierta (o art. 3 ó 9 Ley 19.886);Se requiere contratar la Construcción CECOSF urbano Chifin Rio Negro Tercer Llamado, de acuerdo a Bases de Licitación y Antecedentes Técnicos;LR;CLP;989744000.0;Gobierno Regional de Los Lagos;1;;27-11-2023;;19-01-2024;09-02-2024;;30-11-2023;Compras Convenio GORE Region de Los Lagos;61.607.600-0;Cecilia Garay Lemuy;;Gonzalo Arroyo;;Gobierno Regional;300;2;0
1057532-146-LE23;SERVICIO DE MOVILIZACION PACIENTES DIALISIS HPU;Desierta (o art. 3 ó 9 Ley 19.886);La presente licitación tiene como objetivo entregar el servicio de movilización, que incluya vehículo y conductor, para pacientes de Unidad de Diálisis del Hospital de Purranque año 2024, de lunes a sábado, incluyendo festivos, desde su domicilio particular al centro de diálisis y viceversa, es decir, desde el centro de diálisis hacia su domicilio, velando de esta forma por el bienestar integral de los usuarios. Los pacientes se encuentran domiciliados en la Comuna de Purranque, tanto sector rural como urbano.;LE;CLP;0.0;Servicio de Salud Osorno;0;Numeral 1.1.1 de Bases administrativas y técnicas, resolución 17188 del 20 de diciembre del 2023.;;20-12-2023;02-01-2024;20-02-2024;;20-12-2023;Bienes y Servicios;61.607.600-0;PAULINA NICOLE LONCOPAN CARRILLO;PROFESIONAL APOYO;Daniela Soto Almonacid;;Rodrigo Martínez Alvarado;12;4;0
1057532-2-LQ24;10 CUPOS R. PROTEGIDA DE ALTA COMPLEJIDAD SSO;Desierta (o art. 3 ó 9 Ley 19.886);ADQUISICIÓN 10 CUPOS RESIDENCIA PROTEGIDA DE ALTA COMPLEJIDAD PARA EL SERVICIO DE SALUD OSORNO EN LA CIUDAD DE OSORNO;LQ;CLP;219000000.0;Servicio de Salud Osorno;1;Numeral 1.1.1 de las bases administrativas y técnicas, resolución exenta N°157 del 18 de enero del 2024.;;19-01-2024;08-02-2024;23-02-2024;;19-01-2024;Bienes y Servicios;61.607.600-0;Lesly Andrea Díaz Aburto;Administrativo;Antonia Caifil;;Rodrigo Martínez Alvarado;12;4;0
1057532-5-LE24;CONVENIO SERVICIOS DE MANTENCIÓN PARA MAMÓGRAFO HOSPITAL DE PURRANQUE AÑO 2024-2025”;Desierta (o art. 3 ó 9 Ley 19.886);Mantener óptimo y continuo funcionamiento de equipo mamógrafo fijo, asegurando la continuidad de las prestaciones de imagenología de forma segura, dar cumplimiento a la característica EQ.2.2 de la Acreditación Sanitaria, y a los objetivos estratégicos institucionales respecto de exámenes ejecutados.;LE;CLP;0.0;Servicio Salud Osorno;0;Según lo estipulado en numeral 1.1.1, Financiamiento;12-01-2024;22-01-2024;01-02-2024;29-02-2024;;22-01-2024;Bienes y Servicios;61.607.600-0;Rubén Uribe;Administrativo;Khris Silva vargas;;Erwin Camino B.;12;4;0
1057532-4-LE24;MANTENCION DE EQUIPOS DE RAYOS X;Adjudicada;La presente licitación tiene como objetivo la “Convenio Servicios de Mantención de Rayos X Osteopulmonar de Establecimientos dependientes del Servicio Salud Osorno Periodo 2024-2025” para asegurar su disponibilidad en los siguientes establecimientos:  	  •	Hospital Futa Srüka Lawenche Kunko Mapu Mo de San Juan de la Costa  •	Hospital Pu Mülen de Quilacahuín;LE;CLP;0.0;Servicio de Salud Osorno;0;Numeral 1.1.1 de las bases de licitación 230 del 19 de enero del 2024.;;22-01-2024;01-02-2024;01-03-2024;;22-01-2024;Bienes y Servicios;61.607.600-0;PAULINA NICOLE LONCOPAN CARRILLO;PROFESIONAL APOYO;Diego Contreras;;Rodrigo Martínez Alvarado;24;4;0
1057532-13-L124;Servicios de mudanzas para profesionales funcionarios S.S.O., por inicio formación de especialidad y retorno de subespecialidad.;Adjudicada;Realizar mudanzas requeridas por los profesionales funcionarios que solicitan beneficio de acuerdo a lo que señala el art. 29 inciso 1° de la Ley N° 15.076, por inicio de EDF.;L1;CLP;2200000.0;;1;;;21-02-2024;26-02-2024;05-03-2024;;;Bienes y Servicios;61.607.600-0;JACQUELINE  OYARZUN ALVAREZ;Comprador administrativo;;;;0;0;0
1057532-6-LP24;3 CUPOS RESIDENCIA PROTEGIDA CONCEPCIÓN;Adjudicada;ADQUISICIÓN 3 CUPOS RESIDENCIA PROTEGIDA DE PARA EL SERVICIO DE SALUD OSORNO EN LA PROVINCIA DE CONCEPCIÓN, 2° LLAMADO;LP;CLP;0.0;Servicio de Salud Osorno;0;Numeral 1.1.1 de las bases de licitación N° 1224 del 26 de enero del 2024.;;29-01-2024;19-02-2024;14-03-2024;;29-01-2024;Bienes y Servicios;61.607.600-0;Lesly Andrea Díaz Aburto;Administrativo;Antonia Caifil;;Rodrigo Martínez Alvarado;24;4;0
1057532-1-LP24;8 CUPOS DÍA HOGAR PROT. MUJERES SSO PROV. OSORNO;Adjudicada;8 CUPOS DÍA HOGAR PROT. MUJERES SSO PROV. OSORNO;LP;CLP;0.0;Servicio de Salud Osorno;0;DE ACUERDO A NUMERAL 1.1.1 DE LAS BASES ADJUNTAS;05-01-2024;;23-02-2024;15-03-2024;;19-01-2024;Bienes y Servicios;61.607.600-0;Lesly Andrea Díaz Aburto;Administrativo;Antonia Caifil;;Rodrigo Martínez Alvarado;12;4;0
1057532-14-L124;Adquisición de 150 contenedores plásticos;Desierta (o art. 3 ó 9 Ley 19.886);Adquisición de 150 contenedores plásticos con sistema de cierre de bisagras. Volumen: entre 50 a 70 litros. Dimensiones aproximadas: 60 cm x 40 cm x 35.5 cm.;L1;CLP;3000000.0;;1;;;21-02-2024;26-02-2024;20-03-2024;;;Bienes y Servicios;61.607.600-0;JUAN FELIPE ROJEL HUENTRO;PROFESIONAL DE APOYO;;;;0;0;0
1057532-3-LE24;Convenio de Movilización para dispositivos DSSO;Adjudicada;La presente licitación tiene como objetivo de entregar el servicio de movilización para dispositivos dependientes del Servicio de Salud Osorno, tanto a funcionarios como a usuarios según requerimientos de cada dispositivo:  ●	Centro Diurno de Rehabilitacion Adultos Mayores Kumelen  ●	Unidad de Memoria Ayekan   ●	Cosam Rahue    a	La licitación será de carácter simple, adjudicándose a un solo oferente por cada línea de productosservicios requeridos, las que se dividen en:   CONVENIO  N° LINEA	DETALLE  1	Servicio de Movilización Cosam Rahue  2	Servicio de Movilización Centro Diurno de Rehabilitación Adultos Mayores Kumelen  3	Servicio de Movilización Unidad de Memoria Ayekan    b	En las especificaciones técnicas se referirán a lo que solicita técnicamente cada línea a ofertar.  c	El contrato considerará el servicio de Servicio de movilización s para los dispositivos con conductores.;LE;CLP;0.0;Servicio de Salud Osorno;0;Numeral 1.1.1 de las bases de licitación, resolución exenta 1401 del 01 de febrero del 2024;;;13-02-2024;22-03-2024;;02-02-2024;Bienes y Servicios;61.607.600-0;PAULINA NICOLE LONCOPAN CARRILLO;PROFESIONAL APOYO;Antonia Caifil;;Rodrigo Martínez Alvarado;9;4;0
1057532-10-LE24;Arriendo de 5 Notebooks para el SSO por 36 meses;Adjudicada;El objetivo de la contratación mediante esta licitación pública es obtener el arriendo de 5 Notebooks que cumplan con las especificaciones técnicas establecidas en las Bases de Licitación. Estos equipos serán destinados para el uso de los Directivos del Servicio de Salud Osorno durante un periodo de 36 meses.;LE;CLP;10000000.0;;1;;;19-02-2024;29-02-2024;27-03-2024;;19-02-2024;Bienes y Servicios;61.607.600-0;JUAN FELIPE ROJEL HUENTRO;PROFESIONAL DE APOYO;Luis Mella;;Erwin Camino Borquez;1215;2;0
1057532-12-R124;Reposición e implementación de nuevos artículos necesarios para el desarrollo de los programa Residencial y Ambulatorio.;Adjudicada;Reponer artículos necesarios para el desarrollo del programa Residencial y Ambulatorio. Artículos de importancia para el bienestar y la concretización de actividades de las personas en tratamiento, que se encuentran realizando tratamiento intensivo modalidad residencial, donde se debe cuidar la higiene y el confort del buen dormir, mantener un aseo adecuado para ambas unidades.;L1;CLP;0.0;;0;;;14-02-2024;19-02-2024;28-03-2024;;;Bienes y Servicios;61.607.600-0;JACQUELINE  OYARZUN ALVAREZ;Comprador administrativo;;;;0;0;0
1057532-7-LE24;Servicio Mantención Planta Tratamiento de Agua Servidas de Lodos Activos H Pü Mülen y FSLKMM;Revocada;El objetivo de la presente Licitación tiene como finalidad contratar el Servicio de mantenimiento mensual de las Plantas de Tratamiento de Aguas Servidas de Lodos Activos de ambos hospitales que cuentan con una solución independiente para el tratamiento del alcantarillado. Lo anterior con el objetivo de realizar el monitoreo, medición de parámetros y las mantenciones preventivas y correctivas de;LE;CLP;0.0;;0;;01-02-2024;13-03-2024;25-03-2024;;27-05-2024;13-03-2024;Bienes y Servicios;61.607.600-0;Rubén Uribe;Administrativo;Lorena Torres Castillo;;Rodrigo Martínez Alvarado;10;4;0
1057532-23-L124;CONVENIO SUMINISTRO DE CORRESPONDENCIA Y ENCOMIENDAS PARA EL S.S.O.;Adjudicada;Contar con servicio de correspondencia para el despacho de la documentación y encomiendas de Oficina de Partes y además despachos de abastecimiento (Droguería). con cobertura nacional.;L1;CLP;0.0;;0;;;;28-03-2024;12-04-2024;;20-03-2024;Bienes y Servicios;61.607.600-0;JACQUELINE  OYARZUN ALVAREZ;Comprador administrativo;;;;0;0;0
1057532-36-L124;Mudanza para Profesionales Funcionarios, Beneficio de la ley N°15.076// Seccion Gestion y Desarrollo Ley Medica;Adjudicada;Se requiere contratar servicio de mudanza para 4 Profesionales funcionarios por inicio de etapa destinacion y formacion, solicitud de beneficio de acuerdo a lo que señala el art. 29 inciso 1° de la ley N°15.076. Las mudanzas requeridas deben realizarse en tramos y fechas segun especificaciones tecnicas;L1;CLP;6450000.0;;1;0;;10-04-2024;15-04-2024;19-04-2024;;;Bienes y Servicios;61.607.600-0;Alicia Vidal Paredes;Comprador Administrativo;;;;0;0;0
1057532-16-LE24;ARRIENDO DE VEHICULO PARA FUNCIONARIOS MAMOGRAFO;Revocada;ARRIENDO DE VEHICULO PARA TRASLADO DE FUNCIONARIOS DEL MAMÓGRAFO MÓVIL DEL SSO;LE;CLP;0.0;Servicio de Salud Osorno;0;Numeral 1.1.1 de las bases de licitación, resolución 3511 del 11 de marzo del 2024.;;12-03-2024;22-03-2024;;;12-03-2024;Bienes y Servicios;61.607.600-0;PAULINA NICOLE LONCOPAN CARRILLO;PROFESIONAL APOYO;Bárbara Méndez Pariz;;Rodrigo Martínez Alvarado;12;4;0
1057532-27-LE24;PROGRAMA DE COACHING PARA JEFATURAS INTERMEDIAS;Revocada;PROGRAMA DE COACHING PARA JEFATURAS INTERMEDIAS;LE;CLP;0.0;;0;;;25-03-2024;03-04-2024;;;25-03-2024;Bienes y Servicios;61.607.600-0;Lesly Andrea Díaz Aburto;Administrativo;Lorena Torres;;RODRIGO MARTINEZ;0;1;0
1057532-22-LE24;ADQUISICION DE INSUMO Y MEDICAMENTO PARA PROGRAMAS MINISTERIALES POR FALTANTE CENABAST Y CONVENIO SUMINISTRO MEDICAMENTOS;Adjudicada;La presente licitación adquisición de insumo (preservativos) y medicamento para programas ministeriales por faltante Cenabast y Convenio Suministro Medicamentos Red APS, tiene como objetivo cumplir con entregas programadas a la Red APS.;LE;CLP;0.0;Programas Ministeriales;0;Según Res. Exenta N°4789 adjunta;14-03-2024;22-03-2024;28-03-2024;25-04-2024;;22-03-2024;Bienes y Servicios;61.607.600-0;JACQUELINE  OYARZUN ALVAREZ;Comprador administrativo;Eleuterio Román;;Rodrigo Martinez Alvarado;0;4;0
1057532-8-LP24;SERVICIO DE REGISTRO DE INFORMACIÓN DE CONTROL DE ASISTENCIA RELOJ CONTROL BIOLETRICO  X 36 MESES;Adjudicada;"Se requiere contratar los “SERVICIO DE REGISTRO DE INFORMACIÓN DE CONTROL DE ASISTENCIA RELOJ CONTROL BIOLETRICO PARA EL SERVICIO DE SALUD OSORNO Y SUS ESTABLECIMIENTOS DEPENDIENTES, POR 36 MESES"".";LP;CLP;90000000.0;Servicio de Salud Osorno;1;;01-02-2024;;01-03-2024;25-04-2024;;01-02-2024;Bienes y Servicios;61.607.600-0;Cecilia Garay Lemuy;;Gonzalo Arroyo;;Rodrigo Martinez;36;4;0
1057532-31-LE24;ARRIENDO DE VEHÍCULOS SIN CONDUCTOR DE ABRIL A DICIEMBRE 2024;Adjudicada;La presente tiene como objetivo la contratación del Servicio de Arrendamiento de vehículos sin chofer para los funcionarios de los distintos departamentos de la Subdirección de Gestión Asistencial y para trasladar a los equipos dependientes de la Subdirección Administrativa del SSO;LE;CLP;14900000.0;Servicio Salud Osorno;1;;03-04-2024;03-04-2024;15-04-2024;26-04-2024;;03-04-2024;Bienes y Servicios;61.607.600-0;Rubén Uribe;Administrativo;Lorena Torres Castillo;;Erwin Camino B.;9;4;0
1057532-19-LE24;SERVICIO DE RETIRO DE RESIDUOS DE ALCANTARILLADO PARA LA DIRECCIÓN DEL SERVICIO DE SALUD OSORNO Y SUS ESTABLECIMIENTOS DEPENDIENTES;Desierta (o art. 3 ó 9 Ley 19.886);Contar con un convenio de Servicio de retiro de residuos de alcantarillado generados por los establecimientos  dependientes de Servicio de Salud Osorno, de esta forma cumplir con la normativa vigente y las especificaciones  de diseño y criterios de operación de cada estos establecimientos.;LE;CLP;0.0;Servicio Salud Osorno;0;;05-03-2024;;10-04-2024;26-04-2024;;25-03-2024;Bienes y Servicios;61.607.600-0;Ariela Acevedo;PROFESIONAL APOYO;Lorena Torres Castillo;;Erwin Camino B.;9;4;0
1057532-17-LE24;ADQUISICION INSUMOS CURACIÓN AVANZADA FINANCIADOS POR PROGRAMA FOFAR PARA USUARIOS DE LOS ESTABLECIMIENTOS DE APS;Adjudicada;Entrega de medicamentos e insumos de manera oportuna a personas bajo control con diagnóstico de Hipertensión, Diabetes Mellitus tipo 2 y Dislipidemia. Personas de 15 años y más que pertenecen al Programa de Salud Cardiovascular (PSCV), que se atienden en Atención Primaria.;LE;CLP;0.0;Programas FOFAR;0;Según Res. Exenta N°4744.;28-02-2024;20-03-2024;01-04-2024;26-04-2024;;20-03-2024;Bienes y Servicios;61.607.600-0;JACQUELINE  OYARZUN ALVAREZ;Comprador administrativo;Chessarina Tuchie F.;;Rodrigo Martinez Alvarado;0;1;0
1057532-20-LP24;Seguros Generales para Vehículos motorizados pertenecientes al SSOsorno por 12 meses;Adjudicada;Seguros Generales para Vehículos motorizados pertenecientes al SSOsorno por 12 meses;LP;CLP;74000000.0;Servicio de Salud Osorno;1;;06-03-2024;;15-04-2024;26-04-2024;;18-03-2024;Bienes y Servicios;61.607.600-0;Cecilia Garay Lemuy;;Gonzalo Arroyo;;Rodrigo Martinez;0;4;0
1057532-29-L124;Adquisición de 150 contenedores plásticos para almacenamiento y transporte de productos farmacéuticos;Adjudicada;Adquisición de 150 contenedores plásticos para almacenamiento y transporte de productos farmacéuticos, según especificaciones técnicas adjuntas.;L1;CLP;3000000.0;;1;1;;26-03-2024;03-04-2024;26-04-2024;;;Bienes y Servicios;61.607.600-0;JUAN FELIPE ROJEL HUENTRO;PROFESIONAL DE APOYO;;;;0;0;0
1077241-1-LE24;ADQ. PINZAS BIPOLARES MARYLAND PARA ESTERILIZACIÓN;Adjudicada;Adquisición para cirugías de esterilización tubaria, menor tiempo de cirugía, mayor seguridad, menores complicaciones.;LE;CLP;0.0;;0;;;04-04-2024;15-04-2024;02-05-2024;;04-04-2024;Administración de Fondos;61.607.600-0;Ariela Acevedo;PROFESIONAL APOYO;Franco Fuentes Gutiérrez;;Rodrigo Martínez Alvarado;0;1;0
1057532-45-L124;Adquisicion de materiales para taller educativo y cognitivo para usuarios y cuidadores de la unidad de memoria // Ayekan;Desierta (o art. 3 ó 9 Ley 19.886);El propósito de la adquisición de estos materiales es poder elaborar y entregar material educativo a la comunidad usuaria y general con respecto a: demencias, factores protectores y de riesgos, importancia del envejecimiento, funcionamiento del centro, mitos sobre las demencias, entrega de recuerdos a la comunidad, además, de preparación de material de estimulación cognitiva para usuarios y usuarias que ingresan a Unidad de Memoria Ayekan la oferta de contemplar la totalidad de los materiales.;L1;CLP;2360000.0;;1;0;;26-04-2024;02-05-2024;;;;Bienes y Servicios;61.607.600-0;Alicia Vidal Paredes;Comprador Administrativo;;;;0;0;0
1057532-11-LE24;CONVENIO MOVILIZACIÓN UNIDAD DE DIALISIS 12 MESES;Desierta (o art. 3 ó 9 Ley 19.886);CONVENIO DE MOVILIZACIÓN PARA CENTRO UNIDAD DE DIALISIS PURRANQUE, 12 MESES”;LE;CLP;0.0;Servicio de salud osorno;0;Según bases de licitación adjunta.;;12-04-2024;24-04-2024;02-05-2024;;12-04-2024;Bienes y Servicios;61.607.600-0;PAULINA NICOLE LONCOPAN CARRILLO;PROFESIONAL APOYO;Daniela Soto Almonacid;;Rodrigo Martínez Alvarado;12;4;0
1057532-38-L124;Adquisición de medicamentos por faltante de stock en CENABAST y convenios  para COSAM ORIENTE.;Adjudicada;Se requiere medicamentos por faltante por quiebre de stock por intermediación CENABAST y convenio suministro con HBSJO para COSAM ORIENTE.;L1;CLP;4900000.0;;1;;;24-04-2024;29-04-2024;09-05-2024;;;Bienes y Servicios;61.607.600-0;JACQUELINE  OYARZUN ALVAREZ;Comprador administrativo;;;;0;0;0
1057532-25-LE24;Mantención de Equipos de Lavandería SSO;Desierta (o art. 3 ó 9 Ley 19.886);Convenio Servicios de Mantención de Equipos de Lavandería de Establecimientos Dependientes del Servicio de Salud Osorno Periodo 2024-2025;LE;CLP;0.0;;0;;;09-04-2024;19-04-2024;14-05-2024;;09-04-2024;Bienes y Servicios;61.607.600-0;Lesly Andrea Díaz Aburto;Administrativo;Lorena Torres;;RODRIGO MARTINEZ;24;4;0
1180747-2-LQ24;CONSTRUCCION BASE SAMU RAHUE OSORNO;Adjudicada;Se requiere la ejecución de Obras Civiles y Especialidades para la Construcción de la BASE SAMU RAHUE, en la ciudad de Osorno.;LQ;CLP;0.0;Gobierno Regional de Los Lagos;0;;20-02-2024;;19-04-2024;15-05-2024;;13-03-2024;Compras Convenio GORE Region de Los Lagos;61.607.600-0;Cecilia Garay Lemuy;;Gonzalo Arroyo;;Gobierno Regional;0;1;0
1057532-21-LE24;Arriendo de 7 computadores personales por 36 meses;Adjudicada;La presente tiene por objeto la contratación del Servicio de Arrendamiento de 7 computadores personales nuevos que cumplan con los requerimientos mínimos solicitados, para ser instalados en dependencias del Servicio de Salud Osorno, por un periodo de 36 meses.;LE;CLP;0.0;Servicio de Salud;0;;;;19-04-2024;20-05-2024;;09-04-2024;Bienes y Servicios;61.607.600-0;JUAN FELIPE ROJEL HUENTRO;PROFESIONAL DE APOYO;Lorena Torres;;Rodrigo Martínez Alvarado;36;4;0
1057532-37-L124;Adquisición de insumos para kit de higiene del programa odontológico integral (Auditorías y atención en domicilio).;Adjudicada;Implementar la entrega de kits de higiene oral para fomentar y mejorar la salud oral de los usuarios y usuarias beneficiarios de la auditoría y atención dental en domicilio del programa odontológico integral.;L1;CLP;4059380.0;;1;;;17-04-2024;24-04-2024;22-05-2024;;;Bienes y Servicios;61.607.600-0;JACQUELINE  OYARZUN ALVAREZ;Comprador administrativo;;;;0;0;0
1180747-1-LE24;CONSULTORIA ADECUACION DISEÑO POSTA TIPO - REPOSICIÓN PSR RUPANCO PTO OCTAY;Adjudicada;CONSULTORIA ADECUACION DISEÑO POSTA TIPO SERVICIO SALUD CHILOE, PARA PROYECTO REPOSICIÓN PSR RUPANCO, COMUNA PTO. OCTAY;LE;CLP;36142085.0;Gobierno Regional de Los Lagos;1;;02-02-2024;11-03-2024;01-04-2024;23-05-2024;;11-03-2024;Compras Convenio GORE Region de Los Lagos;61.607.600-0;Cecilia Garay Lemuy;;Gonzalo Arroyo;;Gobierno Regional;0;1;0
1057532-41-L124;ADQUISICION DE INSUMOS DE ASEO POR 8 MESES AÑO 2024, DESTINADOS A LA LIMPIEZA E HIGIENE DEL SERVICIO DE SALUD OSORNO Y SUS DISPOSITIVOS;Desierta (o art. 3 ó 9 Ley 19.886);Se requiere adquirir insumos de aseo para el stock de bodega general,  la entrega debe realizarse parcializadamente durante 8 meses, para el año 2024. estos insumos no se encuentran en el catalogo de convenio marco. todos los productos ofertados deben venir con fortografia, ficha tecnica del insumo o su respectiva Resolucion Sanitaria si aplica.;L1;CLP;3500000.0;;1;;;29-04-2024;06-05-2024;23-05-2024;;;Bienes y Servicios;61.607.600-0;Alicia Vidal Paredes;Comprador Administrativo;;;;0;0;0
1057532-34-LE24;ARRIENDO DE VEHICULO PARA TRASLADO DE FUNCIONARIOS DEL SERVICIO DE SALUD OSORNO;Adjudicada;El objetivo del presente llamado a licitación es contar con un arriendo de vehículo de acuerdo a lo establecido en las Bases técnicas, para el traslado de 3 funcionarios  del Servicio de Salud Osorno, durante el periodo del mayo el 2024 hasta el 31 de diciembre del 2024.;LE;CLP;0.0;Servicio de salud osorno;0;Según bases administrativas y técnicas de resolución N° 6133 del 23 de abril del 2024.;08-04-2024;23-04-2024;03-05-2024;29-05-2024;;23-04-2024;Bienes y Servicios;61.607.600-0;PAULINA NICOLE LONCOPAN CARRILLO;PROFESIONAL APOYO;Barbara Mendez;;Rodrigo Martínez Alvarado;6;4;0
1057532-32-LE24;Servicio de Mantención Planta Tratamiento de Aguas Servidas de Lodos Activos Hosp. Pü Mülen y FSLKMM  segundo Llamado;Adjudicada;El objetivo de la presente Licitación tiene como finalidad contratar el Servicio de mantenimiento mensual de las Plantas de Tratamiento de Aguas Servidas de Lodos Activos de ambos hospitales que cuentan con una solución independiente para el tratamiento del alcantarillado. Lo anterior con el objetivo de realizar el monitoreo, medición de parámetros y las mantenciones preventivas y correctivas de sus componentes y equipos para cumplir con la normativa vigente.;LE;CLP;14191752.0;;1;;05-04-2024;;02-05-2024;29-05-2024;;22-04-2024;Bienes y Servicios;61.607.600-0;Rubén Uribe;Administrativo;Lorena Torres Castillo;;Erwin Camino B.;8;4;0
1057532-40-LE24;ADQUISICIÓN PARKAS RED DE URGENCIA Y SAMU SSO;Adjudicada;ADQUISICIÓN PARKAS RED DE URGENCIA Y SAMU SERVICIO SALUD OSORNO;LE;CLP;0.0;;0;;;25-04-2024;06-05-2024;29-05-2024;;25-04-2024;Bienes y Servicios;61.607.600-0;Lesly Andrea Díaz Aburto;Administrativo;DAVID SERRANO;;RODRIGO MARTINEZ;0;1;0
1057532-35-L124;Consultoría para la Actualización y Reformulación Proyecto de Climatización y Electricidad Mejoramiento Hospital Rio Negro;Adjudicada;Se requiere contratar los Servicios de Consultoría para la Reformulación de los Proyecto de Climatización y Electricidad Mejoramiento Hospital Rio Negro, según FSC N°2 Interno 112_2024;L1;CLP;0.0;;0;;;18-04-2024;07-05-2024;30-05-2024;;;Bienes y Servicios;61.607.600-0;Cecilia Garay Lemuy;;;;;0;0;0
1057532-33-L124;CAPACITACIÓN-CURSO APOYO VITAL PEDIÁTRICO AVANZADO (PALS);Adjudicada;Se solicita realizar compra de curso PALS, PEDIATRIC ADVANCED LIFE SUPPORT 10 cupos, modalidad B-learning que incluye actividades sincrónicas, asincrónicas y módulo presencial, con un total de 64 horas cronológicas (85 horas pedagógicas), dirigido a profesionales médicos de la Red Asistencial del Servicio de Salud Osorno, con cargo al Programa Anual de Capacitación Ley Médica 19.664-15.076 año 2024.;L1;CLP;2200000.0;;1;;;22-04-2024;29-04-2024;30-05-2024;;;Bienes y Servicios;61.607.600-0;Lesly Andrea Díaz Aburto;Administrativo;;;;0;0;0
1057532-46-LE24;CONVENIO MOVILIZACIÓN UNIDAD DE DIALISIS 12 MESES;Adjudicada;CONVENIO DE SERVICIO DE MOVILIZACIÓN PARA TRASALDO DE PACIENTES CENTRO UNIDAD DE DIALISIS HOSPITAL DE PURRANQUE, 12 MESES,NUEVO LLAMADO;LE;CLP;0.0;Servicio de salud Osorno;0;;30-04-2024;06-05-2024;16-05-2024;31-05-2024;;06-05-2024;Bienes y Servicios;61.607.600-0;Lesly Andrea Díaz Aburto;Administrativo;Daniela Soto Almonacid;;Rodrigo Martínez Alvarado;12;4;0
1057922-4-L124;Adquisición de Sillas Ergonómicas y Bergeres para Red del SSO;Adjudicada;Adquisición de sillas ergonómicas para estaciones de trabajo de distintos dispositivos de la red del Servicio de Salud Osorno y reposición de Bergeres para Base SAMU Osorno, con el objetivo de renovar mobiliario que se encuentre en mal estado.;L1;CLP;5477300.0;;1;;;29-04-2024;06-05-2024;31-05-2024;;;Activos Fijos;61.607.600-0;Ivan Vargas Ojeda;Comprador Administrativo;;;;0;0;0
1057532-42-LQ24;CONVENIO DE SUMINISTRO DE VIALES PARA VPH;Adjudicada;CONVENIO DE SUMINISTRO DE VIALES PARA GENOTIPIFICACION DE VPH CON ARRIENDO DE EQUIPO PARA ANALISIS DE MUESTRAS, SERVICIO DE SALUD OSORNO.;LQ;CLP;0.0;Servicio de salud osorno;0;;;26-04-2024;16-05-2024;12-06-2024;;26-04-2024;Bienes y Servicios;61.607.600-0;PAULINA NICOLE LONCOPAN CARRILLO;PROFESIONAL APOYO;Javiera Gajardo Marín;;Rodrigo Martínez Alvarado;19;4;0
1077241-9-LE24;Convenio Servicio de Movilización por 08 meses;Adjudicada;La presente licitación tiene como objetivo la contratación del servicio de movilización para el traslado del equipo multiprofesional que entregará atención domiciliaria a personas en situación de dependencia severa en la provincia de Osorno (Osorno, San Juan de la Cosa, Purranque, Rio Negro, Puerto Octay, Puyehue y San Pablo), tanto en sector rural como urbano.;LE;CLP;0.0;Refuerzo de Atención Domiciliaria a personas en si;0;;13-05-2024;13-05-2024;23-05-2024;12-06-2024;;13-05-2024;Administración de Fondos;61.607.600-0;Rubén Uribe;Administrativo;Lorena Torres Castillo;;Erwin Camino B.;8;4;0
1057532-39-LE24;INSUMOS CURACION AVANZADA 2024;Adjudicada;Proporcionar insumos para ejecución de curación avanzada para la Red de APS del SSO, PERIODO 2024.;LE;CLP;0.0;Servicio de salud osorno;0;Numeral 1.2 de las bases de licitación, resolución 6194 del 24 de abril del 2024.;;25-04-2024;06-05-2024;17-06-2024;;25-04-2024;Bienes y Servicios;61.607.600-0;PAULINA NICOLE LONCOPAN CARRILLO;PROFESIONAL APOYO;Consuelo Córdova López;;Rodrigo Martínez Alvarado;0;1;0
1057532-60-L124;Adquisicion de materiales para taller educativo y cognitivo para usuarios y cuidadores de la unidad de memoria // Ayekan;Desierta (o art. 3 ó 9 Ley 19.886);El propósito de la adquisición de estos materiales es poder elaborar y entregar material educativo a la comunidad usuaria y general con respecto a: demencias, factores protectores y de riesgos, importancia del envejecimiento, funcionamiento del centro, mitos sobre las demencias, entrega de recuerdos a la comunidad, además, de preparación de material de estimulación cognitiva para usuarios y usuarias que ingresan a Unidad de Memoria Ayekan la oferta de contemplar la totalidad de los materiales.;L1;CLP;2360000.0;;1;;;13-06-2024;18-06-2024;;;;Bienes y Servicios;61.607.600-0;Alicia Vidal Paredes;Comprador Administrativo;;;;0;0;0
1057922-2-LP24;ADQUISICIÓN EQUIPOS Y EQUIPAMIENTO MÉDICO PARA PROGRAMA PLAN NACIONAL DEL CÁNCER;Adjudicada;Se requiere la reposición de equipos y equipamiento para recintos de quimioterapia, CAE gastreoenterología, CAE ginecología y CAE oncología del Hospital Base San José de Osorno, contemplados bajo el Plan Nacional del Cáncer.;LP;CLP;0.0;;0;;10-04-2024;;10-05-2024;21-06-2024;;19-04-2024;Activos Fijos;61.607.600-0;Ariela Acevedo;PROFESIONAL APOYO;Lorena Torres Castillo;;Rodrigo Martínez Alvarado;0;1;0
1057532-49-LE24;CONVENIO DE SUMINISTRO DE AYUDAS TÉCNICAS GES PARA PROVEER A LA RED ASISTENCIAL DEL S.S.O. AÑO 2024.;Adjudicada;La presente licitación para proveer de ayudas técnicas (AATT) a la red asistencial en el contexto de las Garantías Explícitas en Salud en su Problema de Salud 36 y del Piloto NO GES de AATT de 64 años y menos.  Dicha adquisición permitirá que los establecimientos de salud de nuestra red asistencial puedan cumplir con la garantía GES, entregando AATT a los usuarios(as) de la provincia de Osorno según sus necesidades.;LE;CLP;0.0;Programas Ayudas Tecnicas 2024;0;Según Resolución Exenta N°7175_17.05.24;08-05-2024;;27-05-2024;24-06-2024;;17-05-2024;Bienes y Servicios;61.607.600-0;JACQUELINE  OYARZUN ALVAREZ;Comprador administrativo;Camila Alvarez Velasquez;;Rodrigo Martinez Alvarado;6;4;0
1057532-54-L124;LIBROS PREVENCION DEL SUICIDIO;Adjudicada;Especificaciones Técnicas: - 4.500 libros prevención suicidio, Salud Mental, tamaño 20x25 cerrado, tapa 4/4 color, couche 250 gr. Termolaminado por tiro, interior bond 80 gr, impresión 4/4 color, corcheteados, 8 páginas más las tapas.  Diseños de los materiales han sido trabajados y validados por Depto. de Comunicaciones SSO.;L1;CLP;2500000.0;;1;;;28-05-2024;04-06-2024;25-06-2024;;;Bienes y Servicios;61.607.600-0;PAULINA NICOLE LONCOPAN CARRILLO;PROFESIONAL APOYO;;;;0;0;0
1057532-48-LP24;Convenio de Suministro Kit POC y análisis sanguine;Adjudicada;El Servicio el suministro de kit Point of Care POC y análisis de gases sanguineos con arriendo de equipos para establecimientos hospitalarios y CESFAM Puyehue del Servicio de Salud Osorno.;LP;CLP;0.0;Servicio de salud Osorno;0;Numeral 1.2 de las bases de licitación, resolución 7173 del 17 de mayo del 2024.;;20-05-2024;10-06-2024;28-06-2024;;20-05-2024;Bienes y Servicios;61.607.600-0;PAULINA NICOLE LONCOPAN CARRILLO;PROFESIONAL APOYO;Sofía Reyes Alarcón;;Rodrigo Martínez Alvarado;12;4;0
1180747-3-LR24;Reposición Consultorio de Salud Rural Bahía Mansa Tercer;Desierta (o art. 3 ó 9 Ley 19.886);Realizar reposición consultorio de salud rural Bahía Mansa, San Juan de la Costa.;LR;CLP;5065959000.0;FNDR;1;;14-03-2024;;04-06-2024;02-07-2024;;21-03-2024;Compras Convenio GORE Region de Los Lagos;61.607.600-0;JUAN FELIPE ROJEL HUENTRO;PROFESIONAL DE APOYO;Graciela Sánchez;;Gobierno Regional de Los Lagos;480;2;0
1057532-47-LE24;CONVENIO DE SERVICIOS DE MANTENCIÓN SSO 2024;Adjudicada;Mantener óptimo y continuo funcionamiento de la infraestructura de los dispositivos dependientes de la Dirección del Servicio de Salud Osorno, asegurando la continuidad de las labores administrativas y las prestaciones de salud que entregan los dispositivos de forma segura.;LE;CLP;20000000.0;Servicio de Salud Osorno;1;;;20-05-2024;11-06-2024;03-07-2024;;20-05-2024;Bienes y Servicios;61.607.600-0;JUAN FELIPE ROJEL HUENTRO;PROFESIONAL DE APOYO;Hugo Duran;;Erwin Camino Borquez;161;2;0
1057532-55-L124;TARJETA DE ALIMENTACION PACIENTES;Adjudicada;Se solicitan 2 tarjetas para compra de alimentos perecibles y no perecibles, en directo beneficio de 10 personas en tratamiento de la Comunidad Residencial, eventualmente, también de los familiares de estos. Las tarjetas quedarán a nombre de 2 funcionarias del establecimiento terapéutico, quienes realizarán las compras junto a usuarios.;L1;CLP;3456278.0;;1;;;03-06-2024;10-06-2024;10-07-2024;;;Bienes y Servicios;61.607.600-0;PAULINA NICOLE LONCOPAN CARRILLO;PROFESIONAL APOYO;;;;0;0;0
1057532-53-L124;Insumos y productos para Base SAMU;Adjudicada;Contar con insumos clínicos que permitan entregar atención a usuarios de la provincia de Osorno;L1;CLP;6100000.0;;1;;;06-06-2024;17-06-2024;10-07-2024;;;Bienes y Servicios;61.607.600-0;Rubén Uribe;Administrativo;;;;0;0;0
1077241-5-LE24;ADQUISICIÓN DE EQUIPO ANALIZADOR AUTOMÁTICO PARA LA DETERMINACIÓN CUANTITATIVA Y CUALITATIVA DE SANGRE OCULTA EN HECES;Adjudicada;Habilitar en el laboratorio del HBSJO la tecnología adecuada para poder procesar los test de hemorragias ocultas en deposiciones con método test inmunológico cuantitativo con técnica de inmunoturbidimetría por aglutinación de látex. Esto permitirá optimizar los tiempos y flujos de atención, evitando traslados de las muestras hacia Laboratorio ubicado en Santiago, lo que tiene un costo económico asociado ya que hay que adquirir a ese laboratorio los kits y por otro lado realizar pago por acceso a plataforma donde quedan registrados los usuarios, la cual ha tenido problemas de mantención, lo que no permite gestionar de forma adecuada la información de nuestros usuarios para el seguimiento adecuado.;LE;CLP;39000000.0;GORE;1;;22-04-2024;29-05-2024;10-06-2024;10-07-2024;;29-05-2024;Administración de Fondos;61.607.600-0;Ariela Acevedo;PROFESIONAL APOYO;Mario Aburto;;Rodrigo Martinez;529;2;0
1057922-9-LE24;ADQUISICIÓN EQUIPAMIENTO MÉDICO PARA PROGRAMA PLAN NACIONAL DEL CÁNCER;Adjudicada;Se requiere la reposición de equipos y equipamiento para recintos de Quimioterapia, CAE gastroenterología, CAE Ginecología y CAE Oncología del Hospital Base de Osorno, contemplados bajo el Plan Nacional de Cáncer.;LE;CLP;0.0;;0;;24-05-2024;;03-06-2024;11-07-2024;;24-05-2024;Activos Fijos;61.607.600-0;Ariela Acevedo;PROFESIONAL APOYO;Miguel Navarro Salgado;;Rodrigo Martínez Alvarado;0;1;0
1057532-50-LE24;PROGRAMA DE COACHING PARA JEFATURAS INTERMEDIAS;Adjudicada;PROGRAMA DE COACHING PARA JEFATURAS INTERMEDIAS;LE;CLP;0.0;;0;;10-05-2024;22-05-2024;03-06-2024;17-07-2024;;22-05-2024;Bienes y Servicios;61.607.600-0;Lesly Andrea Díaz Aburto;Administrativo;GUSTAVO ARAVENA ORTEGA;;RODRIGO MARTINEZ;5;4;0
1057532-57-L124;ADQUISICION DE INSUMOS DE ASEO POR 12 MESES AÑO 2024-2025, DESTINADOS A LA LIMPIEZA E HIGIENE DEL SERVICIO DE SALUD OSORNO Y SUS DISPOSITIVOS;Revocada;Se requiere adquirir insumos de aseo para el stock de bodega general, la entrega debe realizarse de FORMA PARCIALIZADA por 12 meses, desde Junio 2024 hasta Mayo 2025. Los productos ofertados en el Formulario N°3 deben venir con fotografía, ficha técnica del insumo y su respectiva Resolución Sanitaria ( Si aplica). Se debe ofertar la totalidad de los productos, de lo contrario la oferta se declarara INADMISIBLE.;L1;CLP;6500000.0;;1;;;05-06-2024;12-06-2024;;;;Bienes y Servicios;61.607.600-0;Alicia Vidal Paredes;Comprador Administrativo;;;;0;0;0
1057922-10-LE24;REPOSICIÓN MONITOR DESFIBRILADOR DE TRANSPORTE PARA BASE SAMU OSORNO;Desierta (o art. 3 ó 9 Ley 19.886);Se requiere la reposición de un Monitor Desfibrilador de Transporte para Ambulancia Avanzada de Base SAMU Osorno, debido a que el equipo a renovar se encuentra con vida útil cumplida y fuera de servicio.;LE;CLP;30650000.0;;1;;24-05-2024;11-06-2024;21-06-2024;24-07-2024;;11-06-2024;Activos Fijos;61.607.600-0;Ariela Acevedo;PROFESIONAL APOYO;Miguel Navarro Salgado;;Rodrigo Martínez Alvarado;0;1;0
1057532-44-L124;Convenio de Servicio de Cafetería para capacitaciones y actividades de difusión Programa TBC;Adjudicada;Proporcionar alimentación en reuniones y jornadas asociadas a la Promoción y Capacitación en equipos de salud y comunidad, según especificaciones técnicas.;L1;CLP;3354000.0;;1;;;27-06-2024;04-07-2024;26-07-2024;;;Bienes y Servicios;61.607.600-0;JACQUELINE  OYARZUN ALVAREZ;Comprador administrativo;;;;0;0;0
1057976-28-LR23;Reposición Cesfam con Sar Rahue Alto 3er llamado;Adjudicada;De acuerdo a Formulario de solicitud de compra N°4, N°Interno 17/17.08.23 Reposición CESFAM con Sar Rahue Alto, Tercer llamado. Para ello se requiere de obras civiles, especialidades, tales como instalaciones sanitarias, eléctricas, alcantarillado e instalación y prueba de equipos, entre otros.;LR;CLP;10609490000.0;Sectorial;1;;19-10-2023;;12-01-2024;26-07-2024;;23-10-2023;Obras Civiles;61.607.600-0;JUAN FELIPE ROJEL HUENTRO;PROFESIONAL DE APOYO;Mauro Alcaino;;Erwin Camino Borquez;1250;2;0
1077241-11-LP24;“Convenio de suministro de Ayudas Técnicas para Transferencia refuerzo de atención Domiciliaria a Personas en situación de Dependencia Severa”.;Adjudicada;La presente licitación tiene por objeto proveer de Ayudas Técnicas a usuarios (as) en situación de dependencia severa en todas las comunas de la provincia de Osorno entre los meses de mayo a noviembre año 2024. Esto en relación a Proyecto extrapresupuestarios, en el contexto de Resolución Exenta N° G.R 5992 de fecha 28-12-2023, que aprueba el convenio de transferencia de recursos, celebrado entre el Gobierno Regional de Los Lagos y el Servicio de Salud Osorno, mediante el cual transfiere recursos para iniciativa “Transferencia refuerzo de atención Domiciliaria a Personas en situación de Dependencia Severa”.;LP;CLP;0.0;Extrapresupuestario;0;De acuerdo a la Res. Exenta N 8876_14.06.2024;29-05-2024;17-06-2024;27-06-2024;29-07-2024;;17-06-2024;Administración de Fondos;61.607.600-0;JACQUELINE  OYARZUN ALVAREZ;Comprador administrativo;D. Viviana Martinez;;Rodrigo Martinez Alvarado;6;4;0
1057532-62-L124;ACTIVIDAD DE CAPACITACION: “HERRAMIENTAS PRACTICAS FRENTE A DEVELACION DE SUICIDALIDAD EN ATENCION PRIMARIA DE SALUD”;Revocada;Adquirir curso de capacitación para la Atención Primaria de Salud en la temática de Suicidalidad, con el objetivo de contextualizar sobre el concepto y su relevancia, definir criterios de gravedad y flujos de acción en caso de presentarse una persona con suicidalidad, para 60 profesionales  pertenecientes a la Atención Primaria de Salud de la Provincia de Osorno.;L1;CLP;2500000.0;;1;;;25-06-2024;02-07-2024;;;;Bienes y Servicios;61.607.600-0;Lesly Andrea Díaz Aburto;Administrativo;;;;0;0;0
1057727-2-L124;BIENESTAR-PRODUCCIÓN EVENTO SERVICIO DE SALUD;Adjudicada;Se requiere productora de eventos para la realización de actividades deportivas y recreativas aniversario DSSO, y deberá presentar 2 recintos para realizar las actividades.;L1;CLP;6000000.0;;1;;;19-07-2024;24-07-2024;02-08-2024;;;Bienestar;61.607.600-0;Lesly Andrea Díaz Aburto;Administrativo;;;;0;0;0
1057532-63-L124;MANTENCION DE CAMILLAS DE TRANSPORTE DE BASE SAMU OSORNO;Adjudicada;Se requiere ejecutar mantención preventiva y correctiva para las camillas de ambulancias de la Bases SAMU Osorno. Se espera asegurar la disponibilidad de quipos en ambulancias de emergencia básica y avanzada, que prestan servicios a la provincia de Osorno . Mes programado para ejecución de trabajos Octubre 2024.;L1;CLP;3700000.0;;1;;;24-06-2024;03-07-2024;02-08-2024;;;Bienes y Servicios;61.607.600-0;PAULINA NICOLE LONCOPAN CARRILLO;PROFESIONAL APOYO;;;;0;0;0
1057532-61-L124;CURSO DE INTRODUCCIÓN AL TRASTORNO DEL ESPECTRO AUTISTA:PESQUISA, DIAGNOSTICO Y ABORDAJE MULTIDISCIPLINARIO EN EL CICLO VITAL PARA FUNCIONARIOS Y FUNCIONARIAS DE LA RED TEMÁTICA DE SALUD MENTAL;Adjudicada;EJECUTAR CAPACITACIÓN Y/O PERFECCIONAMIENTO: CURSO DE INTRODUCCIÓN AL TRASTORNO DEL ESPECTRO AUTISTA:PESQUISA, DIAGNOSTICO Y ABORDAJE MULTIDISCIPLINARIO EN EL CICLO VITAL PARA FUNCIONARIOS Y FUNCIONARIAS DE LA RED TEMÁTICA DE SALUD MENTAL (50 CUPOS APROX.).;L1;CLP;4000000.0;;1;;;24-06-2024;01-07-2024;02-08-2024;;;Bienes y Servicios;61.607.600-0;Lesly Andrea Díaz Aburto;Administrativo;;;;0;0;0
1077241-15-L124;Servicio de movilización para traslado de equipo profesionales de Ruta Médica para Personas en Situación de Calle;Adjudicada;Contratar el servicio de movilización de 01 Minibús o VAN durante 82 días para trasladar a 04 profesionales de ruta médica en el área urbana de Osorno, se recorrerán diariamente un 70 km aprox. También será necesario llevar usuarios a centros asistenciales.  El servicio se prestará lunes, miércoles y viernes, de 18:00 a 22:30 horas, con 3 servicios semanales.;L1;CLP;5800000.0;;1;;;19-07-2024;26-07-2024;02-08-2024;;;Administración de Fondos;61.607.600-0;JUAN FELIPE ROJEL HUENTRO;PROFESIONAL DE APOYO;;;;0;0;0
1057532-74-L124;"Arriendo de Salón con servicio de cafetería y almuerzo para Capacitación ""Réplica estrategia ToT mhGAP 2024";Desierta (o art. 3 ó 9 Ley 19.886);"Disponer de Salón con Servicio de Cafetería y Almuerzo para la ejecución de la Capacitación ""Réplica estrategia ToT mhGAP 2024 los días 9, 10 y 11 - 23, 24 y 25 de octubre 2024. Enfocada para 28 funcionarios y funcionarios de Atención Primaria de Salud.";L1;CLP;5000000.0;;1;;;31-07-2024;05-08-2024;;;;Bienes y Servicios;61.607.600-0;Alicia Vidal Paredes;Comprador Administrativo;;;;0;0;0
1057532-64-LP24;CONVENIO DE SUMINISTRO DE AYUDAS TÉCNICAS GES Y PILOTO NO GES PARA PROVEER A LA RED ASISTENCIAL DEL S.S.O. DURANTE SEMESTRE AÑO 2024;Adjudicada;La presente licitación contempla proveer de ayudas técnicas (AATT) a la red asistencial en el contexto de las Garantías Explícitas en Salud en su Problema de Salud 36 y del Piloto NO GES de AATT de 64 años y menos.  Dicha adquisición permitirá que los establecimientos de salud de nuestra red asistencial puedan cumplir con la garantía GES, entregando AATT a los usuarios(as) de la provincia de Osorno según sus necesidades.;LP;CLP;0.0;Programas Ayudas Tecnicas 2024;0;Según Resolución adjunta Nro.9906_26.06.22024;17-06-2024;27-06-2024;09-07-2024;08-08-2024;;28-06-2024;Bienes y Servicios;61.607.600-0;JACQUELINE  OYARZUN ALVAREZ;Comprador administrativo;Camila Alvarez Velasquez;;Rodrigo Martinez Alvarado;6;4;0
1057532-66-L124;Adquisición de Insumos para la evaluación de pie diabético en personas bajo control en PSCV, y para la curación de lesiones/úlceras en domicilio;Adjudicada;Mejorar la calidad de la evaluación de pie diabético en APS (sensibilidad táctil, vibratoria), con el propósito de disminuir el riesgo de lesiones/úlceras y amputación.;L1;CLP;4000000.0;;1;0;;26-06-2024;03-07-2024;08-08-2024;;;Bienes y Servicios;61.607.600-0;JACQUELINE  OYARZUN ALVAREZ;Comprador administrativo;;;;0;0;0
1077241-3-LQ24;ADQUISICIÓN DE ECÓGRAFOS Y TRANSDUCTORES EN EL MARCO DEL PROGRAMA DE PROMOCIÓN PREVENCIÓN Y DIAGNÓSTICO PRECOZ EN CÁNCERES MÁS PREVALENTES EN LAS MUJERES DE LA PROVINCIA DE OSORNO;Adjudicada;Mejorar el acceso a prueba para diagnóstico precoz de cáncer de mama.;LQ;CLP;191000000.0;;1;;12-04-2024;27-05-2024;17-06-2024;08-08-2024;;27-05-2024;Administración de Fondos;61.607.600-0;Ariela Acevedo;PROFESIONAL APOYO;Lorena Torres Castillo;;Rodrigo Martínez Alvarado;0;1;0
1057922-8-LE24;ADQUISICIÓN EQUIPOS PARA UHCIP DEL HOSPITAL BASE SAN JOSÉ DE OSORNO;Adjudicada;Adquisición de equipos y equipamiento para habilitación de Unidad de Hospitalización de Cuidados Intensivos en Psiquiatría (UHCIP) del Hospital Base San José de Osorno.;LE;CLP;0.0;Sectorial;0;;22-05-2024;12-06-2024;24-06-2024;;;12-06-2024;Activos Fijos;61.607.600-0;Ariela Acevedo;PROFESIONAL APOYO;Miguel Navarro Salgado;;Rodrigo Martínez Alvarado;0;1;0
1057532-75-LE24;SERVICIO DOCENCIA CURSOS ACLS PALS Y PRN SSO;Revocada;SERVICIO DOCENCIA CURSOS ACLS, PALS Y PRN PARA EL SERVICIO DE SALUD OSORNO;LE;CLP;0.0;;0;;;12-08-2024;22-08-2024;;;12-08-2024;Bienes y Servicios;61.607.600-0;Lesly Andrea Díaz Aburto;Administrativo;NADIA BUSTOS M.;;RODRIGO MARTINEZ;0;1;0
1057922-7-LQ24;ADQUISICIÓN RX OSTEOPULMONAR PARA MEJORAMIENTO HOSPITAL DE PUERTO OCTAY MCA;Adjudicada;Adquisición de Equipos y Equipamiento para habilitación de Mejoramiento de Hospital Puerto Octay (Módulo Construcción Acelerada);LQ;CLP;199298000.0;Sectorial;1;;22-05-2024;;27-06-2024;14-08-2024;26-08-2024;04-06-2024;Activos Fijos;61.607.600-0;Ariela Acevedo;PROFESIONAL APOYO;Lorena Torres Castillo;;Rodrigo Martínez Alvarado;0;1;0
1180747-4-LE24;CONSULTORIA ADECUACION DISEÑO POSTA TIPO - REPOSICIÓN PSR HUILMA RIO NEGRO;Adjudicada;"El presente Estudio tiene como objetivo realizar la adecuación del diseño de proyecto de ingeniería, especialidades e informes favorables de revisores independientes de arquitectura y calculo estructural, del proyecto “ADECUACIONES AL DISEÑO POSTA TIPO REPOSICIÓN PSR HUILMA, COMUNA DE RIO NEGRO"", con base en proyecto tipo de arquitectura y especialidades elaborado por el Servicio de Salud Chiloé, que será entregado como anexo a la presente contratación";LE;CLP;0.0;Gobierno Regional de Los Lagos;0;Según Resolución Exenta Nro.9521 de fecha 24.06.2024.;29-05-2024;;17-07-2024;14-08-2024;;24-06-2024;Compras Convenio GORE Region de Los Lagos;61.607.600-0;Cecilia Garay Lemuy;;Gonzalo Arroyo;;Gobierno Regional;310;2;0
1057532-68-LE24;Servicio de Movilización vacunación por 2 meses;Desierta (o art. 3 ó 9 Ley 19.886);El objetivo de la presente licitación es contratar el servicio de movilización de 03 vehículos durante un periodo de 02 meses, con el propósito de realizar el rescate de población no vacunada en sus domicilios en las comunas de la provincia de Osorno, abarcando tanto las zonas rurales como urbanas. Y el traslado de vacunas desde el depósito de vacunas de SEREMI a algún centro de salud que lo requiera, para abastecimiento de vacunas en caso de necesitar 1 a 2 veces por semana.;LE;CLP;20000000.0;;1;;;15-07-2024;25-07-2024;14-08-2024;23-09-2024;15-07-2024;Bienes y Servicios;61.607.600-0;JUAN FELIPE ROJEL HUENTRO;PROFESIONAL DE APOYO;Carolina lagos;;Erwin Camino Borquez;60;2;0
1057532-30-LE24;ESTUDIOS PREVIOS REPOSICION H. R. NEGRO;Adjudicada;Se requiere contratar los Estudios Previos para la Reposición de Hospital de Rio negro, los cuales consisten Mecánica de Suelos, Exploración Geotécnica y Topografía.;LE;CLP;0.0;Servicio de Salud Osorno;0;;01-04-2024;;07-05-2024;14-08-2024;;22-04-2024;Bienes y Servicios;61.607.600-0;Cecilia Garay Lemuy;;Gonzalo Arroyo;;Rodrigo Martinez;0;1;0
1057922-11-LQ24;ADQUISICIÓN EQUIPOS Y EQUIPAMIENTO PARA MEJORAMIENTO HOSPITAL DE PUERTO OCTAY MCA;Revocada;Adquisición de Equipos y Equipamiento para habilitación de Mejoramiento de Hospital Puerto Octay (Módulo Construcción Acelerada);LQ;CLP;188578000.0;Sectorial;1;;14-06-2024;;25-07-2024;;;03-07-2024;Activos Fijos;61.607.600-0;Ariela Acevedo;PROFESIONAL APOYO;Miguel Navarro;;Erwin Camino Borquez;490;2;0
1077241-13-LP24;“Adquisición de Insumos e Instrumental para el desarrollo de atenciones completas de al menos 400 pacientes para resolución de Ortodoncia de la Red Asistencial del S.S.O”.;Revocada;La presente licitación adquisición de insumo e instrumental para el desarrollo de atenciones completas de, al menos, 400 pacientes para resolución de Ortodoncia de la Red Asistencial, tiene como objetivo, otorgar atenciones de Ortodoncia en, al menos, 400 niños, niñas y adolescentes de la provincia de Osorno pertenecientes a la Red del S.S.O.;LP;CLP;0.0;Gore;0;;19-06-2024;11-07-2024;22-07-2024;;;11-07-2024;Administración de Fondos;61.607.600-0;JACQUELINE  OYARZUN ALVAREZ;Comprador administrativo;Lorena Torres;;Rodrigo Martínez Alvarado;0;4;0
1057532-15-LE24;Convenio Sistema de Control Satelital GPS SSO;Desierta (o art. 3 ó 9 Ley 19.886);La presente Licitación tiene como objetivo contar con un Sistema de Control Satelital (GPS) para su flota de 37 vehículos motorizados (ambulancias, minibuses, camionetas, entre otros), dotación de la Dirección de Servicio de Salud Osorno y establecimientos de la Red del Servicio de Salud Osorno (Hospitales y Base Samu), por 36 Meses.;LE;CLF;0.0;Servicio de Salud Osorno;0;Según resolución adjunta 5728 del 08 de abril del 2024.;20-02-2024;;26-04-2024;23-08-2024;;08-04-2024;Bienes y Servicios;61.607.600-0;Ivan Vargas Ojeda;Comprador Administrativo;Felipe Salvo Barriga;;Rodrigo Martinez Alvarado;36;4;0
1057532-58-LE24;CONVENIO DE ARRIENDO DE AMBULANCIAS SAMU SSO;Adjudicada;CONVENIO DE ARRIENDO DE AMBULANCIAS SAMU SERVICIO SALUD OSORNO, POR UN PERIODO DE 12 MESES;LE;CLP;0.0;;0;;;24-06-2024;04-07-2024;27-08-2024;;24-06-2024;Bienes y Servicios;61.607.600-0;Lesly Andrea Díaz Aburto;Administrativo;RAÚL NUÑEZ;;RODRIGO MARTINEZ;12;4;0
1057532-67-LE24;10 CUPOS SALA CUNA SERVICIO SALUD OSORNO;Adjudicada;CONTRATACION DE 10 NUEVOS CUPOS PARA EL SERVICIO DE ADMINISTRACIÓN DEL BENEFICIO DE SALA CUNA PARA HIJOSAS FUNCIONARIAS DEPENDIENTES DEL SERVICIO DE SALUD OSORNO, AGOSTO A DICIEMBRE 2024;LE;CLP;0.0;;0;;;03-07-2024;15-07-2024;27-08-2024;;03-07-2024;Bienes y Servicios;61.607.600-0;Lesly Andrea Díaz Aburto;Administrativo;CLAUDIA MUÑOZ;;RODRIGO MARTINEZ;5;1;0
1057922-6-R124;ADQUISICIÓN EQUIPAMIENTO PARA UHCIP DEL HOSPITAL BASE SAN JOSÉ DE OSORNO;Adjudicada;Adquisición de equipos y equipamiento para habilitación de Unidad de Hospitalización de Cuidados Intensivos en Psiquiatría (UHCIP) del Hospital Base San José de Osorno.;LE;CLP;0.0;;0;;17-05-2024;23-05-2024;30-05-2024;28-08-2024;;23-05-2024;Activos Fijos;61.607.600-0;Ariela Acevedo;PROFESIONAL APOYO;;;;0;1;0
1057532-43-LE24;Prestaciones de Rehabilitación Integral TEA;Desierta (o art. 3 ó 9 Ley 19.886);El objetivo central de la intervención es, abordar de manera multidisciplinaria, los desafíos sociales, comunicativo y, conductuales específicas del niño/a y adolescente en el espectro autista, a través de estrategias de rehabilitación integral, que apunten a la mejora y desarrollo de las habilidades para alcanzar un nivel funcional acorde a las características de cada niños/a y adolescente para su desempeño en distintos contextos cotidianos, así como también para favorecer su calidad de vida y la de su familia.;LE;CLP;0.0;DFL 36 Servicio de Salud Osorno;0;;23-04-2024;25-07-2024;05-08-2024;29-08-2024;16-10-2024;25-07-2024;Bienes y Servicios;61.607.600-0;Rubén Uribe;Administrativo;Lorena Torres Castillo;;Erwin Camino B.;5;4;0
1057532-72-L124;“ADQUISICION DE INSUMOS DE ASEO PARA 5 MESES AÑO 2024, DESTINADOS A LA LIMPIEZA E HIGIENE DEL SERVICIO DE SALUD OSORNO Y SUS DISPOSITIVOS”;Revocada;Se requiere adquirir insumos de aseo para el stock de bodega general, la entrega debe realizarse parcializadamente durante 5 meses, para el año 2024. estos insumos no se encuentran en el catalogo de convenio marco. todos los productos ofertados deben venir con fortografia, ficha tecnica del insumo o su respectiva Resolucion Sanitaria si aplica.;L1;CLP;3000000.0;;1;;;29-07-2024;05-08-2024;;;;Bienes y Servicios;61.607.600-0;Alicia Vidal Paredes;Comprador Administrativo;;;;0;0;0
1057532-87-L124;"Arriendo de Salón con servicio de cafetería y almuerzo para Capacitación ""Réplica estrategia ToT mhGAP 2024";Desierta (o art. 3 ó 9 Ley 19.886);"Disponer de Salón con Servicio de Cafetería y Almuerzo para la ejecución de la Capacitación ""Réplica estrategia ToT mhGAP 2024 los días 9, 10 y 11 - 23, 24 y 25 de octubre 2024. Enfocada para 28 funcionarios y funcionarios de Atención Primaria de Salud.";L1;CLP;5000000.0;;1;0;;26-08-2024;02-09-2024;;;;Bienes y Servicios;61.607.600-0;Alicia Vidal Paredes;Comprador Administrativo;;;;0;0;0
1057532-71-LE24;ADQUISICIÓN DE BRAZALETES Y EQUIPOS VALIDADOS PARA LA MEDICIÓN DE PRESIÓN ARTERIAL EN NIÑOS NIÑAS ADOLESCENTES Y PERSONAS ADULTAS RED DE APS;Desierta (o art. 3 ó 9 Ley 19.886);Implementar la medición de PA en niños, niñas y adolescentes que se controlan en la Red de APS, con un brazalete adecuado a la talla, el peso y la edad de cada persona.;LE;CLP;0.0;P.A.G. E. D. componente Cardiovascular;0;De acuerdo al numeral 1.1 de las bases;19-07-2024;01-08-2024;12-08-2024;02-09-2024;;01-08-2024;Bienes y Servicios;61.607.600-0;Ariela Acevedo;PROFESIONAL APOYO;Consuelo Cordova Lopez;;Rodrigo Martinez Alvarado;0;1;0
1057976-1-L124;Obras Complementarias Contrato  CECOSF las Cascadas;Desierta (o art. 3 ó 9 Ley 19.886);"Realizar los trabajos inconclusos del Contrato ""Construcción CECOSF Las Cascadas"".";L1;CLP;1200000.0;;1;0;;26-07-2024;02-08-2024;02-09-2024;;;Obras Civiles;61.607.600-0;Rubén Uribe;Administrativo;;;;0;0;0
1057532-77-L124;Adquisición de insumos de laboratorio para diagnostico de tuberculosis;Adjudicada;Mejorar el costo efectividad y respuesta para el diagnóstico de tuberculosis con el fin de indicar las quimioprofilaxis necesarias. Quantiferon es un examen para el estudio de tuberculosis latente en individuos con mayor riesgo de enfermar, dichos individuos son: contactos intradomiciliarios de un paciente con tuberculosis pulmonar activa, pacientes recién diagnosticados con VIH y reclusos condenados más de 30 días.;L1;CLP;3500000.0;;1;;;05-08-2024;12-08-2024;03-09-2024;;;Bienes y Servicios;61.607.600-0;JACQUELINE  OYARZUN ALVAREZ;Comprador administrativo;;;;0;0;0
1057532-73-L124;Arriendo de Salón con Servicio de Cafetería y almuerzo para Capacitación en Detección, Intervención y Referencia Asistida por Consumo de Alcohol;Adjudicada;Disponer de Salón con Servicio de Cafetería y Almuerzo para la ejecución de la Capacitación en Detección, Intervención y Referencia Asistida por Consumo de Alcohol y otras Drogas (DIR), los días 9, 10 y 11 de septiembre de 2024. La capacitación está enfocada para 28 funcionarios de atención primaria.;L1;CLP;2500000.0;;1;;;31-07-2024;05-08-2024;04-09-2024;;;Bienes y Servicios;61.607.600-0;Alicia Vidal Paredes;Comprador Administrativo;;;;0;0;0
1057532-51-LE24;Mantención Prev Red Húmeda y Extintores por 31 mes;Adjudicada;Se requiere contratar la Mantención Preventiva para Red Húmeda y Extintores para el Servicio de Salud y Establecimientos dependientes por un periodo de 31 meses;LE;CLP;0.0;;0;Según resolución exenta N°113922024, adjunta.;15-05-2024;02-08-2024;12-08-2024;05-09-2024;;02-08-2024;Bienes y Servicios;61.607.600-0;Cecilia Garay Lemuy;;Lorena Torres Castillo;;Erwin Camino B.;31;4;0
1057532-56-LE24;Convenio por Servicios Endoscopias Digestivas Alta;Adjudicada;Se requiere contratar los Servicios de Endoscopias Digestivas Altas para los Establecimientos Hospitalarios de la Red Hospital Pto. Octay, Pu Mulen de Quilacahuin y Futa Sruka Lawenche de San Juan de la Costa, de acuerdo a las Bases Administrativas, Técnicas y Formularios, según FSC N3 Interno 75;LE;CLP;12000000.0;Servicio de Salud Osorno;1;;;30-07-2024;09-08-2024;05-09-2024;;30-07-2024;Bienes y Servicios;61.607.600-0;Cecilia Garay Lemuy;;Gonzalo Arroyo;;Rodrigo Martinez;0;1;0
1077241-14-LP24;“Convenio de suministro de Ayudas Técnicas para Transferencia refuerzo de atención Domiciliaria a Personas en situación de Dependencia Severa ”.;Adjudicada;La presente licitación tiene por objeto proveer de Ayudas Técnicas a usuarios (as) en situación de dependencia severa en todas las comunas de la provincia de Osorno, con despacho a la comuna de Osorno, Río Negro, Puerto Octay, San Juan de la Costa, Puyehue, San Pablo y Purranque, entre los meses de mayo a noviembre año 2024. Esto en relación a Proyecto extrapresupuestarios, en el contexto de Resolución Exenta N° G.R 5992 de fecha 28-12-2023, que aprueba el convenio de transferencia de recursos, celebrado entre el Gobierno Regional de Los Lagos y el Servicio de Salud Osorno, mediante el cual transfiere recursos para iniciativa “Transferencia refuerzo de atención Domiciliaria a Personas en situación de Dependencia Severa”.;LP;CLP;0.0;Extrapresupuestario;0;Exenta N°1135030.07.24;28-06-2024;31-07-2024;12-08-2024;05-09-2024;;31-07-2024;Administración de Fondos;61.607.600-0;JACQUELINE  OYARZUN ALVAREZ;Comprador administrativo;Viviana Martinez Torres;;Rodrigo Martinez Alvarado;6;4;0
1057922-15-LE24;ADQ.EQUIPOS Y EQUIPAMIENTO PABELLÓN HBSJO;Adjudicada;Adquisición de equipos y equipamiento para habilitación de Unidad de Hospitalización de Cuidados Intensivos en Psiquiatría (UHCIP) del Hospital Base San José de Osorno.;LE;CLP;55000000.0;;1;;22-07-2024;31-07-2024;12-08-2024;09-09-2024;;31-07-2024;Activos Fijos;61.607.600-0;Ariela Acevedo;PROFESIONAL APOYO;Miguel Navarro;;Erwin Camino Borquez;0;1;0
1057532-65-LE24;“ADQUISICION DE CINTAS REACTIVAS MAS LANCETAS Y EQUIPOS EN COMODATO PARA AUTOCONTROL EN APS”;Adjudicada;La presente licitación tiene por objeto entregar cintas para autocontrol de glicemia en APS según orientación técnica programa Ministerial Diabetes, en los establecimientos de Atención Primaria de la Red Asistencial S.S.O.”;LE;CLP;0.0;Programas Ministeriales;0;Según Resolución Exenta Nro. 1158212.08.2024.;18-06-2024;13-08-2024;23-08-2024;09-09-2024;;13-08-2024;Bienes y Servicios;61.607.600-0;JACQUELINE  OYARZUN ALVAREZ;Comprador administrativo;Eleuterio Román;;Rodrigo Martinez Alvarado;0;1;0
1057532-80-L124;ACTIVIDAD DE CAPACITACION: HERRAMIENTAS PRACTICAS FRENTE A DEVELACION DE SUICIDALIDAD EN ATENCION PRIMARIA DE SALUD;Adjudicada;Adquirir curso de capacitación para la Atención Primaria de Salud en la temática de Suicidalidad, con el objetivo de contextualizar sobre el concepto y su relevancia, definir criterios de gravedad y flujos de acción en caso de presentarse una persona con suicidalidad, para 60 profesionales pertenecientes a la Atención Primaria de Salud de la Provincia de Osorno.;L1;CLP;2500000.0;;1;;;12-08-2024;20-08-2024;10-09-2024;;;Bienes y Servicios;61.607.600-0;Lesly Andrea Díaz Aburto;Administrativo;;;;0;0;0
1057922-12-LE24;REPOSICIÓN DE EQUIPAMIENTO MÉDICO PARA PROGRAMA PLAN NACIONAL DEL CÁNCER;Adjudicada;Se requiere la reposición de equipos y equipamiento para recintos de Quimioterapia, CAE gastroenterología, CAE Ginecología y CAE Oncología del Hospital Base de Osorno, contemplados bajo el Plan Nacional de Cáncer.;LE;CLP;0.0;;0;;17-07-2024;05-08-2024;16-08-2024;10-09-2024;;05-08-2024;Activos Fijos;61.607.600-0;Ariela Acevedo;PROFESIONAL APOYO;Miguel Navarro Salgado;;Rodrigo Martínez Alvarado;0;1;0
1057727-3-L124;Centro de Eventos con Servicio de Producción de Eventos;Adjudicada;El Servicio ha elaborado las presentes Bases Administrativas y Técnicas que contienen todos los requerimientos para materializar para la contratación de servicios de “Centro de Eventos con servicio de Producción de eventos para Gala folclórica del Hospital Base San José de Osorno”, con capacidad para 500 personas para el desarrollo del servicio licitado, a realizarse el día 13 de septiembre del 2024 .;L1;CLP;6500000.0;;1;;;20-08-2024;28-08-2024;10-09-2024;;;Bienestar;61.607.600-0;Jonathan Salvo Currin;Profesional;;;;0;0;0
1057727-4-L124;Centro de Eventos con Servicio de Producción para realizar Gala Folclorica Servicio de Salud Osorno;Adjudicada;El Servicio ha elaborado las presentes Bases Administrativas y Técnicas que contienen todos los requerimientos para materializar para la contratación de servicios de “Centro de Eventos con servicio de Producción para la realización de  Gala folclórica del Servicio de Salud Osorno”, con capacidad para 200 personas, actividad a desarrollarse el 12 de septiembre del 2024 , según FSC N°2 Interno N°333_22.08.2024;L1;CLP;4500000.0;;1;;;29-08-2024;05-09-2024;11-09-2024;;;Bienestar;61.607.600-0;Cecilia Garay Lemuy;;;;;0;0;0
1057532-69-LE24;CONVENIO DE ARRIENDO DE 8 CATRES CLINICOS;Adjudicada;Maximizar la oferta de camas en nuestra red, acorde al aumento de los requerimientos de los usuarios que se  generan por campaña de invierno. Permitiendo así disponer de la dotación total de camas de la red y entregar el nivel de cuidados adecuado, mediante un uso eficiente de los recursos durante el proceso de hospitalización.;LE;CLP;0.0;Servicio de Salud Osorno;0;;05-07-2024;30-07-2024;09-08-2024;11-09-2024;;30-07-2024;Bienes y Servicios;61.607.600-0;PAULINA NICOLE LONCOPAN CARRILLO;PROFESIONAL APOYO;Gonzalo Arroyo;;Rodrigo Martinez;0;1;0
1057922-13-LE24;ADQUISICIÓN MONITOR DESFIBRILADOR DE TRANSPORTE PARA AMBULANCIA BASE SAMU OSORNO;Adjudicada;Se requiere la reposición de un Monitor Desfibrilador de Transporte para Ambulancia Avanzada de Base SAMU Osorno, debido a que el equipo a renovar se encuentra con vida útil cumplida y fuera de servicio.;LE;CLP;30650000.0;Fondos Propios;1;;17-07-2024;12-08-2024;22-08-2024;12-09-2024;;12-08-2024;Activos Fijos;61.607.600-0;Ariela Acevedo;PROFESIONAL APOYO;Miguel Navarro Salgado;;Rodrigo Martinez;0;1;0
1057532-76-LE24;Mantenciones Preventivas Correctivas yo Reparativa;Desierta (o art. 3 ó 9 Ley 19.886);El Servicio ha elaborado las presentes Bases Administrativas y Técnicas que contienen todos los requerimientos para materializar la Licitación ID 1057532-76-LE24, para “CONVENIO DE SERVICIOS DE MANTENCIÓN PREVENTIVA, CORRECTIVA Y/O REPARATIVA PARA LAS CONVERSIONES EN AMBULANCIAS Y VEHÍCULOS CON EQUIPOS ESPECIALES DE LA RED DEL SERVICIO DE SALUD OSORNO AÑO 2024”, lo anterior con el propósito de mantener en buen estado mecánico, seguridad y confortabilidad los vehículos motorizados que son de dotación del Servicio de Salud Osorno.;LE;CLP;0.0;Servicio Salud Osorno;0;;;09-09-2024;23-09-2024;;;09-09-2024;Bienes y Servicios;61.607.600-0;Rubén Uribe;Administrativo;Felipe Salvo B.;;Erwin Camino B.;3;4;0
1057922-16-LE24;ADQUISICIÓN EQUIPOS Y EQUIPAMIENTO PARA UHCIP DEL HOSPITAL BASE SAN JOSÉ DE OSORNO;Adjudicada;Adquisición de equipos y equipamiento para habilitación de Unidad de Hospitalización de Cuidados Intensivos en Psiquiatría (UHCIP) del Hospital Base San José de Osorno.;LE;CLP;0.0;;0;;05-08-2024;12-08-2024;22-08-2024;24-09-2024;;12-08-2024;Activos Fijos;61.607.600-0;Ariela Acevedo;PROFESIONAL APOYO;Miguel Navarro Salgado;;Rodrigo Martínez Alvarado;0;1;0
1057532-96-L124;Servicio de Aplicación Termica Clinica Mamografo Movil;Desierta (o art. 3 ó 9 Ley 19.886);Servicio de impermeabilización de Clínica Mamógrafo Móvil;L1;CLP;2261952.0;;1;;;16-09-2024;24-09-2024;;;;Bienes y Servicios;61.607.600-0;Ivan Vargas Ojeda;Comprador Administrativo;;;;0;0;0
1057922-3-L124;Adquisición de Sistema de Cámaras de Vigilancia para Conservación del Hospital de Rio Negro;Adjudicada;Implementar un sistema de cámaras de vigilancia, de tal forma de mantener la seguridad tanto en el interior del establecimiento como en su perímetro, pudiéndose controlar intrusiones no autorizadas en horarios establecidos.;L1;CLP;4249711.0;;1;;;21-08-2024;28-08-2024;26-09-2024;;;Activos Fijos;61.607.600-0;Ivan Vargas Ojeda;Comprador Administrativo;;;;0;0;0
1057532-78-LE24;Convenio de Suministro de Oxigenoterapia;Adjudicada;CONVENIO DE SUMINISTRO DE OXIGENOTERAPIA PARA PACIENTES INGRESADOS A CUIDADOS PALIATIVOS UNIVERSALES, SERVICIO DE SALUD OSORNO, POR 12 MESES;LE;CLP;0.0;Servicio de salud osorno;0;Resolución 12369 del 20 de agosto del 2024.;;21-08-2024;02-09-2024;27-09-2024;;21-08-2024;Bienes y Servicios;61.607.600-0;PAULINA NICOLE LONCOPAN CARRILLO;PROFESIONAL APOYO;Maria Teresa Jaramillo;;Rodrigo Martínez Alvarado;12;4;0
1057532-84-LE24;SERVICIO DOCENCIA CURSOS ACLS PALS Y PRN SSO;Adjudicada;SERVICIO DOCENCIA CURSOS ACLS PALS Y PRN PARA EL SERVICIO DE SALUD OSORNO;LE;CLP;0.0;;0;;14-08-2024;;26-08-2024;27-09-2024;;14-08-2024;Bienes y Servicios;61.607.600-0;Lesly Andrea Díaz Aburto;Administrativo;NADIA BUSTOS M.;;RODRIGO MARTINEZ;0;1;0
1057532-83-L124;Insumos para genotipificación de virus papiloma humano por autotoma VPH;Revocada;Adquisición de insumos para genotipificación de virus papiloma humano por autotoma VPH - Cargo Programa Ministerial VPH ORD. C71 N°308;L1;CLP;4800000.0;;1;;;30-08-2024;05-09-2024;;;;Bienes y Servicios;61.607.600-0;PAULINA NICOLE LONCOPAN CARRILLO;PROFESIONAL APOYO;;;;0;0;0
1057922-14-LE24;ADQ. EQUIPOS Y EQUIPAMIENTO PARA CESFAM JAUREGUI;Adjudicada;Adquisición de Mobiliario no clínico y equipo y equipamiento dental para Conservación CESFAM Jauregui;LE;CLP;0.0;;0;;18-07-2024;19-08-2024;29-08-2024;01-10-2024;;19-08-2024;Activos Fijos;61.607.600-0;Ariela Acevedo;PROFESIONAL APOYO;Miguel Navarro Salgado;;Rodrigo Martínez Alvarado;0;1;0
1057727-6-L124;Accion/Ceremonia Aniversario Hospital Purranque;Adjudicada;Se requiere la compra Servicio de Producción de eventos para actividades recreativas en Aniversario del Hospital Purranque.;L1;CLP;3000000.0;;1;;;13-09-2024;23-09-2024;01-10-2024;;;Bienestar;61.607.600-0;ALEJANDRA NICOLE ALMONACID LEVINIERE;PROFESIONAL HPU;;;;0;0;0
1057532-89-L124;Carnet de Control Integral;Revocada;Se requiere la confección de Carnet de Control Integral, para dotar a los establecimientos de APS de la Red Asistencial del Servicio de Salud Osorno.;L1;CLP;4000000.0;;1;;;09-09-2024;16-09-2024;;;;Bienes y Servicios;61.607.600-0;Rubén Uribe;Administrativo;;;;0;0;0
1057532-95-L124;"Arriendo de Salón con servicio de cafetería y almuerzo para Capacitación ""Réplica estrategia ToT mhGAP 2024";Adjudicada;"Disponer de Salón con Servicio de Cafetería y Almuerzo para la ejecución de la Capacitación ""Réplica estrategia ToT mhGAP 2024 los días 9, 10 y 11 - 23, 24 y 25 de octubre 2024. Enfocada para 28 funcionarios y funcionarios de Atención Primaria de Salud. Debe Ofertar la totalidad del requerimiento.";L1;CLP;5000000.0;;1;;;24-09-2024;30-09-2024;03-10-2024;;;Bienes y Servicios;61.607.600-0;Alicia Vidal Paredes;Comprador Administrativo;;;;0;0;0
1057727-8-L124;Contratación Centro de Eventos con Servicio de Producción de Eventos para HRN 2024;Desierta (o art. 3 ó 9 Ley 19.886);Centro de Eventos con Servicio de Producción de Eventos para Aniversario Hospital de Río Negro 2024 -Completar anexos N°1, 2, 3, 4, 5 y 6 adjuntos y documentos;L1;CLP;3000000.0;;1;;;24-09-2024;30-09-2024;03-10-2024;;;Bienestar;61.607.600-0;RODRIGO ALEJANDRO LABRIN ESCALONA;PROFESIONAL HRN;;;;0;0;0
1057727-5-LE24;Producción de eventos para aniversario Nr 50 HBSJO;Adjudicada;El Servicio ha elaborado las presentes Bases Administrativas y Técnicas que contienen todos los requerimientos para materializar la contratación del “Servicio de Producción de eventos para actividades deportivas y recreativas en Aniversario N°50 del Hospital Base San José de Osorno”, a realizarse los días lunes 30 de septiembre, miércoles 02 y jueves 03 de octubre de 2024, en el horario de 17:00 a 20:30 hrs de la tarde.;LE;CLP;0.0;;0;;10-09-2024;25-09-2024;30-09-2024;03-10-2024;;25-09-2024;Bienestar;61.607.600-0;Jonathan Salvo Currin;Profesional;Gonzalo Arroyo Curutchet;;Rodrigo Martínez Alvarado;0;1;0
1057922-18-LE24;ADQUISICIÓN EQUIPOS DE LAVANDERÍA PARA HABILITACIÓN DEL MEJORAMIENTO HOSPITAL DE PUERTO OCTAY MCA;Adjudicada;Adquisición de Equipos y Equipamiento para habilitación de Mejoramiento de Hospital Puerto Octay (Módulo Construcción Acelerada);LE;CLP;0.0;;0;;20-08-2024;21-08-2024;04-09-2024;08-10-2024;;21-08-2024;Activos Fijos;61.607.600-0;Ariela Acevedo;PROFESIONAL APOYO;Miguel Navarro Salgado;;Rodrigo Martínez Alvarado;0;1;0
1057532-86-LE24;CONVENIO SUMINISTRO PETROLEO DIESEL PARA CALDERAS DE DISPOSITIVOS DEPENDIENTES DEL SERVICIO DE SALUD OSORNO DE ENERO A DICIEMBRE 2025;Adjudicada;La presente tiene por objeto la contratación del Suministro de petróleo diésel para calderas de establecimientos dependientes del Servicio De Salud Osorno, por el periodo de enero a diciembre 2025.;LE;CLP;38500000.0;Presupuestó del Servicio de Salud Osorno.;1;Según bases adjuntas;21-08-2024;02-09-2024;12-09-2024;09-10-2024;;02-09-2024;Bienes y Servicios;61.607.600-0;JACQUELINE  OYARZUN ALVAREZ;Comprador administrativo;Pablo Oyarzo Diaz;;Rodrigo Martinez Alvarado;12;4;0
1180747-6-LE24;ADQUISICIÓN UNIDADES DENTALES PARA HABILITACIÓN DE PSR CHAN CHAN Y PSR COSTA RÍO BLANCO;Desierta (o art. 3 ó 9 Ley 19.886);Adquisición de Instrumental Quirúrgico y Equipos Dentales para habilitación de PSR Chan Chan y PSR Costa Río Blanco;LE;CLP;0.0;;0;;21-08-2024;02-09-2024;16-09-2024;09-10-2024;;02-09-2024;Compras Convenio GORE Region de Los Lagos;61.607.600-0;Ariela Acevedo;PROFESIONAL APOYO;Miguel Navarro Salgado;;Rodrigo Martínez Alvarado;0;1;0
1057922-17-LQ24;ADQUISICIÓN EQUIPOS DE ESTERILIZACIÓN PARA HABILITACIÓN DEL MEJORAMIENTO HOSPITAL DE PUERTO OCTAY MCA;Adjudicada;Adquisición de Equipos y Equipamiento para habilitación de Mejoramiento de Hospital Puerto Octay (Módulo Construcción Acelerada);LQ;CLP;0.0;;0;;19-08-2024;21-08-2024;10-09-2024;10-10-2024;;21-08-2024;Activos Fijos;61.607.600-0;Ariela Acevedo;PROFESIONAL APOYO;Miguel Navarro Salgado;;Rodrigo Martínez Alvarado;0;1;0
1057532-79-LE24;Servicio de Movilización vacunación por 2 meses nuevo llamado;Adjudicada;El objetivo de la presente licitación es contratar el servicio de movilización de 03 vehículos durante un periodo de 02 meses, con el propósito de realizar actividades de vacunación en domicilios, Establecimientos Educacionales, Postas de Salud Rural, entre otros, en las comunas de la provincia de Osorno, abarcando tanto las zonas rurales como urbanas. Incluye, además, el traslado de vacunas desde el depósito de vacunas de SEREMI a algún centro de salud que lo requiera, para abastecimiento de vacunas en caso de necesitar (1 a 2 veces por semana).  El servicio a contratar debe incluir móvil, conductor, combustible, mantenimiento de vehículos, peajes y estacionamientos. El conductor deberá disponer de teléfono celular para mantener comunicación constante con el equipo de salud. La prestación del servicio será de 44 horas semanales, distribuidas de lunes a sábado, en el horario de 08:00 a 20:00 horas;LE;CLP;0.0;Programas;0;;07-08-2024;20-08-2024;30-08-2024;16-10-2024;;20-08-2024;Bienes y Servicios;61.607.600-0;JUAN FELIPE ROJEL HUENTRO;PROFESIONAL DE APOYO;Carolina Lagos;;Erwin Camino Borquez;60;2;0
1057922-22-LE24;ADQUISICIÓN EQUIPOS PARA SALA DE ESTIMULACIÓN FÍSICA DEL EDIFICIO DE DISPOSITIVOS SALUD MENTAL DEL SERVICIO DE SALUD OSORNO;Adjudicada;Adquisición de Mobiliario no clínico y Equipos y equipamiento clínico para conservación de Edificio Dispositivos Salud Mental Servicio de Salud Osorno.;LE;CLP;0.0;;0;;11-09-2024;16-09-2024;26-09-2024;16-10-2024;;16-09-2024;Activos Fijos;61.607.600-0;Ariela Acevedo;PROFESIONAL APOYO;Miguel Navarro Salgado;;Rodrigo Martínez Alvarado;0;1;0
1057976-2-LR24;HABILITACION PABELLON GINECO-OBSTETRICO HBSJO;Adjudicada;Se requiere habilitar 1 pabellón quirúrgico gineco-obstétrico y readecuar instalaciones y obras menores de conservación del Servicio de Maternidad del hospital Base San José de Osorno.;LR;CLP;540860000.0;Sectorial;1;;;12-08-2024;12-09-2024;17-10-2024;27-01-2025;12-08-2024;Obras Civiles;61.607.600-0;JUAN FELIPE ROJEL HUENTRO;PROFESIONAL DE APOYO;Viviana Sanchez;;Erwin Camino Borquez;480;2;0
1057922-20-LE24;ADQUISICIÓN EQUIPOS NO CLÍNICOS PARA CONSERVACIÓN DE INFRAESTRUCTURA DEL HOSPITAL DE RÍO NEGRO;Adjudicada;Adquisición de equipos y equipamiento clínico para conservación de Hospital de Río Negro.;LE;CLP;12540000.0;;1;;10-09-2024;16-09-2024;30-09-2024;18-10-2024;;16-09-2024;Activos Fijos;61.607.600-0;Ariela Acevedo;PROFESIONAL APOYO;MIGUEL NAVARRO;;Rodrigo Martínez Alvarado;0;1;0
1057922-19-LE24;ADQUISICIÓN EQUIPAMIENTO PARA MEJORAMIENTO HOSPITAL DE PUERTO OCTAY MCA;Adjudicada;Adquisición de Equipos y Equipamiento para habilitación de Mejoramiento de Hospital Puerto Octay (Módulo Construcción Acelerada);LE;CLP;0.0;;0;;20-08-2024;26-08-2024;09-09-2024;21-10-2024;;26-08-2024;Activos Fijos;61.607.600-0;Ariela Acevedo;PROFESIONAL APOYO;Miguel Navarro Salgado;;Rodrigo Martínez Alvarado;0;1;0
1057532-90-LE24;Servicio intervenciones quirúrjicas oftalmologicas;Adjudicada;Se requiere generar un convenio  que permita contratar los servicios de 35 Intervenciones quirúrgicas de Oftalmología de párpado y Cirugía de Dacriorinocistostomía para pacientes beneficiarios de Lista espera quirúrgica oftalmológica No Ges del Hospital Base San José Osorno, de acuerdo a las condiciones establecidas en las presentes bases.;LE;CLP;32500000.0;Gobierno Regional de Los Lagos FNDR;1;;28-08-2024;;03-10-2024;21-10-2024;22-11-2024;16-09-2024;Bienes y Servicios;61.607.600-0;Rubén Uribe;Administrativo;Marco González;;Erwin Camino Borquez;44;2;0
1057532-99-L124;SERVICIO DE CAPACITACIÓN EN USO DE EQUIPOS IMAGENOLOGIA DE URGENCIAS PARA TECNICOS PARAMEDICOS DE LOS HOSPITALES DEPENDENENTES DEL SERVICIO DE SALUD OSORNO;Revocada;SERVICIO DE CAPACITACIÓN EN USO DE EQUIPOS IMAGENOLOGIA DE URGENCIAS PARA TECNICOS PARAMEDICOS DE LOS HOSPITALES DEPENDENENTES DEL SERVICIO DE SALUD OSORNO;L1;CLP;2000000.0;;1;;;14-10-2024;21-10-2024;;;;Bienes y Servicios;61.607.600-0;Lesly Andrea Díaz Aburto;Administrativo;;;;0;0;0
1057922-23-LE24;ADQUISICIÓN EQUIPAMIENTO PARA PABELLÓN DEL HOSPITAL BASE SAN JOSÉ DE OSORNO;Adjudicada;ADQUISICIÓN DE EQUIPO Y EQUIPAMIENTO CONSIDERADO EN PROYECTO DE CONSERVACIÓN PABELLÓN CENTRAL HBSJO;LE;CLP;0.0;SECTORIAL;0;;16-09-2024;26-09-2024;03-10-2024;23-10-2024;;26-09-2024;Activos Fijos;61.607.600-0;Ariela Acevedo;PROFESIONAL APOYO;MIGUEL NAVARRO SALGADO;;RODRIGO MARTINEZ;0;1;0
1057532-91-LE24;Modelos simuladores entrenamiento Colonoscopia;Adjudicada;Adquisición Modelos de Simuladores Entrenamiento Procedimiento de Colonoscopia, FSC 3 Int. N°160 Depto Articulación de la Red Asistencial, objetivo Implementar centro de Entrenamiento de Procedimientos de Colonoscopia en el Hospital Base San Jose Osorno, como referencia para la Macrored extremo Sur, en contexto del Programa  de Prevención Cancer Colorrectal;LE;CLP;0.0;Gobierno Regional de Los Lagos;0;;;11-09-2024;27-09-2024;23-10-2024;;11-09-2024;Bienes y Servicios;61.607.600-0;Cecilia Garay Lemuy;;Gonzalo Arroyo;;Rodrigo Martinez;0;1;0
1057532-98-L124;Adquisición de fármaco Risperidona 37.5mg, polvo para suspensión inyectable, continuidad de tratamiento farmacológico usuarios Cosam Rahue;Adjudicada;Se requiere la compra de 35 unidades de Risperidona 37.5mg, polvo para suspensión inyectable para el mes de octubre, dado que el medicamento no se ha encontrado disponible en CENABAST los meses de agosto y septiembre por quiebre de stock del proveedor (cumplimiento incierto en octubre).;L1;CLP;2500000.0;;1;;;07-10-2024;14-10-2024;25-10-2024;;;Bienes y Servicios;61.607.600-0;JACQUELINE  OYARZUN ALVAREZ;Comprador administrativo;;;;0;0;0
1057532-103-L124;Carnet de Control Integral Nuevo Llamado;Adjudicada;Se requiere la confección de Carnet de Control Integral, para dotar a los establecimientos de APS de la Red Asistencial del Servicio de Salud Osorno.;L1;CLP;4000000.0;;1;;;;14-10-2024;29-10-2024;;07-10-2024;Bienes y Servicios;61.607.600-0;Rubén Uribe;Administrativo;;;;0;0;0
1057532-88-LE24;CONVENIO DE INFORMES ELECTROCARDIOGRAFIA;Adjudicada;El Oferente deberá proveer a los dispositivos de la Red de Urgencia de la Provincia de Osorno mencionados a continuación, de un total de 12 equipos electrocardiógrafos portátiles (1 dispositivo en cada punto de conexión):  ✔	SAPU Rahue Alto (comuna de Osorno).  ✔	SAPU CESFAM Pedro Jáuregui (comuna de Osorno).  ✔	SAPU CESFAM M. Lopetegui (comuna de Osorno).  ✔	Urgencia Hospital de Río Negro (comuna de Río Negro).  ✔	Urgencia Hospital de Purranque (comuna de Purranque).  ✔	Urgencia Hospital de Puerto Octay (comuna de Puerto Octay).  ✔	Urgencia Hospital Pu Mulen de Quilacahuín (Comuna de San Pablo).  ✔	Urgencia Hospital Futa Sruka Lawenche Kunko Mapu Mo (comuna de San Juan de La Costa).  ✔	SUR Cesfam San Pablo (comuna de San Pablo).  ✔	SUR Cesfam Entre Lagos (comuna de Puyehue).  ✔	SUR Cesfam Bahía Mansa (comuna San Juan de la Costa).  ✔	SUR Cesfam Puaucho (comuna San Juan de la costa).;LE;CLP;31000000.0;;1;;23-08-2024;;27-09-2024;30-10-2024;10-12-2024;12-09-2024;Bienes y Servicios;61.607.600-0;PAULINA NICOLE LONCOPAN CARRILLO;PROFESIONAL APOYO;Consuelo Cordova;;Erwin Camino B.;12;4;0
1077241-18-LE24;Adquisición de Insumos e Instrumental para el desarrollo de atenciones completas de al menos 400 pacientes para resolución de Ortodoncia de la Red Asistencial del S.S.O.;Adjudicada;La presente licitación de adquisición de insumos e instrumental para el desarrollo de atenciones completas de, al menos, 400 pacientes para resolución de Ortodoncia de la Red Asistencial, tiene como objetivo, otorgar atenciones de Ortodoncia en, al menos, 400 niños, niñas y adolescentes de la provincia de Osorno pertenecientes a la Red del S.S.O.;LE;CLP;0.0;Programa Extrapresupuestario;0;Según Resolución adjunta;06-09-2024;16-09-2024;27-09-2024;04-11-2024;;16-09-2024;Administración de Fondos;61.607.600-0;JACQUELINE  OYARZUN ALVAREZ;Comprador administrativo;Marco Gonzalez;;Rodrigo Martinez Alvarado;0;4;0
1077241-20-LE24;ADQUISICIÓN DE MOTOR PEQUEÑOS Y GRANDES FRAGMENTOS PARA LISTA DE ESPERA DE TRAUMATOLOGÍA DEL HOSPITAL BASE SAN JOSÉ DE OSORNO;Adjudicada;Dar resolución a usuarios(as) que se encuentren en lista de espera de la especialidad de Traumatología, en beneficio de personas que lleven más tiempo de espera, apoyando además la disminución de días y mediana de espera relacionada a compromisos de gestión en el Hospital Base San José de Osorno y Servicio de Salud de Osorno.;LE;CLP;0.0;;0;;16-09-2024;26-09-2024;07-10-2024;04-11-2024;;26-09-2024;Administración de Fondos;61.607.600-0;Ariela Acevedo;PROFESIONAL APOYO;Franco Fuentes Gutiérrez;;Rodrigo Martínez Alvarado;0;1;0
1057532-81-LQ24;CONVENIO MOVILIZACION DE DISPOSITIVOS DSSO;Adjudicada;La presente licitación tiene como objetivo de entregar el servicio de movilización para dispositivos dependientes del Servicio de Salud Osorno, tanto a funcionarios como a usuarios según requerimientos de cada dispositivo:  ●	Centro Diurno de Rehabilitacion Adultos Mayores Kumelen  ●	Unidad de Memoria Ayekan   ●	Cosam Oriente  ●	Cosam Rahue  ●	Comunidad Terapéutica Peulla, Programas Residencia y Ambulatorio.  ●	Unidad de Salud Mental en Domicilio Newen.;LQ;CLP;0.0;Servicio de salud osorno;0;según bases de licitación, resolución 12809 del 28 de agosto del 2024.;;;23-09-2024;04-11-2024;;28-08-2024;Bienes y Servicios;61.607.600-0;PAULINA NICOLE LONCOPAN CARRILLO;PROFESIONAL APOYO;Antonia Caifil Encargados de dispositivos;;Rodrigo Martínez Alvarado;12;4;0
1180747-5-LE24;ADQUISICIÓN INSTRUMENTAL QUIRÚRGICO PARA HABILITACIÓN DE PSR CHAN CHAN Y PSR COSTA RÍO BLANCO;Adjudicada;Adquisición de Instrumental Quirúrgico y Equipos Dentales para habilitación de PSR Chan Chan y PSR Costa Río Blanco;LE;CLP;0.0;;0;;06-08-2024;14-08-2024;26-08-2024;04-11-2024;;14-08-2024;Compras Convenio GORE Region de Los Lagos;61.607.600-0;Ariela Acevedo;PROFESIONAL APOYO;Miguel Navarro Salgado;;Rodrigo Martínez Alvarado;0;1;0
1180747-8-L124;ADQ. DE COMPUTADORES PARA POSTAS DE SALUD RURAL DE CHAN CHAN Y COSTA RIO BLANCO;Desierta (o art. 3 ó 9 Ley 19.886);ADQ. DE COMPUTADORES PARA POSTAS DE SALUD RURAL DE CHAN CHAN Y COSTA RIO BLANCO;L1;CLP;6606000.0;;1;0;;14-10-2024;21-10-2024;04-11-2024;;;Compras Convenio GORE Region de Los Lagos;61.607.600-0;Ivan Vargas Ojeda;Comprador Administrativo;;;;0;0;0
1057532-104-L124;F2-406//Servicios de Cafetería para un total de 04 Jornadas de Capacitación Red Provincial Participación Ciudadana en Salud,;Adjudicada;Adquisicion de Servicios de Cafetería para un total de 04 Jornadas de Capacitación Red Provincial Participación Ciudadana en Salud. El oferente debe aceptar las condiciones solicitadas para la actividad, día, horarios y lugar a distribuir los alimentos,además de entregar el servicio con la mejor disposición, calidad e higiene, ya que el servicio será evaluado en futuras prestaciones de este servicio, además debe adjuntar Resolución Sanitaria y Aceptar condiciones según especificaciones adjuntas.;L1;CLP;2550000.0;;1;;;14-10-2024;21-10-2024;05-11-2024;;;Bienes y Servicios;61.607.600-0;Alicia Vidal Paredes;Comprador Administrativo;;;;0;0;0
1057976-5-L124;Obras Complementarias Contrato CECOSF Las Cascadas, Nuevo llamado;Adjudicada;"Realizar los trabajos inconclusos del Contrato ""Construcción CECOSF Las Cascadas""";L1;CLP;1200000.0;;1;;;13-09-2024;26-09-2024;05-11-2024;;;Obras Civiles;61.607.600-0;Rubén Uribe;Administrativo;;;;0;0;0
1057532-118-L124;Impresión de Políptico Informativo para usuarios Trato Usuario;Revocada;Informar a la comunidad usuaria de la provincia respecto del funcionamiento de las distintas unidades de atención del Hospital Base San José Osorno;L1;CLP;1000000.0;;1;;;23-10-2024;28-10-2024;;;;Bienes y Servicios;61.607.600-0;Rubén Uribe;Administrativo;;;;0;0;0
1057532-94-LE24;Prestaciones de Rehabilitación Integral TEA Nuevo Llamado;Adjudicada;El objetivo central de la intervención es, abordar de manera multidisciplinaria, los desafíos sociales, comunicativo y, conductuales específicas del niño/a y adolescente en el espectro autista, a través de estrategias de rehabilitación integral, que apunten a la mejora y desarrollo de las habilidades para alcanzar un nivel funcional acorde a las características de cada niños/a y adolescente para su desempeño en distintos contextos cotidianos, así como también para favorecer su calidad de vida y la de su familia.;LE;CLP;0.0;DFL 36 Servicio de Salud Osorno;0;;11-09-2024;02-10-2024;14-10-2024;06-11-2024;;02-10-2024;Bienes y Servicios;61.607.600-0;Rubén Uribe;Administrativo;Lorena Torres Castillo;;Erwin Camino B.;3;4;0
1057532-82-LQ24;CONVENIO DE OXIGENO PARA LA RED DE HOSPITALES;Adjudicada;CONVENIO DE SUMINISTRO DE OXIGENO PARA LA RED DE HOSPITALES DE BAJA Y MEDIANA COMPLEJIDAD, ASÍ COMO SAMU DEPENDIENTES DEL SERVICIO DE SALUD OSORNO.  Contratar el suministro de recarga, flete y arriendo de cilindros de oxígeno medicinal en formato de 0,4 m3 – 0,7 m3 – 6m3 – y 10 m3 para establecimientos de baja complejidad, alta complejidad y SAMU, de la Red del Servicio de Salud Osorno, por un periodo de dos años a contar del 01 de enero del año 2025 al 31 de diciembre del 2026.    a	La licitación será de carácter simple, adjudicándose a un solo oferente por cada línea de productosservicios requeridos, las que se dividen en:   CONVENIO  N° LINEA	DETALLE  1	Suministro de Oxígeno para la Red de Hospitales de baja complejidad, mediana complejidad y SAMU dependientes del servicio de Salud Osorno en Cilindros de 0,4 m3 – 0,7 m3 – 6m3 – y 10 m3;LQ;CLP;0.0;Servicio de Salud Osorno;0;;;;27-09-2024;08-11-2024;;03-09-2024;Bienes y Servicios;61.607.600-0;PAULINA NICOLE LONCOPAN CARRILLO;PROFESIONAL APOYO;Mario Aburto;;Erwin Camino Borquez;730;2;0
1057532-106-L124;CAPACITACIÓN-CURSO  PROGRAMA DE REANIMACIÓN NEONATAL (PRN);Desierta (o art. 3 ó 9 Ley 19.886);Servicio docencia de actividades de capacitación para el Programa de Formación Médico Continua 2024. Para la contratación de cursos o actividades de capacitación con el Servicio de Salud Osorno, el o los proveedores deben cumplir las especificaciones técnicas descritas en cada ficha técnica, y serán consideradas requisitos mínimos obligatorios. Aquellos proveedores que no cumplan con dichos requerimientos quedarán excluidos del proceso de evaluación.;L1;CLP;3000000.0;;1;;;24-10-2024;04-11-2024;11-11-2024;;;Bienes y Servicios;61.607.600-0;Lesly Andrea Díaz Aburto;Administrativo;;;;0;0;0
1077241-8-LQ24;CONVENIO SERVICIOS DE ECOGRAFIAS MAMARIAS;Desierta (o art. 3 ó 9 Ley 19.886);CONVENIO EXÁMENES DE ECOTOMOGRAFÍAS MAMARIAS BILATERALES EN LA COMUNA DE OSORNO, PERIODO 2024-2025;LQ;CLP;0.0;GORE;0;;;23-09-2024;21-10-2024;11-11-2024;;23-09-2024;Administración de Fondos;61.607.600-0;JUAN FELIPE ROJEL HUENTRO;PROFESIONAL DE APOYO;FRANCO FUENTES;;RODRIGO MARTINEZ;15;4;0
1057922-21-LP24;ADQUISICIÓN DE EQUIPOS Y EQUIPAMIENTO MÉDICO PARA CONSERVACIÓN CESFAM JAUREGUI;Adjudicada;Adquisición de equipos y equipamiento clínico para Conservación de CESFAM Jauregui;LP;CLP;0.0;;0;;11-09-2024;23-09-2024;03-10-2024;11-11-2024;;23-09-2024;Activos Fijos;61.607.600-0;Ariela Acevedo;PROFESIONAL APOYO;Miguel Navarro Salgado;;Rodrigo Martínez Alvarado;0;1;0
1057532-121-L124;Adquisición de Risperidona 25 mg Polvo para Suspensión Inyectable de Liberación prolongada.;Desierta (o art. 3 ó 9 Ley 19.886);Mantener continuidad del tratamiento de depósito imprescindible para asegurar estabilidad clínica de usurarios del COSAM ORIENTE.;L1;CLP;0.0;;0;;;05-11-2024;12-11-2024;;;;Bienes y Servicios;61.607.600-0;JACQUELINE  OYARZUN ALVAREZ;Comprador administrativo;;;;0;0;0
1057532-102-L124;COMPRA DE TEST PSICOLOGICOS PARA LA UNIDAD DE RECLUTAMIENTO Y SELECCION DEL SSO;Desierta (o art. 3 ó 9 Ley 19.886);F2-345//ADQUIRIR TEST DE PRUEBAS PSICOLOGICAS PARA LA UNIDAD DE RECLUTAMIENTO Y SELECCIÓN. ESTOS TEST SERAN APLICADOS EN LAS ENTREVISTAS-EVALUACION A LOS POSTULANTES DE SELECCIÓN DE ANTECEDENTES Y/O STAFF DE REEMPLAZOS.;L1;CLP;5000000.0;;1;;;21-10-2024;28-10-2024;14-11-2024;;;Bienes y Servicios;61.607.600-0;Alicia Vidal Paredes;Comprador Administrativo;;;;0;0;0
1180747-7-LE24;ADQUISICIÓN EQUIPOS Y EQUIPAMIENTO MÉDICO PARA HABILITACIÓN DE PSR CHAN CHAN Y PSR COSTA RÍO BLANCO;Adjudicada;Adquisición de equipos y equipamiento médico para habilitación de Posta de Salud Rural Chan Chan y Posta de Salud Rural Costa Río Blanco.;LE;CLP;0.0;;0;;10-09-2024;26-09-2024;07-10-2024;18-11-2024;;26-09-2024;Compras Convenio GORE Region de Los Lagos;61.607.600-0;Ariela Acevedo;PROFESIONAL APOYO;Miguel Navarro Salgado;;Rodrigo Martínez Alvarado;0;1;0
1077241-19-LP24;ADQUISICIÓN DE EQUIPOS PARA PROGRAMA PREVENCIÓN CÁNCER PULMONAR;Adjudicada;Contar con equipo para evaluación función pulmonar específica para evaluación, diagnóstico y apoyo de definiciones terapéuticas de usuario/as con limitación funcional respiratoria, asociados a consumo de tabaco, en Policlínico Respiratorio del HBSJO.;LP;CLP;0.0;;0;;13-09-2024;10-10-2024;30-10-2024;20-11-2024;;10-10-2024;Administración de Fondos;61.607.600-0;Ariela Acevedo;PROFESIONAL APOYO;Mario Aburto Foitzich;;Rodrigo Martínez Alvarado;0;1;0
1057976-3-LR24;Construcción Centro Salud Mental Comunitaria Rahue;Adjudicada;LA CONSTRUCCION DEL NUEVO COSAM RAHUE, CORRESPONDIENTE A UNA INFRAESTRUCTURA DE 1448 MT2 APROXIMADAMENTE.;LR;CLP;6298596926.0;SECTORIAL;1;;;;30-09-2024;20-11-2024;;14-08-2024;Obras Civiles;61.607.600-0;Rubén Uribe;Administrativo;Graciela Sánchez A.;;Erwin Camino B.;755;2;0
1057532-123-L124;Adquisición de fármaco Risperidona 37.5mg, polvo para suspensión inyectable, continuidad de tratamiento farmacológico usuarios Cosam Rahue, segundo llamado.;Desierta (o art. 3 ó 9 Ley 19.886);Se requiere la compra de 35 unidades de Risperidona 37.5mg, polvo para suspensión inyectable,  dado que el medicamento no se ha encontrado disponible en CENABAST los meses de agosto y septiembre por quiebre de stock del proveedor (cumplimiento incierto en octubre).;L1;CLP;2500000.0;;1;;;06-11-2024;13-11-2024;21-11-2024;;;Bienes y Servicios;61.607.600-0;JACQUELINE  OYARZUN ALVAREZ;Comprador administrativo;;;;0;0;0
1077241-21-LE24;ADQUISICIÓN DE EQUIPOS PARA RESOLUCIÓN DE LISTAS DE ESPERA DE LA RED DEL SERVICIO DE SALUD OSORNO;Adjudicada;Dar resolución a usuarios(as) que se encuentren en lista de espera de la especialidad de Otorrinolaringología, en beneficio de personas que lleven más tiempo de espera, apoyando además la disminución de días y mediana de espera relacionada a compromisos de gestión en el Hospital Base San José de Osorno y Servicio de Salud de Osorno.;LE;CLP;0.0;;0;;23-09-2024;01-10-2024;15-10-2024;22-11-2024;;01-10-2024;Administración de Fondos;61.607.600-0;Ariela Acevedo;PROFESIONAL APOYO;Franco Fuentes Gutiérrez;;Rodrigo Martínez Alvarado;0;1;0
1057727-10-LE24;SERVICIO ORGANIZACIÓN EVENTO CELEBRACIÓN NAVIDAD 2024;Adjudicada;Se requiere contratar Servicio por Organización de Evento Celebración Navidad Niños, año 2024 - Servicio de Bienestar;LE;CLP;13000000.0;Bienestar;1;;17-10-2024;04-11-2024;14-11-2024;25-11-2024;;04-11-2024;Bienestar;61.607.600-0;Cecilia Garay Lemuy;;Gonzalo Arroyo;;Angy Orozco Coronel;0;1;0
1057532-97-LE24;SERV. ADQ. CICLO DE CAPACITACIONES;Adjudicada;SERVICIO ADQUISICIÓN DE UN CICLO DE CAPACITACIONES EN ESTRATEGIAS DE CUIDADOS INTEGRALES CENTRADOS EN PERSONAS CON MULTIMORBILIDAD;LE;CLP;0.0;;0;;;01-10-2024;14-10-2024;25-11-2024;;01-10-2024;Bienes y Servicios;61.607.600-0;Lesly Andrea Díaz Aburto;Administrativo;Paula Espinoza Ch.;;RODRIGO MARTINEZ;0;1;0
1057727-9-LE24;SERVICIO ALIMENTACIÓN CELEBRACIÓN NAVIDAD 2024 SSO;Adjudicada;Se requiere contratar los Servicios de Alimentación para  Celebración Navidad 2024 del SSO.;LE;CLP;15000000.0;Bienestar;1;;15-10-2024;29-10-2024;08-11-2024;25-11-2024;;29-10-2024;Bienestar;61.607.600-0;Cecilia Garay Lemuy;;Andrea Navarro;;Angy Orozco Coronel;0;1;0
1057922-26-LE24;ADQUISICIÓN MOBILIARIO ADMINISTRATIVO PARA MEJORAMIENTO HOSPITAL DE PUERTO OCTAY MCA;Desierta (o art. 3 ó 9 Ley 19.886);Adquisición de Equipos y Equipamiento para habilitación de Mejoramiento de Hospital Puerto Octay (Módulo Construcción Acelerada);LE;CLP;0.0;;0;;14-10-2024;16-10-2024;28-10-2024;27-11-2024;;16-10-2024;Activos Fijos;61.607.600-0;Ariela Acevedo;PROFESIONAL APOYO;Miguel Navarro Salgado;;Rodrigo Martínez Alvarado;0;1;0
1057532-100-LE24;ADQUISICIÓN CUPO USUARIO SOCIOSANITARIO RESIDENCIA;Desierta (o art. 3 ó 9 Ley 19.886);ADQUISICIÓN CUPO USUARIO SOCIOSANITARIO RESIDENCIA LARGA ESTADÍA EN LA REGIÓN METROPOLITANA PARA EL SERVICIO DE SALUD OSORNO;LE;CLP;0.0;;0;;;25-10-2024;12-11-2024;27-11-2024;;25-10-2024;Bienes y Servicios;61.607.600-0;Lesly Andrea Díaz Aburto;Administrativo;CAROLINA OBANDO;;RODRIGO MARTINEZ;24;4;0
1057532-117-L124;SERVICIO DE CAPACITACIÓN EN USO DE EQUIPOS IMAGENOLOGIA DE URGENCIAS PARA TECNICOS PARAMEDICOS DE LOS HOSPITALES DEPENDENENTES DEL SERVICIO DE SALUD OSORNO;Adjudicada;SERVICIO DE CAPACITACIÓN EN USO DE EQUIPOS IMAGENOLOGIA DE URGENCIAS PARA TECNICOS PARAMEDICOS DE LOS HOSPITALES DEPENDENENTES DEL SERVICIO DE SALUD OSORNO PARA 24 PARTICIPANTES;L1;CLP;2000000.0;;1;;;28-10-2024;06-11-2024;29-11-2024;;;Bienes y Servicios;61.607.600-0;Lesly Andrea Díaz Aburto;Administrativo;;;;0;0;0
1057922-25-L124;ADQUISICION DE SISTEMA DE AUDIO HABILITACION UHCIP DEL HBSJO;Adjudicada;Adquisición de equipos y equipamiento para habilitación de Unidad de Hospitalización de Cuidados Intensivos en Psiquiatría (UHCIP) del Hospital Base San José de Osorno.;L1;CLP;3895000.0;;1;;;24-10-2024;04-11-2024;29-11-2024;;;Activos Fijos;61.607.600-0;Ivan Vargas Ojeda;Comprador Administrativo;;;;0;0;0
1057922-24-L124;Adq. de Pantalla Interactiva / Conservación Edificio Dispositivos Salud Mental SSO;Adjudicada;Se requiere contratar la Adquisición, Instalación, Configuración, Pruebas y Capacitación de uso de una pantalla interactiva para el Proyecto Conservación Edificio Dispositivos Salud Mental , del Servicio de Salud Osorno, comuna de Osorno.;L1;CLP;2700000.0;;1;;;15-10-2024;22-10-2024;29-11-2024;;;Activos Fijos;61.607.600-0;Ivan Vargas Ojeda;Comprador Administrativo;;;;0;0;0
1057532-115-LQ24;ADQ. PRESTACIONES PROGR. REHAB. TIPO II OSORNO;Desierta (o art. 3 ó 9 Ley 19.886);ADQUISICIÓN DE PRESTACIONES PARA PROGRAMA DE REHABILITACIÓN TIPO II PARA EL SERVICIO DE SALUD OSORNO EN LA CIUDAD DE OSORNO;LQ;CLP;0.0;;0;;;13-11-2024;02-12-2024;;;13-11-2024;Bienes y Servicios;61.607.600-0;Lesly Andrea Díaz Aburto;Administrativo;ANTONIA CAIFIL;;RODRIGO MARTINEZ;12;4;0
1057532-105-L124;F2-447//Arriendo de Salon y Cafeteria para Jornada Capacitación abordaje clínico de la salud mental en Población Infanto Adolescente en la APS;Adjudicada;ARRIENDO DE SALÓN y CAFETERÍA para la atención de los participantes y relatores del curso Jornada Capacitación abordaje clínico de la salud mental en Población Infanto Adolescente, dirigido a médicos de la APS. Por un total de 180 raciones a realizarse en la ciudad de Osorno por los días 04 y 05 de Diciembre. 2024.;L1;CLP;2400000.0;;1;;;;20-11-2024;03-12-2024;;13-11-2024;Bienes y Servicios;61.607.600-0;Alicia Vidal Paredes;Comprador Administrativo;;;;0;0;0
1077241-23-LE24;ADQUISICIÓN DE OXÍMETROS PARA PACIENTES PROGRAMA CESACIÓN TABÁQUICA EN CONTEXTO PROGRAMA PREVENCIÓN CÁNCER PULMONAR;Adjudicada;Contar con equipamiento para evaluación de capacidad de tolerancia a ejercicio en movimiento de usuario/as con alteración cardiorrespiratoria en programa Cesación Tabáquica.;LE;CLP;0.0;;0;;10-10-2024;18-10-2024;28-10-2024;04-12-2024;;18-10-2024;Administración de Fondos;61.607.600-0;Ariela Acevedo;PROFESIONAL APOYO;Miguel Navarro Salgado;;Rodrigo Martínez Alvarado;0;1;0
1057532-120-L124;ARRIENDO DE IMPLEMENTOS PARA FERIA DE SALUD 2024// PARTICIPACION CIUDADANA;Adjudicada;SE REQUIERE ARRENDAR IMPLEMENTOS PARA FERIA DE SALUD 2024, CON MONTAJE Y DESMONTAJE , LOS IMPLEMENTOS DEBEN SER MONTADOS EN CALLE RAMIREZ, EN LA PLAZA DE ARMAS DE LA CIUDAD DE OSORNO, EL DIA 20 DE DICIEMBRE 2024 A LAS 8:00 HRS. HASTA LAS 17:00 HRS Y REALIZAR EL DESMONTAJE DE LOS IMPLEMENTOS AL FINALIZAR LA ACTIVIDAD.;L1;CLP;3400000.0;;1;;;05-11-2024;11-11-2024;05-12-2024;;;Bienes y Servicios;61.607.600-0;Alicia Vidal Paredes;Comprador Administrativo;;;;0;0;0
1057532-93-L124;Insumos para genotipificación de virus papiloma humano por autotoma VPH;Adjudicada;Adquisición de insumos para genotipificación de virus papiloma humano por autotoma VPH - Cargo Programa Ministerial VPH ORD. C71 N°308;L1;CLP;4800000.0;;1;0;;08-11-2024;15-11-2024;06-12-2024;;;Bienes y Servicios;61.607.600-0;Ivan Vargas Ojeda;Comprador Administrativo;;;;0;0;0
1057532-110-LE24;Convenio de Servicio de Movilización faltante;Adjudicada;La presente licitación tiene como objetivo de entregar el servicio de movilización para dispositivos dependientes del Servicio de Salud Osorno, tanto a funcionarios como a usuarios según requerimientos de cada dispositivo:  ●	Cosam Oriente  ●	Cosam Rahue  ●	Unidad de Salud Mental en Domicilio Newen.;LE;CLP;0.0;Servicio de salud osorno;0;1.1.1 de las bases de licitación, resolución 15978 del 07 de noviembre del 2024.;16-10-2024;07-11-2024;18-11-2024;06-12-2024;;07-11-2024;Bienes y Servicios;61.607.600-0;PAULINA NICOLE LONCOPAN CARRILLO;PROFESIONAL APOYO;Antonia Caifil;;Rodrigo Martínez Alvarado;12;4;0
1057922-29-LE24;ADQUISICIÓN MUEBLE DISPENSACIÓN DE FÁRMACOS PARA CONSERVACIÓN HOSPITAL DE RÍO NEGRO;Adjudicada;Adquisición de mueble dispensador de fármacos para conservación de Hospital de Río Negro.;LE;CLP;0.0;;0;;06-11-2024;11-11-2024;18-11-2024;06-12-2024;;11-11-2024;Activos Fijos;61.607.600-0;Ariela Acevedo;PROFESIONAL APOYO;Miguel Navarro Salgado;;Rodrigo Martínez Alvarado;0;1;0
1057922-35-L124;ADQUISICION BICICLETA ESTÁTICA HORIZONTAL PARA CONSERVACIÓN EDIFICIO DE SALUD MENTAL DEL SSO;Adjudicada;Adquisición de Bicicleta Estática Horizontal para Conservación Edificio Dispositivos Salud Mental Servicio de Salud de Osorno.;L1;CLP;5180000.0;;1;;;19-11-2024;26-11-2024;09-12-2024;;;Activos Fijos;61.607.600-0;Bastian Miranda Coronado;PROFESIONAL;;;;0;0;0
1057922-34-L124;Adquisición de Visor de Venas para Habilitación de Mejoramiento de Hospital Puerto Octay (Módulo de Construcción Acelerada).;Adjudicada;Adquisición de Equipos y Equipamiento para habilitación de Mejoramiento de Hospital Puerto Octay (Módulo Construcción Acelerada).;L1;CLP;2798000.0;;1;;;18-11-2024;25-11-2024;09-12-2024;;;Activos Fijos;61.607.600-0;Bastian Miranda Coronado;PROFESIONAL;;;;0;0;0
1057922-33-L124;Adquisición Sierra Oscilante para UHCIP del Hospital Base San José de Osorno;Adjudicada;Adquisición de equipos y mobiliario para habilitación de Unidad de Hospitalización de Cuidados Intensivos en Psiquiatría (UHCIP) del Hospital Base San José de Osorno.;L1;CLP;4264586.0;;1;;;18-11-2024;25-11-2024;09-12-2024;;;Activos Fijos;61.607.600-0;Bastian Miranda Coronado;PROFESIONAL;;;;0;0;0
1057922-32-LE24;ADQUISICIÓN MUEBLE KITCHENETTE PARA EDIFICIO DE DISPOSITIVOS SALUD MENTAL DEL SERVICIO DE SALUD OSORNO;Adjudicada;Se requiere la adquisición de equipos y equipamiento para habilitación de los recintos de los dispositivos de salud mental involucrados en el proyecto de conservación del Edificio Matta.;LE;CLP;0.0;;0;;11-11-2024;20-11-2024;27-11-2024;10-12-2024;;20-11-2024;Activos Fijos;61.607.600-0;Ariela Acevedo;PROFESIONAL APOYO;Miguel Navarro Salgado;;Rodrigo Martínez Alvarado;0;1;0
1180747-9-L124;ADQ. DE COMPUTADORES PARA POSTAS DE SALUD RURAL DE CHAN CHAN Y COSTA RIO BLANCO NUEVO LLAMADO;Adjudicada;ADQ. DE COMPUTADORES PARA POSTAS DE SALUD RURAL DE CHAN CHAN Y COSTA RIO BLANCO;L1;CLP;6606000.0;;1;;;05-11-2024;12-11-2024;10-12-2024;;;Compras Convenio GORE Region de Los Lagos;61.607.600-0;Ivan Vargas Ojeda;Comprador Administrativo;;;;0;0;0
1057922-30-LE24;ADQUISICIÓN DE SPLIT MURAL PARA ESTABLECIMIENTOS DEL SERVICIO DE SALUD OSORNO;Desierta (o art. 3 ó 9 Ley 19.886);Adquisición de equipos y equipamiento clínico para conservación de Hospital de Río Negro y adquisición de 04 aires acondicionados con el objetivo de complementar sistema de climatización de casona PRAIS.;LE;CLP;0.0;;0;;11-11-2024;;25-11-2024;10-12-2024;;14-11-2024;Activos Fijos;61.607.600-0;Ariela Acevedo;PROFESIONAL APOYO;Miguel Navarro Salgado;;Rodrigo Martínez Alvarado;0;1;0
1057922-36-L124;Adquisición de Camillas de Transporte para Conservación de Cesfam P. Jauregui;Adjudicada;Adquisición de camillas de transporte para Conservación de CESFAM P. Jauregui;L1;CLP;6600000.0;;1;;;;05-12-2024;10-12-2024;;28-11-2024;Activos Fijos;61.607.600-0;Ivan Vargas Ojeda;Comprador Administrativo;;;;0;0;0
1057922-31-LE24;ADQUISICIÓN DE EQUIPOS Y EQUIPAMIENTO MÉDICO PARA PROYECTOS DE CONSERVACIÓN;Adjudicada;Adquisición de equipos y equipamiento para Conservación de CESFAM Jauregui y Conservación Pabellón Central del HBSJO.;LE;CLP;0.0;;0;;11-11-2024;;27-11-2024;10-12-2024;;18-11-2024;Activos Fijos;61.607.600-0;Ariela Acevedo;PROFESIONAL APOYO;Miguel Navarro Salgado;;Rodrigo Martínez Alvarado;0;1;0
1057532-129-L124;"Servicio de capacitación ""Cuidados Comunitarios en la Universalización""";Desierta (o art. 3 ó 9 Ley 19.886);Entregar Herramientas a los equipos de Salud y Comunidad para trabajo territorial de Cuidados Comunitarios en el marco de la universalización y reforma de salud, de dos días 21 hrs pedagógicas;L1;CLP;3785000.0;;1;;;20-11-2024;27-11-2024;10-12-2024;;;Bienes y Servicios;61.607.600-0;Lesly Andrea Díaz Aburto;Administrativo;;;;0;0;0
1180747-10-LE24;ADQUISICIÓN UNIDADES DENTALES PARA HABILITACIÓN DE PSR CHAN CHAN Y PSR COSTA RÍO BLANCO NUEVO LLAMADO;Desierta (o art. 3 ó 9 Ley 19.886);Adquisición de Instrumental Quirúrgico y Equipos Dentales para habilitación de PSR Chan Chan y PSR Costa Río Blanco.;LE;CLP;0.0;;0;;30-10-2024;13-11-2024;25-11-2024;10-12-2024;;13-11-2024;Compras Convenio GORE Region de Los Lagos;61.607.600-0;Ariela Acevedo;PROFESIONAL APOYO;Miguel Navarro Salgado;;Rodrigo Martínez Alvarado;0;1;0
1057532-112-LP24;MANTENCIÓN SISTEMA DE CAPTACIÓN ACUMULACIÓN TRATAM;Adjudicada;El objetivo de la contratación es realizar la mantención, puesta en marcha y aprobaciones de los sistemas de aguas lluvias y captación de agua del HMSJC.;LP;CLP;0.0;Servicio Salud Osorno;0;;;;20-11-2024;10-12-2024;;28-10-2024;Bienes y Servicios;61.607.600-0;Rubén Uribe;Administrativo;Jaime Vasquez Gebhard.;;Erwin Camino B.;120;2;0
1057532-132-L124;Adquisición de insumos para otorgar cuidados integrales a usuarios/as con dependencia.;Adjudicada;Se requiere Cojín Cuña de Descanso, talonera anti escara en espuma par, codera anti escaras, sabanilla protector, lavapelo inflable, arnés silla de ruedas, contención de mano y pies adultos y cojín de rotación en cama. EETT en archivo adjunto, se corroborá especificación con ficha de producto, no se aceptan ofertan con productos diferentes a los solicitados.;L1;CLP;4950000.0;;1;;;25-11-2024;02-12-2024;10-12-2024;;;Bienes y Servicios;61.607.600-0;PAULINA NICOLE LONCOPAN CARRILLO;PROFESIONAL APOYO;;;;0;0;0
1057922-37-L124;ADQUISICION DE SET DE MINIRACK PARA MEJORAMIENTO HOSPITAL DE PUERTO OCTAY (MCA);Adjudicada;Adquisición de Set de Mini Racks para Mejoramiento Hospital de Puerto Octay (MCA).;L1;CLP;5660000.0;;1;;;02-12-2024;09-12-2024;13-12-2024;;;Activos Fijos;61.607.600-0;Bastian Miranda Coronado;PROFESIONAL;;;;0;0;0
1057922-38-L124;ADQUISICIÓN DE PROYECTORES SERVICIO SALUD DE OSORNO;Adjudicada;Se requiere la adquisición de equipos y equipamiento para habilitación de proyecto de conservación del Edificio Matta;L1;CLP;4000000.0;;1;;;29-11-2024;06-12-2024;13-12-2024;;;Activos Fijos;61.607.600-0;Bastian Miranda Coronado;PROFESIONAL;;;;0;0;0
1057532-138-L124;F2-439//Impresión de folletería y material educativo programas de salud, con cargo al PAGD,;Desierta (o art. 3 ó 9 Ley 19.886);Contar con material educativo para distribuir con equipos de la Red de APS del Servicio de Salud Osorno y para actividades con la comunidad. Impresión de folletería y material educativo programas de salud, con cargo al PAGD, componente cardiovascular (RE N° 1499/09.02.2024). Se entregarán al proveedor los folletos elaborados y visados por Comunicaciones SSO.;L1;CLP;5000000.0;;1;;;09-12-2024;16-12-2024;;;;Bienes y Servicios;61.607.600-0;Alicia Vidal Paredes;Comprador Administrativo;;;;0;0;0
1057532-108-LP24;3 CUPOS RESIDENCIA PROTEGIDA R. METROPOLITANA SSO;Adjudicada;ADQUISICIÓN 3 CUPOS RESIDENCIA PROTEGIDA PARA EL SERVICIO DE SALUD OSORNO EN LA REGIÓN METROPOLITANA.;LP;CLP;0.0;;0;;;07-11-2024;26-11-2024;19-12-2024;;07-11-2024;Bienes y Servicios;61.607.600-0;Lesly Andrea Díaz Aburto;Administrativo;ANTONIA CAIFIL;;RODRIGO MARTINEZ;24;4;0
1057532-107-L124;SALUD MENTAL-CURSO ADVANCED CARDIOVASCULAR LIFE SUPPORT (ACLS);Adjudicada;SERVICIO DOCENCIA: CURSO ACLS, ADVANCED CARDIOVASCULAR LIFE SUPPORT PARA 13 CUPOS PROFESIONALES MÉDICOS Y ENFERMERAS/OS DE COSAM RAHUE Y COSAM ORIENTE.;L1;CLP;2860000.0;;1;;;15-11-2024;22-11-2024;19-12-2024;;;Bienes y Servicios;61.607.600-0;Lesly Andrea Díaz Aburto;Administrativo;;;;0;0;0
1057532-124-L124;FSC 2_Int. N°463,464,465_2024_Adquisición, Cambio e Instalación 12 Neumáticos para 3 Ambulancias Dotación BASE SAMU;Desierta (o art. 3 ó 9 Ley 19.886);Adquisición, Cambio e Instalación Neumáticos 225/75 R16 para 03 Ambulancias Dotación BASE SAMU, se debe incluir desmontaje, Montaje, Cambios válvulas neumáticos, Balanceo y Alineación sistema de Dirección de las Ambulancias a las que se realizará el cambio de Neumáticos., según FSC N°2 Interno N°463, 464, 465 de fecha 12.10.2024;L1;CLP;2400000.0;;1;;;22-11-2024;29-11-2024;19-12-2024;;;Bienes y Servicios;61.607.600-0;Cecilia Garay Lemuy;;;;;0;0;0
1057532-135-L124;Adquisición de medicamentos para tratamiento de pacientes COSAM Rahue, tercer llamado.;Adjudicada;Se requiere medicamentos para tratamiento de pacientes del COSAM Rahue,  que no están llegando por CENABAST y que en el convenio de Suministro de medicamentos del SSO no tuvieron ofertas.;L1;CLP;2500000.0;;1;;;28-11-2024;05-12-2024;19-12-2024;;;Bienes y Servicios;61.607.600-0;JACQUELINE  OYARZUN ALVAREZ;Comprador administrativo;;;;0;0;0
1057922-28-L124;Habilitación de Sistema de Monitoreo y Cámaras de Vigilancia Proyecto Captación de Aguas para HFSLKMM de San Juan de la Costa;Adjudicada;Habilitación de Sistema de Monitoreo y Vigilancia Proyecto Captación de Aguas para HFSLKMM de San Juan de la Costa;L1;CLP;2500000.0;;1;;;14-11-2024;22-11-2024;19-12-2024;;;Activos Fijos;61.607.600-0;Ivan Vargas Ojeda;Comprador Administrativo;;;;0;0;0
1057532-133-L124;PROVISION E INSTALACION DE CORTINAS ROLLER EDIFICIO MATTA SSO;Adjudicada;Provisión e instalación de cortinas roller para la recién terminada obra de conservación del edificio Matta 448 donde trabajarán 3 dispositivos de salud mental del SSO.;L1;CLP;5159937.0;;1;;;22-11-2024;29-11-2024;19-12-2024;;;Bienes y Servicios;61.607.600-0;Bastian Miranda Coronado;PROFESIONAL;;;;0;0;0
1057922-27-LE24;ADQUISICIÓN DE UNIDAD DE FOTOTERAPIA PARA MANOS Y PIES DEL SERVICIO DE SALUD OSORNO;Desierta (o art. 3 ó 9 Ley 19.886);Adquirir equipo de Fototerapia para manos y pies para tratamiento de pacientes con psoriasis y otras patologías dermatológicas de la Red Asistencial del Servicio de Salud.;LE;CLP;0.0;;0;;18-10-2024;04-11-2024;14-11-2024;23-12-2024;;04-11-2024;Activos Fijos;61.607.600-0;Ariela Acevedo;PROFESIONAL APOYO;Omar Contreras Uribe;;Rodrigo Martínez Alvarado;0;1;0
1057532-137-L124;COMPRA DE TEST PSICOLOGICOS PARA LA UNIDAD DE RECLUTAMIENTO Y SELECCION DEL SSO;Desierta (o art. 3 ó 9 Ley 19.886);F2-345//ADQUIRIR TEST DE PRUEBAS PSICOLOGICAS PARA LA UNIDAD DE RECLUTAMIENTO Y SELECCIÓN. ESTOS TEST SERAN APLICADOS EN LAS ENTREVISTAS-EVALUACION A LOS POSTULANTES DE SELECCIÓN DE ANTECEDENTES Y/O STAFF DE REEMPLAZOS.;L1;CLP;5000000.0;;1;;;27-11-2024;02-12-2024;26-12-2024;;;Bienes y Servicios;61.607.600-0;Alicia Vidal Paredes;Comprador Administrativo;;;;0;0;0
1057532-101-LQ24;Convenio Servicios de Mantención Preventiva Correctiva yo Reparativa Vehículos Mercedes Benz de la Dirección del SSO y Hospitales Dependientes;Adjudicada;mantener en buen estado mecánico, seguridad y confortabilidad los vehículos motorizados que son de dotación del Servicio de Salud Osorno, como a su vez mantener la garantía otorgada por la concesionaria del vehículo, según corresponda.;LQ;CLP;0.0;Servicio Salud Osorno;0;;30-09-2024;15-11-2024;04-12-2024;26-12-2024;31-01-2025;15-11-2024;Bienes y Servicios;61.607.600-0;Rubén Uribe;Administrativo;Felipe Salvo B.;;Erwin Camino B.;24;4;0
1057532-127-LQ24;CUPOS BENEFICIO DE SALA CUNA SSO;Adjudicada;CONTRATACION DE CUPOS PARA EL SERVICIO DE ADMINISTRACIÓN DEL BENEFICIO DE SALA CUNA PARA HIJOSAS FUNCIONARIAS DEPENDIENTES DEL SERVICIO DE SALUD OSORNO, AÑO 2025”;LQ;CLP;0.0;;0;;;02-12-2024;23-12-2024;31-12-2024;;02-12-2024;Bienes y Servicios;61.607.600-0;Lesly Andrea Díaz Aburto;Administrativo;CLAUDIA MUÑOZ;;RODRIGO MARTINEZ;12;4;0
1057532-144-LE24;CONVENIO DE MOVILIZACIÓN PARA COSAM RAHUE Y COSAM ORIENTE DEPENDIENTES DEL SERVICIO DE SALUD OSORNO AÑO 2025;Adjudicada;La presente licitación tiene como objetivo de entregar el servicio de movilización para dispositivos dependientes del Servicio de Salud Osorno, tanto a funcionarios como a usuarios según requerimientos de cada dispositivo:  ●	Cosam Oriente  ●	Cosam Rahue;LE;CLP;0.0;Servicio de salud osorno;0;Según resolución adjunta.;10-12-2024;10-12-2024;20-12-2024;03-01-2025;;10-12-2024;Bienes y Servicios;61.607.600-0;PAULINA NICOLE LONCOPAN CARRILLO;PROFESIONAL APOYO;Antonia Caifil;;Rodrigo Martínez Alvarado;12;4;0
1057532-128-LR24;SERVICIO REAS PARA LA RED DEL SSO.;Adjudicada;SERVICIO DE MANEJO, RETIRO, TRANSPORTE Y DISPOSICIÓN FINAL DE RESIDUOS PELIGROSOS Y ESPECIALES, PARA LOS ESTABLECIMIENTOS DE LA RED DEL SERVICIO DE SALUD OSORNO, PARA LOS AÑOS 2025 Y 2026;LR;CLP;0.0;;0;;;08-11-2024;09-12-2024;06-01-2025;;09-11-2024;Bienes y Servicios;61.607.600-0;Lesly Andrea Díaz Aburto;Administrativo;Lorena Torres;;RODRIGO MARTINEZ;24;4;0
1057532-131-LE24;CONVENIO DE ALIMENTOS PERECIBLES PARA CTPEULLA 2025;Revocada;Se requiere adquirir Alimentos perecibles para la Comunidad Terapéutica Peulla. La prestación consiste en la reposición de Alimentos perecibles, para la alimentación diaria de 10 personas en tratamiento intensivo modalidad residencial, donde la socialización, son una instancia donde se comparte los alimentos, son 4 veces al día y además para personas que se encuentran en tratamiento en la Comunidad Ambulatoria.;LE;CLP;12000000.0;Servicio de Salud;1;De acuerdo a bases administrativas numeral 1.1.1;14-11-2024;10-12-2024;20-12-2024;;;10-12-2024;Bienes y Servicios;61.607.600-0;Alicia Vidal Paredes;Comprador Administrativo;Maria Ines Asenjo Soto;;Rodrigo Martínez Alvarado;12;4;0
1057532-114-LQ24;Servicio de Retiro Residuos de Alcantarillado para la DSSO y establecimientos dependientes año 2025 Y 2026;Desierta (o art. 3 ó 9 Ley 19.886);La presente licitación tiene como objetivo contar con un convenio para el retiro de residuos de alcantarillado generados por los establecimientos dependientes del Servicio de Salud Osorno, de esta forma cumplir con la normativa vigente y las especificaciones de diseño y criterios de operación de los sistemas involucrados en cada uno de los establecimientos dependientes;LQ;CLP;141391040.0;;1;;22-10-2024;28-11-2024;18-12-2024;16-01-2025;;28-11-2024;Bienes y Servicios;61.607.600-0;Rubén Uribe;Administrativo;Garibe Gallardo Trujillo;;Erwin Camino B.;24;4;0
1057532-136-LQ24;Mant. Preventivas Correctivas y Reparativaspara las Conversiones en Ambulancia y Vehículos con Equipos Especiales;Adjudicada;El Servicio ha elaborado las presentes Bases Administrativas y Técnicas que contienen todos los requerimientos para materializar la Licitación ID 1057532-136-LQ24, para “CONVENIO DE SERVICIOS DE MANTENCIÓN PREVENTIVA, CORRECTIVA Y/O REPARATIVA PARA LAS CONVERSIONES EN AMBULANCIAS Y VEHÍCULOS CON EQUIPOS ESPECIALES DE LA RED DEL SERVICIO DE SALUD OSORNO AÑO 2025”, lo anterior con el propósito de mantener en buen estado mecánico, seguridad y confortabilidad los vehículos motorizados que son de dotación del Servicio de Salud Osorno.;LQ;CLP;136500000.0;;1;;21-11-2024;03-12-2024;23-12-2024;16-01-2025;;03-12-2024;Bienes y Servicios;61.607.600-0;Rubén Uribe;Administrativo;Felipe Salvo B.;;Erwin Camino B.;12;4;0
1057532-142-LE24;ADQUISICIÓN CUPO USUARIO SOCIOSANITARIO SSO;Adjudicada;ADQUISICIÓN CUPO USUARIO SOCIOSANITARIO RESIDENCIA LARGA ESTADÍA EN LA REGIÓN METROPOLITANA PARA EL SERVICIO DE SALUD OSORNO, 2° LLAMADO;LE;CLP;0.0;;0;;10-12-2024;10-12-2024;20-12-2024;20-01-2025;;10-12-2024;Bienes y Servicios;61.607.600-0;Lesly Andrea Díaz Aburto;Administrativo;NATALIA MUÑOZ C.;;RODRIGO MARTINEZ;22;4;0
1057532-143-LQ24;ADQ. PRESTACIONES PROGR. REHAB. TIPO II OSORNO;Desierta (o art. 3 ó 9 Ley 19.886);ADQUISICIÓN DE PRESTACIONES PARA PROGRAMA DE REHABILITACIÓN TIPO II PARA EL SERVICIO DE SALUD OSORNO EN LA CIUDAD DE OSORNO, 2° LLAMADO;LQ;CLP;0.0;;0;;10-12-2024;10-12-2024;30-12-2024;20-01-2025;;10-12-2024;Bienes y Servicios;61.607.600-0;Lesly Andrea Díaz Aburto;Administrativo;ANTONIA CAIFIL;;RODRIGO MARTINEZ;10;4;0
1057532-139-LE24;“CONVENIO DE SUMINISTRO DE AYUDAS TÉCNICAS GES Y PILOTO NO GES PARA PROVEER A LA RED ASISTENCIAL DEL S.S.O. AÑO 2025”;Desierta (o art. 3 ó 9 Ley 19.886);La presente licitación contempla proveer de ayudas técnicas (AATT) a la red asistencial en el contexto de las Garantías Explícitas en Salud en su Problema de Salud 36 y del Piloto NO GES de AATT de 64 años y menos.  Dicha adquisición permitirá que los establecimientos de salud de nuestra red asistencial puedan cumplir con la garantía GES, entregando AATT a los usuarios(as) de la provincia de Osorno según sus necesidades.;LE;CLP;0.0;Programas Ayudas Tecnicas 2025;0;Según Resolución adjunta N°17391_10.12.24.;03-12-2024;10-12-2024;20-12-2024;23-01-2025;;10-12-2024;Bienes y Servicios;61.607.600-0;JACQUELINE  OYARZUN ALVAREZ;Comprador administrativo;Camila Alvarez Velasquez;;Rodrigo Martinez Alvarado;12;4;0
1077241-24-L124;Adquisición insumos clínicos para la realización de atenciones y procedimientos del Equipo Ruta Médica para Personas en Situación de Calle.;Adjudicada;Se requiere adquirir insumos y materiales clínicos para que el equipo de la Ruta Médica pueda realizar las atenciones y prestaciones, en los puntos donde pernoctan las Personas en Situación de Calle.;L1;CLP;0.0;;0;;;06-12-2024;17-12-2024;24-01-2025;;;Administración de Fondos;61.607.600-0;JACQUELINE  OYARZUN ALVAREZ;Comprador administrativo;;;;0;0;0
1057532-113-LE24;“CONVENIO DE ACCESORIOS PARA VENTILADORES MECANICOS DE TRANSPORTE MONITORES DE SIGNOS VITALES Y DESFIBRILADORES DE BASE SAMU OSORNO PERIODO 2025”;Adjudicada;“CONVENIO DE ACCESORIOS PARA VENTILADORES MECANICOS DE TRANSPORTE MONITORES DE SIGNOS VITALES Y DESFIBRILADORES DE BASE SAMU OSORNO PERIODO 2025”;LE;CLP;29450000.0;Servicio de Salud Osorno;1;;21-10-2024;12-11-2024;22-11-2024;29-01-2025;;12-11-2024;Bienes y Servicios;61.607.600-0;Cecilia Garay Lemuy;;Gonzalo Arroyo;;Rodrigo Martinez;12;4;0
1057532-125-LE24;Servicio de Mantención Planta Tratamiento de Aguas Servidas de Lodos Activos Hosp. Pü Mülen y FSLKMM;Adjudicada;El objetivo de la presente Licitación tiene como finalidad contratar el Servicio de mantenimiento preventivo y correctivo de las Plantas de Tratamiento de Aguas Servidas de Lodos Activos de Hospital Pu Mulen de Quilacahuín y Hospital  Futa Srka Lawenche Kunko Mapu Mo de San Juan de La Costa, que cuentan con una solución independiente para el  tratamiento del alcantarillado.;LE;CLP;46129689.0;Servicio de Salud Osorno;1;;07-11-2024;10-12-2024;27-12-2024;30-01-2025;;10-12-2024;Bienes y Servicios;61.607.600-0;Rubén Uribe;Administrativo;Garibe Gallardo;;Erwin Camino Borquez;24;4;0
1057532-140-LE24;Mantención Cubiertas Edificios Institucionales del SSO;Adjudicada;Contratar obras de mantenimiento de cubierta para mejorar su calidad funcional de los dispositivos del Servicio de Salud de Osorno, ubicados en la ciudad de Osorno. Correspondiente a los dispositivos COSAM Rahue, PRAIS, SAMU, Peulla, Edificio Institucional de calle Manuel Rodríguez.;LE;CLP;21718334.0;;1;;05-12-2024;10-12-2024;06-01-2025;20-02-2025;;10-12-2024;Bienes y Servicios;61.607.600-0;Rubén Uribe;Administrativo;Garibe Gallardo Trujillo;;Erwin Camino B.;24;4;0
1057532-3-LE25;CONVENIO DE MOVILIZACIÓN PARA COSAM RAHUE DEPENDIENTE DEL SERVICIO DE SALUD OSORNO AÑO 2025;Desierta (o art. 3 ó 9 Ley 19.886);La presente licitación tiene como objetivo de entregar el servicio de movilización para Cosam Rahue dependiente del Servicio de Salud Osorno, tanto a funcionarios como a usuarios según requerimiento:  ●	Cosam Rahue    a)	La licitación será de carácter simple, adjudicándose a un solo oferente por cada línea de productos/servicios requeridos, las que se dividen en:   CONVENIO  N° LINEA	DETALLE  1	Servicio de Movilización Cosam Rahue    b)	En las especificaciones técnicas se referirán a lo que solicita técnicamente el dispositivo.  c)	El contrato considerará el servicio de Servicio de movilización para Cosam Rahue con conductor.;LE;CLP;0.0;Servicio de salud osorno;0;Según resolución adjunta.;20-01-2025;11-02-2025;21-02-2025;;;11-02-2025;Bienes y Servicios;61.607.600-0;PAULINA NICOLE LONCOPAN CARRILLO;PROFESIONAL APOYO;Yuvit García-Chacur Gómez;;Rodrigo Martínez Alvarado;10;4;0
1057532-4-LP25;SALA CUNA PARA EL SERVICIO DE SALUD OSORNO;Adjudicada;CONTRATACION DE CUPOS PARA EL SERVICIO DE ADMINISTRACIÓN DEL BENEFICIO DE SALA CUNA N°2 PARA HIJOS(AS) FUNCIONARIAS DEPENDIENTES DEL SERVICIO DE SALUD OSORNO, AÑO 2025”;LP;CLP;0.0;;0;;;12-02-2025;24-02-2025;28-02-2025;;12-02-2025;Bienes y Servicios;61.607.600-0;Lesly Andrea Díaz Aburto;Administrativo;CLAUDIA MUÑOZ;;RODRIGO MARTINEZ;10;4;0
1057532-11-LP25;PROGRAMA DE REHABILITACIÓN TIPO II SSO EN OSORNO;Adjudicada;ADQUISICIÓN DE PRESTACIONES PARA PROGRAMA DE REHABILITACIÓN TIPO II PARA EL SERVICIO DE SALUD OSORNO EN LA CIUDAD DE OSORNO, 3° LLAMADO;LP;CLP;0.0;;0;;;;27-02-2025;04-03-2025;;17-02-2025;Bienes y Servicios;61.607.600-0;Lesly Andrea Díaz Aburto;Administrativo;ANTONIA CAIFIL;;RODRIGO MARTINEZ;10;4;0
1057532-20-L125;Adquisición de medicamentos por faltante de stock en CENABAST para COSAM ORENTE.;Desierta (o art. 3 ó 9 Ley 19.886);Se requiere medicamento para tratamiento pacientes y producto suspendido de canasta CENABAST enero 25-junio 25 Convenio de suministro caducado.;L1;CLP;0.0;;0;;;;11-03-2025;;;28-02-2025;Bienes y Servicios;61.607.600-0;JACQUELINE  OYARZUN ALVAREZ;Comprador administrativo;;;;0;0;0
1057532-111-LE24;SUMINISTRO DE LEÑA COMUNIDAD TERAPEUTICA PEULLA AÑO 2025;Adjudicada;La presente tiene por objeto la contratación, del Suministro de leña para Comunidad Terapéutica Peulla (Residencial y ambulatoria), establecimientos dependientes del Servicio de Salud Osorno.;LE;CLP;0.0;Fondos Propios;0;;17-10-2024;17-02-2025;27-02-2025;12-03-2025;;17-02-2025;Bienes y Servicios;61.607.600-0;Ivan Vargas Ojeda;Comprador Administrativo;Maria Ines Asenjo Soto;;Rodrigo Martinez Alvarado;12;4;0
1057922-1-LE25;ADQUISICION UNIDAD FOTOTERAPIA PARA MANOS Y PIES;Adjudicada;Adquirir equipo de Fototerapia para manos y pies para tratamiento de pacientes con psoriasis y otras patologías  dermatológicas de la Red Asistencial del Servicio de Salud.;LE;CLP;21946976.0;;1;;;18-02-2025;28-02-2025;12-03-2025;;18-02-2025;Activos Fijos;61.607.600-0;Bastian Miranda Coronado;PROFESIONAL;Omar Contreras Uribe;;RODRIGO MARTINEZ;0;1;0
1057532-9-LE25;SUMINISTRO DE AYUDAS TÉCNICAS GES Y PILOTO NO GES;Adjudicada;CONVENIO DE SUMINISTRO DE AYUDAS TÉCNICAS GES Y PILOTO NO GES PARA PROVEER A LA RED ASISTENCIAL DEL S.S.O. AÑO 2025.  La presente licitación contempla proveer de ayudas técnicas AATT a la red asistencial en el contexto de las Garantías Explícitas en Salud en su Problema de Salud 36 y del Piloto NO GES de AATT de 64 años y menos.;LE;CLP;0.0;Programas Ayudas Tecnicas 2025;0;De acuerdo a lo informado al numeral 1.1.1 financiamiento de las bases.;;14-02-2025;24-02-2025;13-03-2025;;14-02-2025;Bienes y Servicios;61.607.600-0;PAULINA NICOLE LONCOPAN CARRILLO;PROFESIONAL APOYO;Camila Alvarez Velasquez;;Rodrigo Martinez Alvarado;11;4;0
1180747-11-CO24;ADQ. UNIDADES DENTALES PARA HABILITACIÓN DE POSTAS;Adjudicada;Adquisición de Unidades Dentales para habilitación de PSR Chan Chan y PSR Costa Río Blanco.;CO;CLP;0.0;;0;;;;13-01-2025;14-03-2025;;03-01-2025;Compras Convenio GORE Region de Los Lagos;61.607.600-0;Ariela Acevedo;PROFESIONAL APOYO;Miguel Navarro Salgado;;Rodrigo Martínez Alvarado;0;1;0
1057532-8-LE25;ARRIENDO DE 02 VEHICULOS AÑO 2025 SSO;Adjudicada;La presente licitación tiene como objetivo la contratación del servicio de arriendo de un vehículo destinado al transporte de los funcionarios del Departamento de Obras y Gestión Financiera de Inversiones del Servicio de Salud Osorno. Este vehículo será utilizado para el desplazamiento de los equipos técnicos encargados de la inspección técnica de las diversas obras en ejecución dentro de la provincia de Osorno y sus alrededores. Además, se requiere la contratación de un segundo vehículo para el transporte de los funcionarios de la Subdirección de Gestión Asistencial, con el fin de facilitar el cumplimiento de la planificación anual de supervisión y acompañamiento en los territorios.;LE;CLP;0.0;Fondos Propios;0;;31-01-2025;12-02-2025;24-02-2025;14-03-2025;;12-02-2025;Bienes y Servicios;61.607.600-0;JUAN FELIPE ROJEL HUENTRO;PROFESIONAL DE APOYO;Carlos Toledo;;Rodrigo Martinez Alvarado;0;1;0
1057532-14-LP25;10 CUPOS R. PRITEGIDA ALTA COMPLEJIDAD OSORNO;Adjudicada;ADQUISICIÓN 10 CUPOS RESIDENCIA PROTEGIDA DE ALTA COMPLEJIDAD PARA EL SERVICIO DE SALUD OSORNO EN LA CIUDAD DE OSORNO;LP;CLP;0.0;;0;;;27-02-2025;10-03-2025;14-03-2025;;27-02-2025;Bienes y Servicios;61.607.600-0;Lesly Andrea Díaz Aburto;Administrativo;ANTONIA CAIFIL;;RODRIGO MARTINEZ;12;4;0
1057532-2-LE25;CONVENIO DE ALIMENTOS PERECIBLES PARA CTPEULLA 2025;Adjudicada;El objetivo de la siguiente Licitación es para adquirir Alimentos perecibles para la Comunidad Terapéutica Peulla. La prestación consiste en la reposición de Alimentos perecibles, para la alimentación diaria de 10 a 12 personas en Tratamiento residencial y para grupos de ambulatorio,;LE;CLP;0.0;Servicio de Salud;0;De acuerdo a bases administrativas numeral 1.1.1;15-01-2025;14-02-2025;24-02-2025;19-03-2025;;14-02-2025;Bienes y Servicios;61.607.600-0;Alicia Vidal Paredes;Comprador Administrativo;Maria Inez Asenjo Soto;;Rodrigo Martínez Alvarado;0;1;0
1057532-16-LP25;8 CUPOS DÍAS HOGAR PROTEGIDO MUJERES SSO EN OSORNO;Adjudicada;ADQUISICIÓN 8 CUPOS DÍA HOGAR PROTEGIDO PARA MUJERES PARA EL SERVICIO DE SALUD OSORNO EN LA PROVINCIA DE OSORNO;LP;CLP;0.0;;0;;;;14-03-2025;21-03-2025;;04-03-2025;Bienes y Servicios;61.607.600-0;Lesly Andrea Díaz Aburto;Administrativo;ANTONIA CAIFIL;;RODRIGO MARTINEZ;12;4;0
1057532-17-L125;Arrendamiento con opción de compra por 36 meses de siete tablets para encargados IAAS del Servicio de Salud Osorno;Adjudicada;Arrendamiento con opción de compra por 36 meses de siete tablets para encargados IAAS del Servicio de Salud Osorno, destinadas a la digitalización del control de infecciones en la Red Hospitalaria.;L1;CLP;5200000.0;;1;;;28-02-2025;05-03-2025;25-03-2025;;;Bienes y Servicios;61.607.600-0;JUAN FELIPE ROJEL HUENTRO;PROFESIONAL DE APOYO;;;;0;0;0
1057532-22-L125;Mudanza para Profesionales Funcionarios, Beneficio de la ley N°15.076// Seccion Gestion y Desarrollo Ley Medica;Adjudicada;Se requiere contratar servicio de mudanza para 5 Profesionales funcionarios por inicio de etapa destinacion y formacion, solicitud de beneficio de acuerdo a lo que señala el art. 29 inciso 1° de la ley N°15.076. Las mudanzas requeridas deben realizarse en tramos y fechas segun especificaciones tecnicas.;L1;CLP;6000000.0;;1;;04-03-2025;;13-03-2025;25-03-2025;;07-03-2025;Bienes y Servicios;61.607.600-0;Alicia Vidal Paredes;Comprador Administrativo;;;;0;0;0
1057922-5-LE25;ADQUISICIÓN DE EQUIPOS Y EQUIPAMIENTO MÉDICO HBSJO;Adjudicada;Adquisición de equipos y equipamiento para habilitación de Pabellón Gineco-obstétrico correspondiente a Mitigación del Hospital Base San José de Osorno.;LE;CLP;30449000.0;SECTORIAL;1;;;18-02-2025;04-03-2025;25-03-2025;;18-02-2025;Activos Fijos;61.607.600-0;Bastian Miranda Coronado;PROFESIONAL;Miguel Navarro Salgado;;RODRIGO MARTINEZ;0;1;0
1057532-116-LP24;“SERVICIO DE ALIMENTACIÓN PARA USUARIOS CDR ADULTO MAYOR KÜMELEN 2025;Desierta (o art. 3 ó 9 Ley 19.886);El Objetivo de la adquisición de este Convenio del Servicio de Alimentación es para cubrir el año 2025 los días de lunes a viernes, el cual debe consistir en un Desayuno de mañana para 20 usuarios y un almuerzo para cada usuario distribuidos en 2 grupos para 20 beneficiarios (cantidad estimada) en diferentes horarios y el día viernes 20 desayunos durante la mañana y 20 almuerzos para cada semana, el cual consiste en la elaboración, entrega y servicio de alimentación para desayunos y almuerzos para adultos mayores con demencia.;LP;CLP;0.0;Servicio de Salud;0;;22-10-2024;13-02-2025;05-03-2025;02-04-2025;;14-02-2025;Bienes y Servicios;61.607.600-0;Alicia Vidal Paredes;Comprador Administrativo;Lorena Torres;;Rodrigo Martínez Alvarado;0;4;0
1057532-18-LE25;CONVENIO DE ACCESORIOS BASE SAMU OSORNO 2025;Adjudicada;Adquisición de accesorios para Monitores, Desfibriladores y Ventiladores de transporte de la Base SAMU Osorno Periodo 2025 12 meses;LE;CLP;20200000.0;SECTORIAL;1;;;17-03-2025;27-03-2025;03-04-2025;;17-03-2025;Bienes y Servicios;61.607.600-0;Bastian Miranda Coronado;PROFESIONAL;KHRIS SILVA VARGAS;;RODRIGO MARTINEZ;12;4;0
1057532-10-LE25;Adquisición de Alimentos no Perecibles CTPeulla;Adjudicada;El objetivo de la siguiente Licitación es para adquirir Alimentos perecibles para la Comunidad Terapéutica Peulla. La prestación consiste en la reposición de Alimentos perecibles, para la alimentación diaria de 10 a 12 personas en Tratamiento residencial y para grupos de ambulatorio, en donde la preparación y compartir alimentos son una instancia de socialización fundamental para el proceso terapéutico 4 actividad de alimentación al día. Además, se requiere insumos para preparar alimentos para personas que se encuentran en tratamiento en la Comunidad Ambulatoria, donde se llevan a cabo actividades terapéuticas individuales y grupales con las personas en tratamiento.;LE;CLP;9000000.0;Servicio de Salud Osorno;1;;;;12-03-2025;09-04-2025;;01-03-2025;Bienes y Servicios;61.607.600-0;Alicia Vidal Paredes;Comprador Administrativo;María Inés Asenjo Soto;;Erwin Camino B.;10;4;0
1057532-1-LP25;Seguros Generales para Vehículos motorizados pertenecientes al SSOsorno por 12 meses;Desierta (o art. 3 ó 9 Ley 19.886);Numeral 1.1 de las bases de licitación N°3800 del 05 de marzo del 2025.;LP;CLP;0.0;Servicio de salud osorno;0;Numeral 1.1.1 de las bases de licitación.;13-01-2025;06-03-2025;26-03-2025;15-04-2025;;07-03-2025;Bienes y Servicios;61.607.600-0;Rubén Uribe;Administrativo;Felipe Salvo;;Rodrigo Martínez Alvarado;12;4;0
1057532-26-LE25;SERVICIO DE EXAMENES CON INFORME RADIOLOGICO;Desierta (o art. 3 ó 9 Ley 19.886);La presente licitación tiene como objetivo de mantener la disponibilidad de exámenes de la especialidad de ecotomografía abdominal y mamaria para los usuarios de los Hospitales dependientes del Servicio de Salud Osorno.;LE;CLP;13000000.0;SECTORIAL;1;;;07-04-2025;17-04-2025;;;07-04-2025;Bienes y Servicios;61.607.600-0;PAULINA NICOLE LONCOPAN CARRILLO;PROFESIONAL APOYO;Barbara Mendez;;RODRIGO MARTINEZ;0;1;0
1057532-19-LR25;12 CUPOS R. PROTEGIDA PARA EL SSO EN OSORNO;Adjudicada;ADQUISICIÓN 12 CUPOS RESIDENCIA PROTEGIDA PARA EL SERVICIO DE SALUD OSORNO EN LA CIUDAD DE OSORNO;LR;CLP;0.0;Servicio de salud osorno;0;SEGUN BASES DE LICITACION PUBLICA ADJUNTAS.;;07-03-2025;07-04-2025;21-04-2025;;07-03-2025;Bienes y Servicios;61.607.600-0;Lesly Andrea Díaz Aburto;Administrativo;Antonia Caifil;;Rodrigo Martínez Alvarado;24;4;0
1057532-25-LE25;Arriendo de 02 Vehículos para SS0 2025;Desierta (o art. 3 ó 9 Ley 19.886);La presente licitación tiene por objeto la contratación del servicio de arrendamiento de dos vehículos para el año 2025. Uno de ellos estará destinado al traslado de los funcionarios del Mamógrafo Móvil del Servicio de Salud Osorno, mientras que el otro será utilizado para el transporte de funcionarios de la Subdirección de Gestión Asistencial, con el fin de facilitar el cumplimiento de la planificación anual de supervisión y acompañamiento en los territorios.;LE;CLP;15000000.0;;1;;;21-03-2025;31-03-2025;21-04-2025;;21-03-2025;Bienes y Servicios;61.607.600-0;JUAN FELIPE ROJEL HUENTRO;PROFESIONAL DE APOYO;Barbara Mendez;;Erwin Camino B.;9;4;0
1057922-4-LP25;ADQUISICIÓN DE EQUIPOS DE PABELLÓN HBSJO;Adjudicada;Adquisición de equipos y equipamiento para habilitación de Pabellón Gineco-obstétrico correspondiente a Mitigación del Hospital Base San José de Osorno;LP;CLP;177500000.0;SECTORIAL;1;;;;24-03-2025;22-04-2025;;28-02-2025;Activos Fijos;61.607.600-0;Bastian Miranda Coronado;PROFESIONAL;Miguel Navarro Salgado;;RODRIGO MARTINEZ;0;1;0
1057532-31-LE25;8 CUPOS ELEAM EN LA CIUDAD DE OSORNO;Desierta (o art. 3 ó 9 Ley 19.886);ADQUISICIÓN 8 CUPOS EN ESTABLECIMIENTO DE LARGA ESTADIA DE ADULTO MAYOR ELEAM EN LA CIUDAD DE OSORNO;LE;CLP;0.0;;0;;;16-04-2025;25-04-2025;;;16-04-2025;Bienes y Servicios;61.607.600-0;Lesly Andrea Díaz Aburto;Administrativo;NATALIA MUÑOZ C.;;RODRIGO MARTINEZ;6;4;0
1057532-29-LE25;ADQUISICIÓN DE MEDICAMENTO DEL GRUPO DE LOS ISGLT2 INHIBIDORES DEL COTRANSPORTADOR DE SODIO-GLUCOSA TIPO 2 FINANCIADO POR EL PROGRAMA CONTINUIDAD DE CUIDADOS PREVENTIVOS Y TRATAMIENTO EN APS.;Adjudicada;La presente licitación se requiere la adquisición de medicamento del grupo de los iSGLT2 (inhibidores del cotransportador de sodio-glucosa tipo 2) Empaglifozina de 10 mg o de Dapaglifozina 10 mg, del programa Continuidad de Cuidados Preventivos y Tratamiento en APS aprobado por Resolución N° 1054 del 31.12.2024 y Resolución Exenta N° 166 del 18.02.2025 que distribuye recursos. Donde deberá ejecutarse la totalidad del presupuesto disponible en el año en curso, beneficiando a usuarios con diagnóstico de DM2 con ERC etapa 3b menores de 60 años.;LE;CLP;0.0;Programas continuidad cuidados paliativos;0;Según resolución adjunta;28-03-2025;02-04-2025;14-04-2025;28-04-2025;;02-04-2025;Bienes y Servicios;61.607.600-0;JACQUELINE  OYARZUN ALVAREZ;Comprador administrativo;Chessarina Tuchie F.;;Rodrigo Martinez Alvarado;9;4;0
1057532-21-LR25;Convenio de Servicio de Guardias por 24 meses;Adjudicada;La contratación del servicio de guardias para la Dirección del Servicio de Salud Osorno y establecimientos dependientes, por un período de 24 meses.;LR;CLP;0.0;;0;;;04-03-2025;03-04-2025;30-04-2025;;05-03-2025;Bienes y Servicios;61.607.600-0;Ariela Acevedo;PROFESIONAL APOYO;Lorena Torres Castillo;;Rodrigo Martínez Alvarado;24;4;0
1057922-8-LP25;ADQ. RX OSTEOPULMONAR PARA CESFAM CHUYACA;Adjudicada;ADQUISICIÓN DE RAYOS X OSTEOPULMONAR PARA HABILITAR CESFAM CON SAR CHUYACA.;LP;CLP;0.0;;0;;;;25-04-2025;16-05-2025;;04-04-2025;Activos Fijos;61.607.600-0;Ariela Acevedo;PROFESIONAL APOYO;Miguel Navarro Salgado;;Rodrigo Martínez Alvarado;0;1;0
1057532-39-LE25;8 CUPOS ELEAM EN LA CIUDAD DE OSORNO 2° LLAMADO;Desierta (o art. 3 ó 9 Ley 19.886);8 CUPOS ELEAM EN LA CIUDAD DE OSORNO, 2° LLAMADO;LE;CLP;0.0;SERVICIO DE SALUD OSORNO;0;;08-05-2025;13-05-2025;22-05-2025;;;13-05-2025;Bienes y Servicios;61.607.600-0;Lesly Andrea Díaz Aburto;Administrativo;NATALIA MUÑOZ C.;;RODRIGO MARTINEZ;7;4;0
1057532-27-LE25;CONVENIO DE MOVILIZACIÓN PARA COSAM RAHUE;Adjudicada;La presente licitación tiene como objetivo de entregar el servicio de movilización para Cosam Rahue dependiente del Servicio de Salud Osorno, tanto a funcionarios como a usuarios según requerimiento;LE;CLP;13500000.0;EXTRAPRESUPUESTARIO SENDA PAI;1;Según resolución adjunta.;21-03-2025;04-04-2025;14-04-2025;22-05-2025;;04-04-2025;Bienes y Servicios;61.607.600-0;PAULINA NICOLE LONCOPAN CARRILLO;PROFESIONAL APOYO;YUVIT GARCIA-CHACUR;;RODRIGO MARTINEZ;9;4;0
1057532-28-LP25;Servicio de Retiro Residuos de Alcantarillado para la DSSO y establecimientos dependientes año 2025 Y 2026;Adjudicada;Contar con un convenio para el retiro de residuos de alcantarillado, generados por lo establecimientos dependientes del Servicio de Salud Osorno.;LP;CLP;0.0;Servicio Salud Osorno;0;Según Resolución Exenta N°44622025;25-03-2025;;17-04-2025;22-05-2025;;28-03-2025;Bienes y Servicios;61.607.600-0;Rubén Uribe;Administrativo;Garibe Gallardo Trujillo;;Erwin Camino B.;24;4;0
1057922-7-LP25;ADQ. EQUIPOS DE ESTERILIZACIÓN PARA CESFAM CHUYACA;Adjudicada;ADQUISICIÓN DE EQUIPOS DE ESTERILIZACIÓN PARA HABILITAR CESFAM CON SAR CHUYACA.;LP;CLP;158413000.0;SECTORIAL;1;;;07-04-2025;28-04-2025;23-05-2025;18-06-2025;07-04-2025;Activos Fijos;61.607.600-0;Ariela Acevedo;PROFESIONAL APOYO;Miguel Navarro Salgado;;Rodrigo Martínez Alvarado;0;1;0
1057532-35-LE25;ADQUISICIÓN DE VILDAGLIPTINA 50 MG COMPRIMIDOS POR FALTANTE CENABAST PARA SERVICIO DE SALUD OSORNO.;Adjudicada;La presente licitación se requiere la Adquisición medicamento para la Red de Programas Ministeriales APS por faltante CENABAST para asegurar cobertura de terapéuticas en APS.;LE;CLP;0.0;Programas Ministeriales APS;0;Según Resolución adjunta;28-04-2025;07-05-2025;19-05-2025;30-05-2025;;07-05-2025;Bienes y Servicios;61.607.600-0;JACQUELINE  OYARZUN ALVAREZ;Comprador administrativo;Eleuterio Román;;Rodrigo Martinez Alvarado;0;4;0
1057922-9-LE25;ADQUISICIÓN EQUIPOS Y EQUIPAMIENTO DE REHABILITACIÓN PARA HABILITACIÓN CESFAM CON SAR CHUYACA;Adjudicada;Adquirir equipos y equipamiento de fisioterapia para CESFAM con SAR Chuyaca.;LE;CLP;0.0;;0;;15-04-2025;22-04-2025;07-05-2025;05-06-2025;;22-04-2025;Activos Fijos;61.607.600-0;Ariela Acevedo;PROFESIONAL APOYO;Miguel Navarro Salgado;;Rodrigo Martínez Alvarado;0;1;0
1057532-32-CO25;Arriendo de 02 Vehículos para SS0 2025;Adjudicada;La presente licitación tiene por objeto la contratación del servicio de arrendamiento de dos vehículos para el año 2025. Uno de ellos estará destinado al traslado de los funcionarios del Mamógrafo Móvil del Servicio de Salud Osorno, mientras que el otro será utilizado para el transporte de funcionarios de la Subdirección de Gestión Asistencial, con el fin de facilitar el cumplimiento de la planificación anual de supervisión y acompañamiento en los territorios.;CO;CLP;0.0;;0;;;08-05-2025;19-05-2025;05-06-2025;;08-05-2025;Bienes y Servicios;61.607.600-0;JUAN FELIPE ROJEL HUENTRO;PROFESIONAL DE APOYO;Barbara Mendez;;Erwin Camino B.;7;4;0
1057532-40-LE25;15 CUPOS ADICIONALES DE SALA CUNA SSO;Adjudicada;CONTRATACION DE 15 CUPOS ADICIONALES BENEFICIO DE SALA CUNA PARA HIJOSAS FUNCIONARIAS DEPENDIENTES DEL SERVICIO DE SALUD OSORNO;LE;CLP;0.0;;0;;;20-05-2025;26-05-2025;12-06-2025;;20-05-2025;Bienes y Servicios;61.607.600-0;Lesly Andrea Díaz Aburto;Administrativo;CLAUDIA MUÑOZ;;RODRIGO MARTINEZ;7;4;0
1057532-45-LE25;SERVICIO DE ALIMENTACIÓN PARA USUARIOS CDR ADULTO;Adjudicada;F3-129-BMC  Se requiere nuevo proceso de Licitación para el año 2025, ya que Servicio actual finaliza el 16062025. Requerido de forma prioritaria para dar continuidad al proceso terapéutico de nuestros usuarios que asisten a taller de lunes a  viernes en jornadas AM y PM, grupo objetivo varia entre 10 a 20 usuarios diariamente.;LE;CLP;0.0;SECTORIAL;0;a;;06-06-2025;11-06-2025;19-06-2025;;06-06-2025;Bienes y Servicios;61.607.600-0;Bastian Miranda Coronado;PROFESIONAL;LUIS FLORES;;RODRIGO MARTINEZ;6;4;0
1057532-44-LP25;CONVENIO DE SERVICIO DE ASEO POR 18 MESES AÑOS 2025-2026 PARA LA DIRECCION DEL SERVICIO DE SALUD OSORNO Y ESTABLECIMIENTOS DEPENDIENTES DE LA RED ASISTENCIAL DE SALUD Y EN LOS QUE EL SSO ACTUÉ COMO UNIDAD TÉCNICA EN EJECUCIÓN DE OBRAS”;Adjudicada;F3-132-RUA  Tiene por objeto la contratación de un “CONVENIO SERVICIO DE ASEO POR 18 MESES, año 2025-2026, PARA LA DIRECCIÓN DEL SERVICIO DE SALUD OSORNO, y ESTABLECIMIENTOS DEPENDIENTES DE LA RED ASISTENCIAL DE SALUD Y EN LOS QUE EL SSO ACTÚE COMO UNIDAD TÉCNICA EN EJECUCIÓN DE OBRA, BASE SAMU RAHUE ALTO.;LP;CLP;0.0;Servicio Salud Osorno;0;;28-05-2025;30-05-2025;16-06-2025;24-06-2025;;30-05-2025;Bienes y Servicios;61.607.600-0;Rubén Uribe;Administrativo;Lorena Torres Castillo;;Erwin Camino B.;18;4;0
1057532-46-LE25;CONVENIO SUMINISTRO DE CORRESPONDENCIA Y ENCOMIENDAS PARA EL SERVICIO DE SALUD OSORNO AÑO 2025 Y 2026;Adjudicada;Se requiere contar con servicio de correspondencia para el despacho de documentación y encomiendas de oficina de partes del SSO, incorporando además despachos de Droguería, Sub Depto de Abastecimiento), la cual cuente con cobertura nacional.;LE;CLP;0.0;Presupuestó del Servicio de Salud Osorno.;0;Según lo indicado en Resolución Exenta N 9275;30-05-2025;;16-06-2025;27-06-2025;;07-06-2025;Bienes y Servicios;61.607.600-0;JACQUELINE  OYARZUN ALVAREZ;Comprador administrativo;Cristina Collinao;;Rodrigo Martinez Alvarado;18;4;0
1057532-34-LE25;SERVICIO DE EXAMENES CON INFORME RADIOLOGICO;Desierta (o art. 3 ó 9 Ley 19.886);F3-200-BMC  Mantener la disponibilidad de exámenes de la especialidad de ecotomografía abdominal y mamaria para los usuarios requirentes de los Hospitales dependientes del Servicio de Salud Osorno.;LE;CLP;13000000.0;SECTORIAL;1;;25-04-2025;04-06-2025;16-06-2025;02-07-2025;;04-06-2025;Bienes y Servicios;61.607.600-0;PAULINA NICOLE LONCOPAN CARRILLO;PROFESIONAL APOYO;Barbara Mendez;;RODRIGO MARTINEZ;7;4;0
1057922-12-LE25;Caldera Mural GLP para Hospital de Puerto Octay;Adjudicada;Adquirir equipo para proveer agua caliente sanitaria y de calefacción para todo el Hospital de Puerto Octay;LE;CLP;0.0;Servicio Salud Osorno;0;;;;16-06-2025;03-07-2025;;26-05-2025;Activos Fijos;61.607.600-0;Rubén Uribe;Administrativo;khris Silva;;Erwin Camino B.;0;1;0
1057532-49-LE25;PRESTACIONES DE REHABILITACIÓN INTEGRAL TEA;Desierta (o art. 3 ó 9 Ley 19.886);ADQUISICIÓN DE PRESTACIONES DE REHABILITACIÓN INTEGRAL PARA EVALUACIÓN DIAGNÓSTICA Y TRATAMIENTO EN NIÑOS, NIÑAS Y ADOLESCENTES CON TRASTORNO DEL ESPECTRO AUTISTA;LE;CLP;0.0;;0;;;26-06-2025;07-07-2025;;;26-06-2025;Bienes y Servicios;61.607.600-0;Lesly Andrea Díaz Aburto;Administrativo;KARIN AVILA;;RODRIGO MARTINEZ;6;4;0
1057922-13-LP25;ADQUISICIÓN DE INSTRUMENTAL QUIRÚRGICO PARA HABILITACIÓN CESFAM CON SAR CHUYACA;Adjudicada;F5-015-AAN/ADQUISICIÓN DE INSTRUMENTAL QUIRÚRGICO PARA CESFAM CON SAR CHUYACA;LP;CLP;0.0;;0;;12-05-2025;22-05-2025;06-06-2025;07-07-2025;05-08-2025;22-05-2025;Activos Fijos;61.607.600-0;Ariela Acevedo;PROFESIONAL APOYO;Miguel Navarro Salgado;;Rodrigo Martínez Alvarado;0;1;0
1057922-14-LP25;ADQUISICIÓN DE EQUIPOS CRR PARA PABELLÓN DEL HOSPITAL BASE SAN JOSE DE OSORNO;Adjudicada;F5-016-AAN/ADQUISICIÓN DE INSTRUMENTAL QUIRÚRGICO PARA CESFAM CON SAR CHUYACA;LP;CLP;78420000.0;;1;;15-05-2025;26-05-2025;16-06-2025;09-07-2025;18-08-2025;26-05-2025;Activos Fijos;61.607.600-0;Ariela Acevedo;PROFESIONAL APOYO;Miguel Navarro Salgado;;Rodrigo Martínez Alvarado;0;1;0
1057532-47-L125;Adquisición de Fármacos Programas Ministeriales no despachados CENABAST.;Adjudicada;Adquisición de Fármacos Programas Ministeriales por faltante CENABAST en riesgo de falta.;L1;CLP;5200000.0;;1;;;11-06-2025;16-06-2025;09-07-2025;;;Bienes y Servicios;61.607.600-0;JACQUELINE  OYARZUN ALVAREZ;Comprador administrativo;;;;0;0;0
1057922-23-LE25;ADQUISICION ELECTROESTIMULADOR CON BIOFEEDBACK-PNC;Adjudicada;F5-010-BMC-REPOSICIÓN Y ADQUISICIÓN DE EQUIPOS Y EQUIPAMIENTO PARA EL SERVICIO DE SALUD OSORNO, CONTEMPLADOS POR PLAN NACIONAL DEL CÁNCER 2025;LE;CLP;10500000.0;SECTORIAL;1;;;19-06-2025;25-06-2025;09-07-2025;;19-06-2025;Activos Fijos;61.607.600-0;Bastian Miranda Coronado;PROFESIONAL;MARIA ELENA MUÑOZ;;RODRIGO MARTINEZ;0;1;0
1077241-4-LE25;Servicio de Movilización Programa Prevec año 2025;Adjudicada;El contrato comprenderá la prestación del Servicio de Movilización, por un período estimado de diez (10) meses, destinado al traslado de funcionarios, para facilitar las actividades de difusión, enrolamiento y tamizaje del Programa PREVEC, en zonas urbanas y rurales de la provincia de Osorno.;LE;CLP;30000000.0;Programas;1;;02-06-2025;03-06-2025;13-06-2025;11-07-2025;;03-06-2025;Administración de Fondos;61.607.600-0;JUAN FELIPE ROJEL HUENTRO;PROFESIONAL DE APOYO;Mario Aburto;;Erwin Camino B.;10;4;0
1057922-11-LP25;ADQUISICIÓN DE AMBULANCIA DE EMERGENCIA BÁSICA 4X2 PARA CESFAM CON SAR CHUYACA DE OSORNO;Adjudicada;La presente licitación tiene como objetivo la adquisición de Ambulancias de Emergencia Básica 4x2 para CESFAM con SAR Chuyaca de Osorno, para cumplir con los requerimientos de los usuarios de la provincia.;LP;CLP;0.0;Financiamiento sectorial;0;De acuerdo al numeral 1.1.1 de las bases.;30-04-2025;;16-06-2025;15-07-2025;;26-05-2025;Activos Fijos;61.607.600-0;JACQUELINE  OYARZUN ALVAREZ;Comprador administrativo;Felipe Salvo Barriga;;Rodrigo Martinez Alvarado;0;4;0
1057532-42-LE25;Servicio de Movilización para Vacunación SSO 2025;Desierta (o art. 3 ó 9 Ley 19.886);Servicio de Movilización de 2 vehículos, por 2 meses, para ejecución de servicio de vacunación y otros servicios de salud en la provincia de Osorno.;LE;CLP;12000000.0;Programas;1;;;16-06-2025;23-06-2025;17-07-2025;;16-06-2025;Bienes y Servicios;61.607.600-0;JUAN FELIPE ROJEL HUENTRO;PROFESIONAL DE APOYO;Carolina Lagos Calderón;;Erwin Camino B.;2;4;0
1057532-54-CO25;SERVICIO DE EXAMENES CON INFORME RADIOLOGICO;Desierta (o art. 3 ó 9 Ley 19.886);F3-200-BMC Mantener la disponibilidad de exámenes de la especialidad de ecotomografía abdominal y mamaria para los usuarios requirentes de los Hospitales dependientes del Servicio de Salud Osorno.;CO;CLP;13000000.0;Sectorial;1;;;10-07-2025;21-07-2025;;;10-07-2025;Bienes y Servicios;61.607.600-0;Bastian Miranda Coronado;PROFESIONAL;RODRIGO MARTINEZ ALVARADO;;RODRIGO MARTINEZ ALVARADO;5;4;0
1057922-22-LP25;ADQUISICIÓN DE INSTRUMENTAL QUIRÚRGICO PARA HBSJO;Desierta (o art. 3 ó 9 Ley 19.886);F5-022-BMC Adquisición de Instrumental Quirúrgico para habilitación de Pabellón Angiografía del Hospital Base San José de Osorno.;LP;CLP;74519000.0;Sectorial;1;;16-06-2025;17-06-2025;27-06-2025;23-07-2025;;17-06-2025;Activos Fijos;61.607.600-0;Bastian Miranda Coronado;PROFESIONAL;MARIA ELENA MUÑOZ;;RODRIGO MARTINEZ ALVARADO;0;1;0
1057922-15-LR25;ADQUISICIÓN DE INSTRUMENTAL PARA CRR PABELLÓN HBO;Adjudicada;F5-016-AAN/REPOSICION Y ADQUISICION EQUIPOS CRR PARA PABELLÓN DEL HOSPITAL BASE DE OSORNO;LR;CLP;0.0;;0;;23-05-2025;02-06-2025;03-07-2025;23-07-2025;01-08-2025;02-06-2025;Activos Fijos;61.607.600-0;Ariela Acevedo;PROFESIONAL APOYO;Miguel Navarro Salgado;;Rodrigo Martínez Alvarado;0;1;0
1057922-17-LP25;ADQUISICION DE MOBILIARIO CLINICO CESFAM CHUYACA;Adjudicada;F5-011-BMC-ADQUISICIÓN DE MOBILIARIO CLÍNICO PARA CESFAM CON SAR CHUYACA;LP;CLP;125108000.0;SECTORIAL;1;;;12-06-2025;23-06-2025;25-07-2025;;12-06-2025;Activos Fijos;61.607.600-0;Bastian Miranda Coronado;PROFESIONAL;MARIA ELENA MUÑOZ;;RODRIGO MARTINEZ;0;1;0
1077241-3-LP25;ADQUISICIÓN EQUIPOS EQUIPAMIENTO E INSTRUMENTAL EN EL MARCO DE PROGRAMA DE RESOLUCIÓN DE LISTAS DE ESPERA GORE-SSO;Adjudicada;Adquirir Equipos, equipamiento e instrumental en el marco de Programa de Resolución de Listas de Espera GORE-SSO con la finalidad de aumentar la resolución de casos en lista de espera de la Red Asistencial del SSO.;LP;CLP;0.0;;0;;23-05-2025;09-06-2025;30-06-2025;28-07-2025;01-09-2025;09-06-2025;Administración de Fondos;61.607.600-0;Ariela Acevedo;PROFESIONAL APOYO;Marco González Faine;;Rodrigo Martínez Alvarado;0;1;0
1057532-43-L125;Adquisición Escalas Wechsler de Inteligencia para Dispositivos SSO;Adjudicada;F2-180-NAM Se requiere la compra de escalas Wechsler para usuarios de dispositivos Newen y Cosam Oriente. -Escala Wechsler de Inteligencia para Niños – Quinta Edición (Batería WISCV). -Escala Wechsler de inteligencia para Adultos-IV (WAIS-IV);L1;CLP;1751000.0;;1;;;30-06-2025;07-07-2025;31-07-2025;;;Bienes y Servicios;61.607.600-0;NICOLAS ASENCIO MOREIRA;COMPRADOR;;;;0;0;0
1057532-51-LE25;“ADQUISICION DE CINTAS DE GLICEMIA CON GLUCOMETROS EN COMODATO PARA RED ASISTENCIAL APS EN CUMPLIMIENTO DE PROGRAMAS MINISTERIALES DE APS”;Adjudicada;La presente licitación tiene por objeto cumplir con la estrategia Programa Cardiovascular, entregar cintas para autocontrol de glicemia en APS según orientación técnica Programa Ministerial Diabetes, en los establecimientos de Atención Primaria de la Red Asistencial S.S.O.;LE;CLP;0.0;;0;;27-06-2025;;21-07-2025;06-08-2025;;08-07-2025;Bienes y Servicios;61.607.600-0;JACQUELINE  OYARZUN ALVAREZ;Comprador administrativo;Eleuterio Roman L.;;Erwin Camino B.;0;1;0
1057922-19-LP25;ADQUISICION DE EQUIPOS DENTALES CESFAM CHUYACA;Adjudicada;F5-019-BMC ADQUISICIÓN DE EQUIPOS DENTALES PARA CESFAM CON SAR CHUYACA.;LP;CLP;107582000.0;SECTORIAL;1;;04-06-2025;13-06-2025;03-07-2025;06-08-2025;;13-06-2025;Activos Fijos;61.607.600-0;Bastian Miranda Coronado;PROFESIONAL;MARIA ELENA MUÑOZ;;RODRIGO MARTINEZ;0;1;0
1057532-37-R125;LICENCIAS SOFTWARE ARCHICAD COLLABORATE O EQUIV;Adjudicada;SUSCRIPCIÓN LICENCIAS SOFTWARE ARCHICAD COLLABORATE O EQUIVALENTE PARA EL SERVICIO DE SALUD OSORNO, POR 12 MESES, CON PAGO EN 12 CUOTAS.;LE;CLP;0.0;;0;;;09-06-2025;16-06-2025;14-08-2025;;09-06-2025;Bienes y Servicios;61.607.600-0;Lesly Andrea Díaz Aburto;Administrativo;;;;12;4;0
1057922-10-R125;ADQUISICIÓN DE EQUIPOS PARA PLAN NACIONAL DEL CÁNCER;Adjudicada;REPOSICIÓN Y ADQUISICIÓN DE EQUIPOS Y EQUIPAMIENTO PARA EL SERVICIO DE SALUD OSORNO, CONTEMPLADOS POR PLAN NACIONAL DEL CÁNCER 2025;LP;CLP;0.0;;0;;22-04-2025;28-04-2025;19-05-2025;14-08-2025;;28-04-2025;Activos Fijos;61.607.600-0;Ariela Acevedo;PROFESIONAL APOYO;;;;0;1;0
1057922-6-LR25;ADQ. Y HABILITACIÓN DE ANGIÓGRAFO MONOPLANO MULTIP;Adjudicada;Adquirir un angiógrafo monoplano multipropósito para su habilitación en el Hospital San José de Osorno.;LR;CLP;0.0;;0;;;;11-04-2025;18-08-2025;;06-03-2025;Activos Fijos;61.607.600-0;Ariela Acevedo;PROFESIONAL APOYO;Miguel Navarro Salgado;;Rodrigo Martínez Alvarado;0;1;0
1077241-5-LE25;“Licitación de Insumos de Ortodoncia para continuidad de atenciones de Programa de resolución de ortodoncia en niños niñas y adolescentes de la provincia de Osorno y región de los Lagos” - Código BIP: 40001626-0;Adjudicada;"La presente licitación de adquisición de insumos tiene como objetivo dar continuidad de atenciones de ""Programa de resolución de ortodoncia en niños, niñas y adolescentes de la provincia de Osorno y región de los Lagos” Código BIP: 40001626-0.";LE;CLP;0.0;Programas Extra Presupuestario;0;Según lo indicado en Resolución Nro. 10621;16-06-2025;27-06-2025;07-07-2025;20-08-2025;;27-06-2025;Administración de Fondos;61.607.600-0;JACQUELINE  OYARZUN ALVAREZ;Comprador administrativo;Marco Gonzalez F.;;Rodrigo Martinez Alvarado;0;4;0
1180747-1-LR25;Construcción Posta de Salud Rural La Poza;Desierta (o art. 3 ó 9 Ley 19.886);Se requiere la construcción de un edificio de 295 m2, mediante estructura de acero metalcom, la cual contempla recintos de atención médica, recintos técnicos y la construcción de una vivienda del paramedico, todo esto en una superficie de terreno de 500 m2.;LR;CLP;0.0;FNDR;0;;;;14-07-2025;22-08-2025;15-09-2025;23-05-2025;Compras Convenio GORE Region de Los Lagos;61.607.600-0;JUAN FELIPE ROJEL HUENTRO;PROFESIONAL DE APOYO;Carlos Toledo;;Gobierno Regional de Los Lagos;28;4;0
1057922-28-LE25;ADQUISICIÓN EQUIPOS MÉDICOS Y MOBILIARIO COSAM RAHUE;Adjudicada;F5-028-BMC-ADQUISICIÓN DE EQUIPOS MÉDICOS Y MOBILIARIO CLÍNICO PARA HABILITACIÓN DE COSAM RAHUE.;LE;CLP;51813000.0;SECTORIAL;1;;15-07-2025;28-07-2025;04-08-2025;01-09-2025;;28-07-2025;Activos Fijos;61.607.600-0;Bastian Miranda Coronado;PROFESIONAL;MARIA ELENA MUÑOZ;;RODRIGO MARTINEZ;0;1;0
1057922-37-LE25;ADQUISICIÓN DE INSTRUMENTAL PARA CRR PABELLÓN DEL HOSPITAL BASE SAN JOSÉ DE OSORNO;Desierta (o art. 3 ó 9 Ley 19.886);F5-016-AAN/REPOSICION Y ADQUISICION EQUIPOS CRR PARA PABELLÓN DEL HOSPITAL BASE DE OSORNO;LE;CLP;40372000.0;;1;;28-07-2025;07-08-2025;14-08-2025;04-09-2025;;07-08-2025;Activos Fijos;61.607.600-0;Bastian Miranda Coronado;PROFESIONAL;Miguel Navarro Salgado;;Rodrigo Martínez Alvarado;0;1;0
1057532-61-LE25;Servicio de Movilización para Vacunación SSO 2025 nuevo llamado;Adjudicada;Servicio de Movilización de 2 vehículos, por 2 meses, para ejecución de servicio de vacunación y otros servicios de salud en la provincia de Osorno.;LE;CLP;0.0;Programas;0;;21-07-2025;07-08-2025;12-08-2025;09-09-2025;;07-08-2025;Bienes y Servicios;61.607.600-0;JUAN FELIPE ROJEL HUENTRO;PROFESIONAL DE APOYO;Carolina Lagos Calderón;;Erwin Camino B.;2;4;0
1057922-31-LE25;ADQUISICION DE INSTRUMENTAL QUIRURGICO PARA CECOSF EL ENCANTO;Adjudicada;F5-026-BMC-ADQUISICIÓN DE INSTRUMENTAL QUIRUGICO PARA CECOSF EL ENCANTO.;LE;CLP;20122000.0;Sectorial;1;;15-07-2025;01-08-2025;11-08-2025;09-09-2025;;01-08-2025;Activos Fijos;61.607.600-0;Bastian Miranda Coronado;PROFESIONAL;MARIA ELENA MUÑOZ;;RODRIGO MARTINEZ ALVARADO;0;1;0
1057922-26-LP25;ADQUISICIÓN DE INSTRUMENTAL QUIRÚRGICO HBSJO;Adjudicada;F5-022-BMC Adquisición de Instrumental Quirúrgico para habilitación de Pabellón Angiografía del Hospital Base San José de Osorno.;LP;CLP;74519000.0;SECTORIAL;1;;11-07-2025;01-08-2025;11-08-2025;10-09-2025;;01-08-2025;Activos Fijos;61.607.600-0;Bastian Miranda Coronado;PROFESIONAL;MARIA ELENA MUÑOZ;;RODRIGO MARTINEZ;0;1;0
1057922-35-LE25;ADQUISICIÓN DE EQUIPOS DENTALES PARA CECOSF EL ENCANTO COMUNA DE PUYEHUE;Adjudicada;F5-029-BMC- Adquisición de Equipos Dentales para CECOSF El Encanto;LE;CLP;25000000.0;SECTORIAL;1;;17-07-2025;04-08-2025;14-08-2025;10-09-2025;;04-08-2025;Activos Fijos;61.607.600-0;Bastian Miranda Coronado;PROFESIONAL;MARIA ELENA MUÑOZ;;RODRIGO MARTINEZ;0;1;0
1057532-57-L125;Mantención Preventiva y Correctiva de Camillas de Transporte Ambulancias Base Samu;Desierta (o art. 3 ó 9 Ley 19.886);Se requiere ejecutar mantención preventiva y correctiva para las camillas de ambulancias de la Base SAMU Osorno. Se espera asegurar la disponibilidad de equipos en ambulancias de emergencia básica y avanzada, que prestan servicios a la provincia de Osorno.;L1;CLP;3700000.0;;1;;;23-07-2025;30-07-2025;11-09-2025;;;Bienes y Servicios;61.607.600-0;Ivan Vargas Ojeda;Comprador Administrativo;;;;0;0;0
1057532-33-LP25;CONVENIO DE SUMINISTRO DE MEDICAMENTOS PARA ESTABLECIMIENTO DEPENDIENTES Y DROGUERIA DEL S.S.O. POR 24 MESES.;Adjudicada;La presente licitación se requiere para contar con un Convenio de Suministro de Medicamentos e insumos para poder responder a incremento de demanda o incumplimiento de despachos de CENABAST.;LP;CLP;0.0;Programas Ministeriales;0;Según Resolución Exenta Adjunta;23-04-2025;;06-06-2025;12-09-2025;;16-05-2025;Bienes y Servicios;61.607.600-0;JACQUELINE  OYARZUN ALVAREZ;Comprador administrativo;D. Eleuterio Roman L.;;Rodrigo Martinez Alvarado;24;4;0
1057532-41-R125;ADQUISICION VESTUARIO INSTITUCIONAL AUXILIARES SSO;Adjudicada;ADQUISICION VESTUARIO INSTITUCIONAL PARA ESTAMENTO AUXILIARES SERVICIO SALUD OSORNO;LE;CLP;0.0;;0;;;;23-06-2025;22-09-2025;;05-06-2025;Bienes y Servicios;61.607.600-0;Lesly Andrea Díaz Aburto;Administrativo;;;;0;1;0
1077241-8-LE25;ADQUISICIÓN EQUIPOS EQUIPAMIENTO E INSTRUMENTAL EN EL MARCO DE PROGRAMA DE RESOLUCIÓN DE LISTAS DE ESPERA GORE-SSO - Código BIP: 40055305-0;Adjudicada;F3-113-AAN/Adquirir Equipos, equipamiento e instrumental en el marco de Programa de Resolución de Listas de Espera GORE-SSO con la finalidad de aumentar la resolución de casos en lista de espera de la Red Asistencial del SSO.;LE;CLP;0.0;;0;;23-07-2025;11-08-2025;21-08-2025;02-10-2025;;11-08-2025;Administración de Fondos;61.607.600-0;Bastian Miranda Coronado;PROFESIONAL;Marco González Faine;;Rodrigo Martínez Alvarado;0;1;0
1077241-9-LE25;SERVICIO DE ENDOSCOPIA DIGESTIVA ALTA SSO;Desierta (o art. 3 ó 9 Ley 19.886);CONVENIO DE PRESTACIÓN DE SERVICIO DE ENDOSCOPIA DIGESTIVA ALTA PARA PACIENTES DE   HOSPITALES PTO. OCTAY, QUILACAHUIN Y FUTA SRUKA LAWENCHE DE LA RED DEL SERVICIO DE SALUD OSORNO;LE;CLP;0.0;;0;;;02-09-2025;12-09-2025;03-10-2025;;02-09-2025;Administración de Fondos;61.607.600-0;Lesly Andrea Díaz Aburto;Administrativo;Omar Contreras U.;;RODRIGO MARTINEZ;4;4;0
1057532-85-LE25;Convenio de Servicio de Catering para Actividades y capacitaciones año 2025;Adjudicada;El Objetivo de la presente licitación es contratar el servicio de cafetería para diversas actividades ejecutadas por distintas unidades de la Dirección del Servicio de Salud Osorno, como una manera de amenizar reuniones, capacitaciones, jornadas laborales y eventos institucionales.;LE;CLP;0.0;Servicio de Salud Osorno;0;;12-09-2025;15-09-2025;25-09-2025;03-10-2025;;15-09-2025;Bienes y Servicios;61.607.600-0;Rubén Uribe;Administrativo;Alicia Vidal Paredes;;erwin Camino B.;3;4;0
1057922-41-LE25;ADQUISICIÓN CAJA SALPINGECTOMIA PARA CRR PABELLÓN DEL HOSPITAL BASE SAN JOSÉ DE OSORNO;Adjudicada;Reposición y adquisición equipos CRR para Pabellón del Hospital Base de Osorno;LE;CLP;56524000.0;;1;;19-08-2025;04-09-2025;11-09-2025;03-10-2025;;04-09-2025;Activos Fijos;61.607.600-0;Ariela Acevedo;PROFESIONAL APOYO;Miguel Navarro Salgado;;Rodrigo Martínez Alvarado;0;1;0
1057532-68-LE25;INSUMOS PARA CURACIÓN AVANZADA DE HERIDAS SSO;Revocada;ADQUISICIÓN DE INSUMOS PARA CURACIÓN AVANZADA DE HERIDAS Y ÚLCERAS DE PIE DIABETICO Y ULCERA VENOSA EN APS, SERVICIO DE SALUD OSORNO;LE;CLP;0.0;;0;;;25-08-2025;01-09-2025;;;25-08-2025;Bienes y Servicios;61.607.600-0;Lesly Andrea Díaz Aburto;Administrativo;Yohana Matus M.;;RODRIGO MARTINEZ;0;1;0
1057532-62-LE25;SERVICIOS DE CAPACITACIÓN DEL DEPTO. AT PRIMARIA;Adjudicada;ADQUISICIÓN DE SERVICIOS DE CAPACITACIÓN DEL DEPTO. ATENCIÓN PRIMARIA,SERVICIO DE SALUD OSORNO.;LE;CLP;0.0;;0;;;;18-08-2025;06-10-2025;;07-08-2025;Bienes y Servicios;61.607.600-0;Lesly Andrea Díaz Aburto;Administrativo;Paula Espinoza Ch.;;RODRIGO MARTINEZ;0;1;0
1057922-40-LE25;PROVISION E INSTALACIÓN SISTEMA CÁMARA DE VIGILANCIA PARA SERVICIO DE SALUD OSORNO EDIFICIO MANUEL RODRIGUEZ;Adjudicada;F3-162-BMC-ADQUISICIÓN DE BIENES DESTINADOS A OPTIMIZAR LAS LABORES DEL PERSONAL DE LA RED DEL SERVICIO DE SALUD DE OSORNO.;LE;CLP;12000000.0;SECTORIAL;1;;08-08-2025;;22-09-2025;10-10-2025;;09-09-2025;Activos Fijos;61.607.600-0;Bastian Miranda Coronado;PROFESIONAL;BRUNO OJEDA;;RODRIGO MARTINEZ;0;2;0
1180747-2-LP25;Mejoramiento de Hospital Rio Negro;Adjudicada;Contratar el servicio de compra y sustitución de puertas vidriadas y ventanas para la obra de mejoramiento del Hospital de Rio Negro.;LP;CLP;280246728.0;FNDR;1;;;04-07-2025;23-07-2025;13-10-2025;15-09-2025;04-07-2025;Compras Convenio GORE Region de Los Lagos;61.607.600-0;JUAN FELIPE ROJEL HUENTRO;PROFESIONAL DE APOYO;Carlos Toledo;;Gobierno Regional de Los Lagos;6;4;0
1057922-42-LE25;ADQUISICIÓN DE INSTRUMENTAL QUIRÚRGICO PARA CECOSF EL ENCANTO;Adjudicada;F5-026-BMC- ADQUISICION CECOSF EL ENCANTO, COMUNA PUYEHUE.;LE;CLP;11382000.0;SECTORIAL;1;;28-08-2025;17-09-2025;29-09-2025;15-10-2025;;17-09-2025;Activos Fijos;61.607.600-0;Bastian Miranda Coronado;PROFESIONAL;MARIA ELENA MUÑOZ;;RODRIGO MARTINEZ;0;1;0
1057532-79-LE25;Convenio Servicios de Mantención de Equipos Médicos  de establecimientos dependientes del SSO Periodo 2026-2027;Desierta (o art. 3 ó 9 Ley 19.886);El Servicio requiere contratar un servicio de mantención desde el 01 de enero de 2026 hasta el 31 de diciembre de 2027 llamado “Convenio de Servicios de Mantención de Equipos Médicos de Establecimientos dependientes del Servicio Salud Osorno Periodo 2026-2027”. Dado que los equipos aquí considerados no contarán con garantía técnica de post venta del fabricante y/o proveedor que lo suministró, por lo tanto, esta licitación asegurará que se realicen todos los servicios de mantenciones preventivas programadas y cualquier reparación que surja durante dicho periodo.;LE;CLP;0.0;;0;;08-09-2025;15-09-2025;26-09-2025;15-10-2025;;15-09-2025;Bienes y Servicios;61.607.600-0;Rubén Uribe;Administrativo;khris Silva Vargas;;Erwin Camino B.;24;4;0
1057532-64-LP25;CONVENIO DE ADQUISICION DE KIT POINT OF CARE POC CON ARRIENDO DE EQUIPO PARA ANALISIS DE MUESTRAS POR 12 MESES;Adjudicada;Mantener la estrategia POC implementada en Septiembre del 2024, que busca dotar a los establecimientos hospitalarios de la Red Asistencial SSO, de equipos e insumos para análisis de Laboratorio tipo POC y analizador de gases sanguíneos, y así contar con mayor resolutividad.;LP;CLP;74000000.0;Fondos Propios;1;;07-08-2025;11-09-2025;01-10-2025;16-10-2025;;11-09-2025;Bienes y Servicios;61.607.600-0;Ivan Vargas Ojeda;Comprador Administrativo;Sofia Reyes Alarcón;;Rodrigo Martinez Alvarado;12;4;0
1077241-10-LE25;Licitación de Insumos de Ortodoncia para continuidad de atenciones de Programa de resolución de ortodoncia en niños niñas y adolescentes de la provincia de Osorno y región de los Lagos 2° Llamado” - Código BIP: 40001626-0;Adjudicada;"La presente licitación de adquisición de insumos tiene como objetivo licitar las líneas desiertas del primer proceso de del  ""programa de resolución de ortodoncia en niños, niñas y adolescentes de la provincia de Osorno y región de los Lagos”.";LE;CLP;0.0;Extrapresupuestario;0;Según resolución adjunta;21-08-2025;01-09-2025;11-09-2025;16-10-2025;;01-09-2025;Administración de Fondos;61.607.600-0;JACQUELINE  OYARZUN ALVAREZ;Comprador administrativo;D. Marco Gonzalez Faine;;Rodrigo Martinez Alvarado;0;4;0
1077241-6-LE25;Adquisición Máquinas de Ejercicios-Peulla;Adjudicada;F3-149-VMA-Renovación de máquinas de ejercicios que se encuentran deteriorados por vida útil y uso diario. Máquinas están destinadas al trabajo individual y grupal en el Taller de Actividad Física que es impartido para las personas en tratamiento de la unidad residencial.;LE;CLP;0.0;EXTRAPRESUPUESTARIO;0;;;26-08-2025;05-09-2025;16-10-2025;;26-08-2025;Administración de Fondos;61.607.600-0;Verónica Aracely Márquez Aguila;Comprador;MARIA INES ASENJO;;RODRIGO MARTINEZ ALVARADO;0;1;0
1057922-24-R125;ADQUISICIÓN DE EQUIPOS Y EQUIPAMIENTO MÉDICO PARA CESFAM CON SAR CHUYACA;Adjudicada;ADQUISICIÓN DE EQUIPO Y EQUIPAMIENTO MÉDICO PARA CESFAM CON SAR CHUYACA;LP;CLP;0.0;;0;;09-07-2025;22-07-2025;11-08-2025;21-10-2025;;22-07-2025;Activos Fijos;61.607.600-0;Ariela Acevedo;PROFESIONAL APOYO;;;;4;4;0
1057532-80-LE25;CONVENIO DE SUMINISTRO DE SERVICIO DE OXIGENOTERAPIA DOMICILIARIA PARA USUARIOS INGRESADOS AL PROGRAMA CUIDADOS PALIATIVOS UNIVERSALES APS SERVICIO DE SALUD OSORNO;Adjudicada;El Servicio requiere de un convenio para el suministro de oxigenoterapia domiciliaria a pacientes beneficiarios de ley 21.375 por enfermedad terminal o grave del Programa Cuidados Paliativos Universales APS, por un periodo estimado de 15 meses, de acuerdo a indicación médica en las distintas comunas de la provincia de Osorno y que no cumplan los requisitos para la entrega de oxígeno por otros medios, como es el Programa de Oxígeno ambulatorio o por GES N°4.;LE;CLP;12750000.0;Servicio de Salud Osorno;1;Según Resolución Exenta 15577 adjunta;08-09-2025;25-09-2025;06-10-2025;23-10-2025;;25-09-2025;Bienes y Servicios;61.607.600-0;JACQUELINE  OYARZUN ALVAREZ;Comprador administrativo;Maria Teresa Jaramillo;;Rodrigo Martinez Alvarado;15;4;0
1057532-77-LE25;Convenio de Servicios de Mantención Preventiva Correctiva y Certificación de 04 Ascensores de los Hospitales  PU MÜLEN Y FSLKMM AÑOS 2026 - 2027;Adjudicada;El Servicio requiere contratar, para el período 01.01.2026 al 31.12.2027, el “Convenio de Mantención Preventiva, Correctiva y Certificación de 4 Ascensores de los Hospitales Pu Mülen y Füta Srüka Lawenche Künko Mapu Mo”. La licitación garantizará mantenciones programadas y reparaciones en ambos recintos, al no contar los equipos con garantía técnica de postventa.;LE;CLP;0.0;Servicio Salud Osorno;0;;08-09-2025;11-09-2025;23-09-2025;23-10-2025;;11-09-2025;Bienes y Servicios;61.607.600-0;Rubén Uribe;Administrativo;Khris Silva V.;;erwin Camino B;24;4;0
1057532-66-LE25;PRESTACIONES DE REHABILITACIÓN INTEGRAL TEA 2° LLAMADO;Adjudicada;ADQUISICIÓN DE PRESTACIONES DE REHABILITACIÓN INTEGRAL PARA EVALUACIÓN DIAGNÓSTICA Y TRATAMIENTO EN NIÑOS, NIÑAS Y ADOLESCENTES CON TRASTORNO DEL ESPECTRO AUTISTA, 2° LLAMADO;LE;CLP;0.0;;0;;11-08-2025;09-09-2025;22-09-2025;23-10-2025;;09-09-2025;Bienes y Servicios;61.607.600-0;Lesly Andrea Díaz Aburto;Administrativo;KARIN AVILA;;RODRIGO MARTINEZ;4;4;0
1057532-78-LE25;Convenio Servicios de Mantención de Equipos Críticos de Establecimientos dependientes del SSO Periodo 2026 - 2027;Desierta (o art. 3 ó 9 Ley 19.886);El Servicio requiere contratar un servicio de mantención desde el 01 de enero de 2026 hasta el 31 de diciembre de 2027 llamado “Convenio de Servicios de Mantención de Equipos Críticos de Establecimientos dependientes del Servicio Salud Osorno Periodo 2026-2027”.;LE;CLP;0.0;Servicio Salud Osorno;0;;08-09-2025;26-09-2025;06-10-2025;28-10-2025;;26-09-2025;Bienes y Servicios;61.607.600-0;Rubén Uribe;Administrativo;Khris Silva Vargas;;Erwin Camino B.;24;4;0
1057922-48-LE25;ADQUISICIÓN DE MOBILIARIO DE FARMACIA PARA CESFAM CON SAR CHUYACA;Adjudicada;ADQUISICIÓN DE MOBILIARIO DE FARMACIA PARA CESFAM CON SAR CHUYACA.;LE;CLP;49196000.0;;1;;16-09-2025;01-10-2025;08-10-2025;30-10-2025;;01-10-2025;Activos Fijos;61.607.600-0;Ariela Acevedo;PROFESIONAL APOYO;Miguel Navarro Salgado;;Rodrigo Martínez Alvarado;0;1;0
1057922-25-LP25;ADQUISICION DE EQUIPOS PARA CESFAM CON SAR CHUYACA;Adjudicada;F5-021-BMC-ADQUISICIÓN DE EQUIPO Y EQUIPAMIENTO MÉDICO PARA CESFAM CON SAR  CHUYACA  F5-034-BMC-Adquisición de equipos médicos y no médicos para CESFAM con SAR Chuyaca, Osorno.;LP;CLP;73989000.0;SECTORIAL;1;;09-07-2025;24-09-2025;06-10-2025;31-10-2025;;24-09-2025;Activos Fijos;61.607.600-0;Ariela Acevedo;PROFESIONAL APOYO;MARIA FERNANDA OLARTE MORA;;RODRIGO MARTINEZ;0;1;0
1057532-95-LE25;SERVICIO DE TRANSPORTE SANITARIO POR VIA AEREA SSO;Desierta (o art. 3 ó 9 Ley 19.886);La licitación busca contratar un servicio integral de transporte sanitario aéreo para pacientes del Servicio de Salud Osorno que requieran evacuación aeromédica desde centros o zonas de difícil acceso hacia recintos de mayor complejidad. El servicio incluirá aeronaves habilitadas, tripulación y personal de salud calificado, coordinación con SAMU, combustible, mantención, tasas aéreas, entre otros.;LE;CLP;30000000.0;Servicio de Salud Osorno;1;;;23-10-2025;03-11-2025;;31-12-2025;23-10-2025;Bienes y Servicios;61.607.600-0;JUAN FELIPE ROJEL HUENTRO;PROFESIONAL DE APOYO;Raúl Núñez Vega;;Erwin Camino B.;3;4;0
1077241-13-LE25;SERVICIO DE ENDOSCOPIA DIGESTIVA ALTA 2° LLAMADO SSO;Desierta (o art. 3 ó 9 Ley 19.886);CONVENIO DE PRESTACIÓN DE SERVICIO DE ENDOSCOPIA DIGESTIVA ALTA PARA PACIENTES DE HOSPITALES PTO. OCTAY, QUILACAHUIN Y FUTA SRUKA LAWENCHE DE LA RED DEL SERVICIO DE SALUD OSORNO;LE;CLP;0.0;;0;;13-10-2025;29-10-2025;06-11-2025;;;29-10-2025;Administración de Fondos;61.607.600-0;Lesly Andrea Díaz Aburto;Administrativo;Omar Contreras U.;;RODRIGO MARTINEZ;2;4;0
1057532-82-LE25;ADQUISICION DE KITS PARA DETECCION DE VIRUS Y BACTERIAS RESPIRATORIAS POR METODO MOLECULAR RAPIDO POC MOLECULAR.;Adjudicada;La presente licitación de adquisición de Kits para detención de virus y bacterias respiratorias por método molecular rápido (POC Molecular), permitirán a Hospital Puerto Octay, Hospital Rio Negro y Hospital Purranque otorgar prestaciones de laboratorio relativas a la detección de infecciones respiratorias por métodos rápidos y altamente específicos/sensibles.;LE;CLP;31529050.0;Presupuestó del Servicio de Salud Osorno.;1;Según Resolución Exenta 15578 adjunta.;11-09-2025;25-09-2025;06-10-2025;07-11-2025;;25-09-2025;Bienes y Servicios;61.607.600-0;JACQUELINE  OYARZUN ALVAREZ;Comprador administrativo;D. Sofia Reyes Alarcón;;Rodrigo Martinez Alvarado;0;4;0
1057532-71-LE25;ARRIENDO DE EQUIPOS PARA EL MONITOREO AMBULATORIO DE LA PRESIÓN ARTERIAL Y SERVICIO DE INFORMES: INTERPRETACIÓN Y DIAGNÓSTICO DEL MONITOREO AMBULATORIO DE PRESIÓN ARTERIAL HOLTER DE PRESIÓN ARTERIAL POR VÍA TELEMÁTICA PARA 16 ESTABLECIMIENTOS DE APS D;Desierta (o art. 3 ó 9 Ley 19.886);El Servicio requiere contratar a contar de la aprobación del contrato correspondiente y hasta el 31 de diciembre 2026, servicio de interpretación y diagnóstico de informes para el monitoreo ambulatorio de Presión Arterial (Holter presión arterial), con arriendo de equipos para 17 establecimientos de APS de la Provincia de Osorno año 2025 – 2026;LE;CLP;0.0;;0;;28-08-2025;29-10-2025;10-11-2025;;;29-10-2025;Bienes y Servicios;61.607.600-0;Rubén Uribe;Administrativo;Consuelo Córdoba;;Erwin Camino B.;14;4;0
1057922-47-LP25;ADQUISICIÓN EQUIPOS DE TECNOLOGÍAS DE LA INFORMACIÓN PARA CESFAM CON SAR CHUYACA;Adjudicada;Adquisición equipos de tecnologías de la Información como Computadores, Impresoras (Térmicas, Etiquetadoras, multifuncional, etc..), equipos de comunicaciones, huelleros.;LP;CLP;0.0;;0;;08-09-2025;22-09-2025;13-10-2025;11-11-2025;;22-09-2025;Activos Fijos;61.607.600-0;Ariela Acevedo;PROFESIONAL APOYO;Bruno Ojeda Álvarez;;Rodrigo Martínez Alvarado;0;1;0
1077241-15-LE25;ADQUISICIÓN EQUIPO DE SEDACIÓN CON ÓXIDO NITROSO EN EL MARCO DE PROGRAMA DE RESOLUCIÓN DE LISTAS DE ESPERA GORE-SSO - Código BIP: 40055305-0;Adjudicada;Adquirir equipos en el marco del Programa de Resolución de Listas de Espera GORE-SSO con la finalidad de aumentar la resolución de casos en lista de espera de la Red Asistencial del SSO.;LE;CLP;0.0;;0;;18-10-2025;23-10-2025;30-10-2025;12-11-2025;;23-10-2025;Administración de Fondos;61.607.600-0;Ariela Acevedo;PROFESIONAL APOYO;Marco González Faine;;Rodrigo Martínez Alvarado;0;1;0
1057532-91-LE25;Servicio de Mudanza para Profesionales Funcionarios;Adjudicada;La presente licitación tiene por objeto contratar el servicio de mudanzas requeridas por los profesionales funcionarios que solicitan beneficio de acuerdo a lo que señala el art. 29 inciso 1° de la Ley N° 15.076, ya sea por inicio etapa destinación y formación, inicio formación de especialidad y retorno de especialidad para cumplir con periodo asistencial obligatorio para el año 2025.;LE;CLP;0.0;Servicio de Salud Osorno;0;;16-09-2025;;03-10-2025;12-11-2025;;16-09-2025;Bienes y Servicios;61.607.600-0;Rubén Uribe;Administrativo;Alicia Vidal P.;;Erwin Camino B.;3;4;0
1057532-58-LE25;Adquisición de Insumos para el Control de Salud Cardiovascular en Atención Primaria;Adjudicada;Mejorar/Reponer insumos para el control de salud de la persona con ECNT que se atiende en los centro de Atención Primaria de la provincia de Osorno;LE;CLP;17886560.0;P.A.G.E.D Componente cardio Vascular;1;;17-07-2025;03-09-2025;15-09-2025;13-11-2025;;03-09-2025;Bienes y Servicios;61.607.600-0;Rubén Uribe;Administrativo;Consuelo Córdoba;;Erwin Camino B.;0;1;0
1077241-12-LE25;ADQUISICIÓN ELECTROBISTURÍ CON MÓDULO DE ÁRGON PARA PROGRAMA DE CAPACITACIÓN PARA LA PREVENCIÓN Y DIAGNÓSTICO PRECOZ DEL CÁNCER COLORRECTAL PREVEC;Adjudicada;Contar con equipo electrobisturí para ejecución de colonoscopías y para entrenamiento de cirujanos de la provincia o Macrored en procedimientos colonoscópicos, en contexto Programa Prevec, con el objetivo de asegurar la calidad y seguridad de estos procedimientos, de acuerdo a estándares internacionales.;LE;CLP;52000000.0;Fondos GORE;1;;07-10-2025;23-10-2025;03-11-2025;17-11-2025;;23-10-2025;Administración de Fondos;61.607.600-0;Ariela Acevedo;PROFESIONAL APOYO;Mario Aburto Foitzich;;Rodrigo Martínez Alvarado;0;1;0
1057532-53-LP25;CONVENIO DE SERVICIOS DE MANTENCION PREVENTIVA CORRECTIVA YO REPARATIVA PARA VEHICULOS MULTIMARCAS DEPENDIENTES DEL SERVICIO DE SALUD OSORNO 2026-2027;Adjudicada;F3-138-BMC-Contar con los servicios de mantención preventiva, correctiva y/o reparativas para vehículos multimarcas de la Red  Asistencial del Servicio de Salud Osorno y de esta manera mantener en buen estado mecánico, seguridad y confortabilidad todo los vehículos motorizados.;LP;CLP;200000000.0;SECTORIAL;1;;02-07-2025;10-10-2025;30-10-2025;18-11-2025;;10-10-2025;Bienes y Servicios;61.607.600-0;Bastian Miranda Coronado;PROFESIONAL;FELIPE SALVO BARRIGA;;RODRIGO MARTINEZ;24;4;0
1057532-90-LP25;Convenio Servicios de Mantención Equipo de Mamografía Móvil y Equipos de Imagenología SSO periodo  2026-2027;Desierta (o art. 3 ó 9 Ley 19.886);El Servicio requiere contratar un servicio de mantención desde el 01 de enero de 2026 hasta el 31 de diciembre de 2027 llamado   “Convenio Servicios de Mantención de Equipo de Mamografía Móvil y Equipos de Imagenología del Servicio de Salud Osorno  Periodo 2026-2027”. Dado que los equipos aquí considerados no contarán con garantía técnica de post venta del fabricante y/o  proveedor que lo suministró, por lo tanto, esta licitación asegurará que se realicen todos los servicios de mantenciones  preventivas programadas y cualquier reparación que surja durante dicho periodo.;LP;CLP;0.0;Servicio Salud Osorno;0;;15-09-2025;29-10-2025;18-11-2025;;;29-10-2025;Bienes y Servicios;61.607.600-0;Rubén Uribe;Administrativo;khris Silva;;Erwin Camino B.;48;4;0
1057532-100-LP25;CUPOS DÍA HOGAR PROTEGIDO HOMBRES EN PROV. OSORNO;Adjudicada;ADQUISICIÓN 8 CUPOS DÍA HOGAR PROTEGIDO PARA HOMBRES PARA EL SERVICIO DE SALUD OSORNO EN LA PROVINCIA DE OSORNO;LP;CLP;0.0;;0;;08-10-2025;;24-10-2025;18-11-2025;;14-10-2025;Bienes y Servicios;61.607.600-0;Lesly Andrea Díaz Aburto;Administrativo;ANTONIA CAIFIL;;RODRIGO MARTINEZ;12;4;0
1057922-46-LE25;ADQUISICIÓN EQUIPOS Y EQUIPAMIENTO PARA HABILITACIÓN DE CECOSF EL ENCANTO;Adjudicada;Adquisición de equipos y equipamiento para habilitación de CECOSF El Encanto, comuna de Puyehue.;LE;CLP;32287000.0;;1;;05-09-2025;03-10-2025;13-10-2025;19-11-2025;;03-10-2025;Activos Fijos;61.607.600-0;Ariela Acevedo;PROFESIONAL APOYO;Miguel Navarro Salgado;;Rodrigo Martínez Alvarado;0;1;0
1077241-16-LE25;Insumos personalizados Programa Preventivo Cáncer;Adjudicada;Adquisición de insumos personalizados para Programa de Promoción, Prevención y Diagnóstico precoz de cánceres más prevalentes en mujeres de la Provincia de Osorno y “Mer-chandising” para programa de prevención de cáncer de pulmón y otros asociados a consumo de tabaco.;LE;CLP;11472950.0;;1;;;29-10-2025;10-11-2025;20-11-2025;;29-10-2025;Administración de Fondos;61.607.600-0;Verónica Aracely Márquez Aguila;Comprador;Carla Nannig;;RODRIGO MARTINEZ ALVARADO;0;1;0
1057532-103-LE25;“CONVENIO DE SUMINISTRO DE AYUDAS TÉCNICAS AÑO 2026”;Adjudicada;La presente licitación tiene como objeto proveer de ayudas técnicas (AATT) a la red asistencial en el contexto de las Garantías Explícitas en Salud en su Problema de Salud 36 y del Piloto NO GES de AATT de 45 a 64 años. Dicha adquisición permitirá que los establecimientos de salud de nuestra red asistencial puedan cumplir con la garantía GES, entregando AATT a los usuarios(as) de la provincia de Osorno según sus necesidades. Si bien el contrato de suministro es centralizado a nivel de la Dirección del Servicio de Salud, cada Hospital dependiente del Servicio, ha programado la compra estimada de Ayudas Técnicas y será responsable del proceso administrativo para la gestión desde el momento de la emisión de Orden de compra y Pago de Factura. Las entregas serán en la Droguería del SSO para los establecimientos HPU, HRN, HPO, HPu Mulen y HFSRKMM, y en el HBSJO.;LE;CLP;0.0;Programas Ayudas Tecnicas 2026;0;Según Resolución Exenta adjunta;13-10-2025;21-10-2025;03-11-2025;21-11-2025;;21-10-2025;Bienes y Servicios;61.607.600-0;JACQUELINE  OYARZUN ALVAREZ;Comprador administrativo;Camila Alvarez Velasquez;;Rodrigo Martinez Alvarado;12;4;0
1057922-44-R125;ADQUISICIÓN DE ELECTRODOMÉSTICOS PARA CESFAM CON SAR CHUYACA Y CECOSF EL ENCANTO COMUNA DE PUYEHUE;Adjudicada;F5-034-BMC-ADQUISICION DE EQUIPOS MEDICOS Y NO MEDICOS PARA CESFAM CON SAR CHUYACA.  F5-037-BMC-ADQUISICION DE EQUIPOS Y EQUIPAMIENTO PARA HABILITACION DE CECOSF EL ENCANTO, COMUNA DE PUYEHUE;LE;CLP;0.0;;0;;29-08-2025;22-09-2025;29-09-2025;21-11-2025;;22-09-2025;Activos Fijos;61.607.600-0;Bastian Miranda Coronado;PROFESIONAL;;;;0;1;0
1057532-67-LE25;ADQUISICION VESTUARIO INSTITUCIONAL AUXILIARES SSO 2° LLAMADO;Adjudicada;ADQUISICION VESTUARIO INSTITUCIONAL PARA ESTAMENTO AUXILIARES SERVICIO SALUD OSORNO, 2° LLAMADO;LE;CLP;0.0;;0;;11-08-2025;29-09-2025;09-10-2025;21-11-2025;;29-09-2025;Bienes y Servicios;61.607.600-0;Lesly Andrea Díaz Aburto;Administrativo;DAVID SERRANO;;RODRIGO MARTINEZ;0;1;0
1057532-75-LP25;ARRIENDO DE 159 EQUIPOS COMPUTACIONALES AIO;Desierta (o art. 3 ó 9 Ley 19.886);F3-184-NAM Arriendo de 159 Equipos PC AIO y plataforma de seguimiento de requerimientos para apoyar los procesos clínicos y administrativos.   Dar continuidad al actual contrato de arriendo de 159 PC AIO.;LP;CLP;333308520.0;Sectorial;1;;01-09-2025;24-09-2025;14-10-2025;21-11-2025;;24-09-2025;Bienes y Servicios;61.607.600-0;NICOLAS ASENCIO MOREIRA;COMPRADOR;Alvaro Montecinos;;Rodrigo Martinez;36;4;0
1057532-84-LP25;Convenio Servicios de Mantención de Autoclaves y Planta de Tratamiento Agua de establecimientos dependientes del SSO periodo 2026 - 2027;Adjudicada;El Servicio de Salud Osorno, en adelante “el Servicio”, representado por su Director, actúa como entidad licitante en el Propuesta Pública para el “CONVENIO SERVICIOS DE MANTENCIÓN DE AUTOCLAVES Y PLANTAS DE TRATAMIENTO DE AGUA DE ESTABLECIMIENTOS DEPENDIENTES DEL SERVICIO DE SALUD OSORNO PERIODO 2026-2027” de acuerdo a las condiciones establecidas en las presentes bases administrativas, técnicas y anexos, aprobados previamente por la autoridad competente y de acuerdo a lo solicitado en Formulario Solicitud de Compra N°95 del Depto. de Ingeniería Clínica del Servicio Salud Osorno.;LP;CLP;0.0;Servicio de Salud Osorno;0;;11-09-2025;22-09-2025;13-10-2025;24-11-2025;;22-09-2025;Bienes y Servicios;61.607.600-0;Rubén Uribe;Administrativo;Khris Silva Vargas;;Erwin Camino B.;24;4;0
1057532-94-LP25;Convenio Servicios de Mantención de Grupos Electrógenos de Establecimientos dependientes del SSO periodo 2026 - 2027;Adjudicada;El Servicio requiere contratar un servicio de mantención desde el 01 de enero de 2026 hasta el 31 de diciembre de 2027 llamado “Convenio Servicios De Mantención De Grupos Electrógenos De Establecimientos Dependientes Del Servicio De Salud Osorno Periodo 2026-2027”.;LP;CLP;0.0;Servicio Salud Osorno;0;;25-09-2025;01-10-2025;21-10-2025;24-11-2025;;01-10-2025;Bienes y Servicios;61.607.600-0;Rubén Uribe;Administrativo;Khris Silva Vargas;;Erwin Camino B.;24;4;0
1057727-4-LE25;SER. ALIMENTACIÓN Y ORGANIZACION NAVIDAD SSO;Adjudicada;F1-217-NAM Contratar un servicio integral de organización, producción y alimentación para la Celebración de Navidad – Bienestar 2025, destinada a los hijos de los funcionarios del Servicio de Salud Osorno, a realizarse el sábado 6 de diciembre de 2025, en Osorno, entre 14:00 y 20:00 hrs, incluyendo infraestructura, animación y cumplimiento sanitario.;LE;CLP;30000000.0;Bienestar;1;;;13-11-2025;24-11-2025;27-11-2025;;13-11-2025;Bienestar;61.607.600-0;NICOLAS ASENCIO MOREIRA;COMPRADOR;Claudia Centeno;;Rodrigo Martinez Alvarado;0;1;0
1077241-18-CO25;CON. EXAMENES DE ENDOSCOPIA DIGESTIVA ALTA 3°LLAMADO SSO;Desierta (o art. 3 ó 9 Ley 19.886);CONVENIO DE PRESTACIÓN DE SERVICIO DE ENDOSCOPIA DIGESTIVA ALTA PARA PACIENTES DE HOSPITALES PTO. OCTAY, QUILACAHUIN Y FUTA SRUKA LAWENCHE DE LA RED DEL SERVICIO DE SALUD OSORNO, 3° LLAMADO;CO;CLP;0.0;;0;;13-11-2025;20-11-2025;27-11-2025;;;20-11-2025;Administración de Fondos;61.607.600-0;Lesly Andrea Díaz Aburto;Administrativo;Omar Contreras;;RODRIGO MARTINEZ;2;4;0
1057922-54-LE25;ADQUISICIÓN DE EQUIPAMIENTO DE ESTIMULACIÓN PARA HABILITACIÓN COSAM RAHUE;Adjudicada;Adquisición de equipamiento médico menor para habilitación de COSAM Rahue, comuna de Osorno.;LE;CLP;13722000.0;;1;;27-10-2025;04-11-2025;10-11-2025;28-11-2025;;04-11-2025;Activos Fijos;61.607.600-0;Ariela Acevedo;PROFESIONAL APOYO;Miguel Navarro Salgado;;Rodrigo Martínez Alvarado;0;1;0
1057532-70-R125;ONVENIO SERVICIOS DE MANTENCIÓN EQUIPOS DE IMAGENOLOGÍA DE ESTABLECIMIENTOS DEPENDIENTES D PERIODO 2026-2027;Adjudicada;contratar un servicio de mantención desde el 01 de enero de 2026 hasta el 31 de diciembre de 2027 llamado “Convenio de Servicios de Mantención de Equipos de Imagenología de Establecimientos dependientes del Servicio Salud Osorno Periodo 2026-2027;LE;CLP;0.0;;0;;20-08-2025;;15-09-2025;28-11-2025;12-11-2025;04-09-2025;Bienes y Servicios;61.607.600-0;Rubén Uribe;Administrativo;;;;24;4;0
1057532-108-LE25;ADQUISICION PASTAS DENTALES INFANTILES PROGRAMA SEMBRANDO SONRISAS - GES 6 AÑOS DEL S.S.O.;Adjudicada;La presente licitación de adquisición de pastas dentales infantiles para entrega a paciente GES 6 años en Establecimientos de Salud, y niños y niñas pre escolares que participan del Programa Sembrando Sonrisas en jardines infantiles, y pre kínder y kínder de establecimientos educacionales de la Provincia de Osorno.;LE;CLP;0.0;Programas Ministeriales;0;Según resolución adjunta;21-10-2025;05-11-2025;11-11-2025;02-12-2025;;05-11-2025;Bienes y Servicios;61.607.600-0;JACQUELINE  OYARZUN ALVAREZ;Comprador administrativo;Alex Paredes;;Rodrigo Martinez Alvarado;0;4;0
1057922-51-LE25;ADQUISICIÓN DE EQUIPOS Y EQUIPAMIENTO NO MÉDICO PARA CESFAM CON SAR CHUYACA;Adjudicada;"F5-050-BMC-ADQUISICIÓN DE EQUIPOS Y EQUIPAMIENTO NO MÉDICO PARA CESFAM CON SAR CHUYACA  (*) Se reduce el plazo de publicación de acuerdo a lo establecido en numeral 2.3 ""Etapas y Plazos"" y adjunto denominado ""Informe técnico N°35/2025""";LE;CLP;26264000.0;SECTORIAL;1;;03-10-2025;12-11-2025;18-11-2025;03-12-2025;;12-11-2025;Activos Fijos;61.607.600-0;Bastian Miranda Coronado;PROFESIONAL;MARIA ELENA MUÑOZ;;RODRIGO MARTINEZ;0;1;0
1057727-7-LE25;ALIMENTACIÓN EVENTO NAVIDAD BIENESTAR 2do llamado;Adjudicada;F1-217-NAM Contratar un servicio ialimentación para la Celebración de Navidad – Bienestar 2025, destinada a los hijos de los funcionarios del Servicio de Salud Osorno, a realizarse el sábado 6 de diciembre de 2025, en Osorno, entre 14:00 y 20:00 hrs, incluyendo infraestructura, animación y cumplimiento sanitario.;LE;CLP;0.0;Bienestar;0;;27-11-2025;27-11-2025;02-12-2025;04-12-2025;;27-11-2025;Bienestar;61.607.600-0;NICOLAS ASENCIO MOREIRA;COMPRADOR;Claudia Centeno;;Rodrigo Martinez Alvarado;0;1;0
1057922-58-LP25;ADQUISICIÓN EQUIPOS DE TECNOLOGÍAS DE LA INFORMACIÓN PARA COSAM RAHUE Y CECOSF EL ENCANTO;Adjudicada;Adquisición de equipos de tecnología de la información para apoyar los procesos y operación de sistemas de COSAM Rahue y CECOSF El Encanto.;LP;CLP;177250000.0;;1;;13-11-2025;18-11-2025;28-11-2025;05-12-2025;;18-11-2025;Activos Fijos;61.607.600-0;Ariela Acevedo;PROFESIONAL APOYO;Bruno Ojeda Álvarez;;Rodrigo Martínez Alvarado;0;1;0
1057727-5-LE25;Producción de Eventos para actividad HBSJO;Adjudicada;El Servicio de Salud Osorno, en adelante “el Servicio”, representado por su Director, actúa como Entidad Licitante en la Propuesta Pública para la Centro de Eventos con servicio de Producción de eventos para actividad del Servicio de Bienestar del Hospital Base San José de Osorno, de acuerdo a las condiciones establecidas en las presentes bases administrativas, técnicas, anexos y formularios, aprobados por la autoridad competente del Servicio de Salud, y de acuerdo a lo solicitado en el FSC N°3, Folio N°2 del Departamento Desarrollo Organizacional y Calidad de Vida Laboral H.B.S.J.O;LE;CLP;0.0;;0;;21-11-2025;28-11-2025;04-12-2025;05-12-2025;;28-11-2025;Bienestar;61.607.600-0;Jonathan Salvo Currin;Profesional;FRANCISCO BAEZA SOTO;;Rodrigo Martínez Alvarado;0;1;0
1057532-114-LP25;PRESTACIONES PROG. DE REHABILITACIÓN TIPO II SSO;Adjudicada;ADQUISICIÓN DE PRESTACIONES PARA PROGRAMA DE REHABILITACIÓN TIPO II PARA EL SERVICIO DE SALUD OSORNO EN LA CIUDAD DE OSORNO. Se reduce plazo de publicación debido a que se requiere contratar prestaciones ya reguladas a través de normas técnicas, por lo que no requiere mayor análisis ni preparación.;LP;CLP;0.0;;0;;;07-11-2025;21-11-2025;09-12-2025;;07-11-2025;Bienes y Servicios;61.607.600-0;Lesly Andrea Díaz Aburto;Administrativo;ANTONIA CAIFIL;;RODRIGO MARTINEZ;12;4;0
1057922-57-LP25;ADQUISICION EQUIPOS DE TECNOLOGIAS DE LA INFORMACION PARA CESFAM CON SAR CHUYACA;Adjudicada;F5-025-BMC-Adquisición equipos de tecnologías de la información como computadores, impresoras(térmicas, multifuncional etc., equipos de comunicaciones.  (*)Se reduce el plazo de publicación de acuerdo a lo estipulado en el numeral 2.3 de las bases (Ver Certificado Técnico Adjunto);LP;CLP;172692000.0;SECTORIAL;1;;10-11-2025;18-11-2025;28-11-2025;09-12-2025;;18-11-2025;Activos Fijos;61.607.600-0;Bastian Miranda Coronado;PROFESIONAL;BRUNO OJEDA;;RODRIGO MARTINEZ;0;1;0
1057922-55-LE25;ADQ. DE EQUIPAMIENTO MENOR PARA CESFAM+SAR CHUYACA;Adjudicada;F5-049-AAN/Adquisición de equipamiento médico menor para CESFAM con SAR Chuyaca.;LE;CLP;26446000.0;;1;;10-11-2025;12-11-2025;19-11-2025;09-12-2025;;12-11-2025;Activos Fijos;61.607.600-0;Ariela Acevedo;PROFESIONAL APOYO;Miguel Navarro Salgado;;Rodrigo Martínez Alvarado;0;1;0
1057532-105-LE25;CONVENIO SUMINISTRO PETROLEO DIESEL PARA CALDERAS Y GENERADORES DE DISPOSITIVOS DEPENDIENTES DEL SERVICIO DE SALUD OSORNO DE ENERO A DICIEMBRE 2026;Adjudicada;La presente tiene por objeto la contratación del Suministro de petróleo diésel para calderas y generadores de establecimientos dependientes del Servicio De Salud Osorno, por el periodo de enero a diciembre 2026.;LE;CLP;0.0;Presupuestó del Servicio de Salud Osorno.;0;De acuerdo a las bases.;15-10-2025;30-10-2025;10-11-2025;10-12-2025;;30-10-2025;Bienes y Servicios;61.607.600-0;JACQUELINE  OYARZUN ALVAREZ;Comprador administrativo;PABLO OYARZO DIAZ;;Rodrigo Martinez Alvarado;12;4;0
1057922-56-LE25;ADQUISICIÓN DE EQUIPOS MÉDICOS HABILTACIÓN PARA CESFAM+SAR CHUYACA;Adjudicada;Adquisición de Equipo y Equipamiento Médico para CESFAM con SAR Chuyaca.;LE;CLP;67537000.0;;1;;10-11-2025;17-11-2025;24-11-2025;10-12-2025;;17-11-2025;Activos Fijos;61.607.600-0;Ariela Acevedo;PROFESIONAL APOYO;Miguel Navarro Salgado;;Rodrigo Martínez Alvarado;0;1;0
1077241-19-LE25;Confección de Contenciones Estampadas para Altas de Tratamiento de Ortodoncia del Programa de Resolución de Ortodoncia en Niños Niñas y Adolescentes;Desierta (o art. 3 ó 9 Ley 19.886);El Servicio requiere contratar, a contar de la Resolución que Apruebe el correspondiente contrato y hasta el mes de mayo de 2026, un Convenio de Suministro que realice la confección de contenciones estampadas para altas de tratamiento de Ortodoncia del Programa Resolución de Ortodoncia en niños(as) y adolescente, con el objeto de dar finalización a tratamientos de ortodoncia realizado por medio del Programa “Construyendo Nuevas Sonrisas”, los cuales se ejecutan en el Hospital Base San José Osorno.;LE;CLP;0.0;;0;;20-11-2025;20-11-2025;01-12-2025;11-12-2025;12-02-2026;20-11-2025;Administración de Fondos;61.607.600-0;Rubén Uribe;Administrativo;Marco Gonzalez F.;;Erwin Camino B.;6;4;0
1180747-3-LR25;Mejoramiento Eléctrico Hospital de Rio Negro;Adjudicada;CONTRATAR LA COMPRA Y PROVISION DEL SISTEMA COMPLETO DE LA INSTALACION ELECTRICA Y CORRIENTES DEBILES DEL HOSPITAL DE RIO NEGRO, INCLUYENDO EL SISTEMA DE RESPALDO AUTÓNOMO.;LR;CLP;0.0;FNDR;0;;;;29-09-2025;11-12-2025;28-11-2025;20-08-2025;Compras Convenio GORE Region de Los Lagos;61.607.600-0;JUAN FELIPE ROJEL HUENTRO;PROFESIONAL DE APOYO;Carlos Toledo;;Gobierno Regional de Los Lagos;28;4;0
1057532-121-LP25;Convenio de Movilización Año 2026 Nuevo Llamado;Adjudicada;Se requiere la contratación para los dispositivos Servicio de Salud Osorno año 2026 de acuerdo a las especificaciones técnicas señaladas en las bases de la licitación.;LP;CLP;140000000.0;;1;;19-11-2025;21-11-2025;09-12-2025;12-12-2025;;21-11-2025;Bienes y Servicios;61.607.600-0;Verónica Aracely Márquez Aguila;Comprador;PAOLA CEBALLOS;;RODRIGO MARTINEZ ALVARADO;12;4;0
1180747-5-LR25;Construcción Posta de Salud Rural La Poza Nuevo llamado;Adjudicada;Construcción Posta de Salud Rural La Poza, San Pablo, Nuevo llamado;LR;CLP;906942000.0;FNDR;1;;28-08-2025;01-09-2025;15-10-2025;12-12-2025;30-12-2025;01-09-2025;Compras Convenio GORE Region de Los Lagos;61.607.600-0;JUAN FELIPE ROJEL HUENTRO;PROFESIONAL DE APOYO;Carlos Toledo;;Gobierno Regional de Los Lagos;28;4;0
1057532-89-LP25;Convenio Servicios De Mantención de Calderas Y Red De Calefacciónvapor de Establecimientos Dependientes del SSO periodo 2026 - 2027;Adjudicada;El Servicio requiere contratar un servicio de mantención desde el 01 de enero de 2026 hasta el 31 de diciembre de 2027 llamado “Convenio Servicios De Mantención De Calderas Y Red De Calefacción/Vapor De Establecimientos Dependientes Del Servicio De Salud Osorno Periodo 2026-2027”. Dado que los equipos aquí considerados no contarán con garantía técnica de post venta del fabricante y/o proveedor que lo suministró, por lo tanto, esta licitación asegurará que se realicen todos los servicios de mantenciones preventivas programadas, cualquier reparación que surja durante dicho periodo y las pruebas reglamentarias establecidas en Decreto Supremo N°10/2012.;LP;CLP;0.0;Servicio Salud Osorno;0;;15-09-2025;28-10-2025;17-11-2025;16-12-2025;;28-10-2025;Bienes y Servicios;61.607.600-0;Rubén Uribe;Administrativo;Khris Silva vargas;;Erwin Camino Borquez;24;4;0
1057532-113-LP25;SISTEMA DIGITAL DE COMUNICACIONES CON TECNOLOGÍA POC Y CONTROL DE FLOTA INTEGRADO A SISTEMA VHF Y TRBONET DE SERVICIO DE SALUD OSORNO;Adjudicada;El Servicio de Salud Osorno requiere contratar, el servicio de implementación de sistema POC y control de flota, integrado al sistema VHF SSO actual y con conexión canal “SAMU Nacional”, con la finalidad de aumentar conectividad de 13 establecimientos de salud y 38 móviles de la red, para el control y comunicación habitual y en situaciones de urgencia / emergencia.;LP;CLP;0.0;Presupuestó del Servicio de Salud Osorno.;0;Según Resolución Exenta adjunta;29-10-2025;05-11-2025;25-11-2025;17-12-2025;;05-11-2025;Bienes y Servicios;61.607.600-0;JACQUELINE  OYARZUN ALVAREZ;Comprador administrativo;Catalina Alejandra Vera Castro;;Rodrigo Martinez Alvarado;36;4;0
1057532-115-LE25;ARRIENDO ELECTROCARDIOGRAFOS E INFORMES RED URGENC;Adjudicada;CONVENIO SUMINISTROS ARRIENDO DE ELECTROCRADIOGRAFOS E INFORMES DE ELECTROCARDIOGRAMAS PARA ESTABLECIMIENTOS DE SALUD DE LA RED DE URGENCIAS OSORNO;LE;CLP;0.0;;0;;29-10-2025;07-11-2025;21-11-2025;17-12-2025;;07-11-2025;Bienes y Servicios;61.607.600-0;Lesly Andrea Díaz Aburto;Administrativo;CONSUELO CORDOVA;;RODRIGO MARTINEZ;12;4;0
1057532-102-LE25;CONVENIO SERVICIOS DE MANTENCIÓN DE EQUIPOS DE AIRE ACONDICONADO DE ESTABLECIMIENTOS DEPENDIENTES DEL SSO PRIODO 2026-2027;Adjudicada;El Servicio requiere contratar un servicio de mantención desde el 01 de enero de 2026 hasta el 31 de diciembre de 2027 llamado “Convenio De Servicios De Mantención De Equipos De Aire Acondicionado De Establecimientos Dependientes Del Servicio De Salud Osorno Periodo 2026-2027”. Dado que los equipos aquí considerados no contarán con garantía técnica de post venta del fabricante y/o proveedor que lo suministró, por lo tanto, esta licitación asegurará que se realicen todos los servicios de mantenciones preventivas programadas y cualquier reparación que surja durante dicho periodo.;LE;CLP;0.0;Servicio de Salud Osorno;0;;08-10-2025;20-10-2025;03-11-2025;17-12-2025;;20-10-2025;Bienes y Servicios;61.607.600-0;Rubén Uribe;Administrativo;Khris Silva Vargas;;Erwin Camino Borquez;24;4;0
1057532-93-LE25;Convenio Servicios de Mantención de Equipos de Lavandería  periodo 2026 - 2027;Adjudicada;El Servicio requiere contratar un servicio de mantención desde el 01 de enero de 2026 hasta el 31 de diciembre de 2027 llamado “Convenio Servicios De Mantención De Equipos De Lavandería De Establecimientos Dependientes Del Servicio De Salud Osorno Periodo 2026-2027”.;LE;CLP;0.0;;0;;25-09-2025;16-10-2025;27-10-2025;18-12-2025;;16-10-2025;Bienes y Servicios;61.607.600-0;Rubén Uribe;Administrativo;Khris Silva Vargas;;Erwin Camino;24;4;0
1057532-106-LE25;Convenio Servicios de Mantención de Equipos Médicos de establecimientos dependientes del SSO Periodo 2026-2027 2do. llamado;Adjudicada;El Servicio requiere contratar un servicio de mantención desde el 01 de enero de 2026 hasta el 31 de diciembre de 2027 llamado “Convenio de Servicios de Mantención de Equipos Médicos de Establecimientos dependientes del Servicio Salud Osorno Periodo 2026-2027, segundo llamado”. Dado que los equipos aquí considerados no contarán con garantía técnica de post venta del fabricante y/o proveedor que lo suministró, por lo tanto, esta licitación asegurará que se realicen todos los servicios de mantenciones preventivas programadas y cualquier reparación que surja durante dicho periodo.;LE;CLP;0.0;Servicio Salud Osorno;0;;15-10-2025;20-11-2025;01-12-2025;18-12-2025;29-01-2026;20-11-2025;Bienes y Servicios;61.607.600-0;Rubén Uribe;Administrativo;khris Silva;;Erwin Camino B.;24;4;0
1057532-123-CO25;ARRIENDO DE EQUIPOS PARA EL MONITOREO AMBULATORIO DE LA PRESIÓN ARTERIAL Y SERVICIO DE INFORMES: INTERPRETACIÓN Y DIAGNÓSTICO DEL MONITOREO AMBULATORIO DE PRESIÓN ARTERIAL HOLTER DE PRESIÓN ARTERIAL POR VÍA TELEMÁTICA PARA 16 ESTABLECIMIENTOS DE APS;Cerrada;El Servicio requiere contratar a contar de la aprobación del contrato correspondiente y hasta el 31 de diciembre 2026, servicio de interpretación y diagnóstico de informes para el monitoreo ambulatorio de Presión Arterial (Holter presión arterial), con arriendo de equipos para 17 establecimientos de APS de la Provincia de Osorno año 2025 – 2026;CO;CLP;0.0;;0;;24-11-2025;09-12-2025;19-12-2025;;03-03-2026;09-12-2025;Bienes y Servicios;61.607.600-0;Rubén Uribe;Administrativo;Consuelo Córdoba;;Erwin Camino B.;12;4;0
1057532-116-LE25;ADQUISICION DE INSUMOS MÉDICOS PARA EL S.S.O. Y SUS DISPOSITIVOS.;Desierta (o art. 3 ó 9 Ley 19.886);La presente licitación de adquisición de adquisición de insumos médicos para el S.S.O. y sus dispositivos.;LE;CLP;11974800.0;P.A.G. E. D. componente Cardiovascular y otros;1;Según Resolución Exenta adjunta;03-11-2025;12-11-2025;24-11-2025;19-12-2025;;12-11-2025;Bienes y Servicios;61.607.600-0;JACQUELINE  OYARZUN ALVAREZ;Comprador administrativo;Consuelo Cordova;;Rodrigo Martinez Alvarado;0;1;0
1057532-124-LE25;CONVENIO SERVICIOS DE MANTENCIÓN DE AUTOCLAVES Y PLANTAS DE TRATAMIENTO DE AGUA DE ESTABLECIMIENTOS DEPENDIENTES DEL SERVICIO DE SALUD OSORNO PERIODO 2026-2027 SEGUNDO LLAMADO”;Cerrada;El Servicio requiere contratar un servicio de mantención desde el 01 de enero de 2026 hasta el 31 de diciembre de 2027 llamado “Convenio Servicios de Mantención de Autoclaves y Plantas de Tratamiento de Agua de Establecimientos dependientes del Servicio de Salud Osorno Periodo 2026-2027, Segundo Llamado”. Dado que los equipos aquí considerados no contarán con garantía técnica de post venta del fabricante y/o proveedor que lo suministró, por lo tanto, esta licitación asegurará que se realicen todos los servicios de mantenciones preventivas programadas y cualquier reparación que surja durante dicho periodo.;LE;CLP;0.0;Servicio Salud Osorno;0;;24-11-2025;;22-12-2025;;18-02-2026;01-12-2025;Bienes y Servicios;61.607.600-0;Rubén Uribe;Administrativo;Khris Silva V.;;Erwin Camino B.;24;4;0
1057532-112-R125;INSUMOS PARA CURACIÓN AVANZADA DE HERIDAS SSO;Adjudicada;ADQUISICIÓN DE INSUMOS PARA CURACIÓN AVANZADA DE HERIDAS Y ÚLCERAS DE PIE DIABETICO Y ULCERA VENOSA EN APS, SERVICIO SALUD OSORNO. Se reduce el plazo a la mitad según lo establecido en el Art. 46, Reglamento 661/2024S, por ser bienes estándar de simple y objetiva especificación y razonablemente la preparación de las ofertas conlleva un esfuerzo menor para los interesados.;LE;CLP;0.0;;0;;23-10-2025;05-11-2025;10-11-2025;23-12-2025;;05-11-2025;Bienes y Servicios;61.607.600-0;Lesly Andrea Díaz Aburto;Administrativo;;;;0;1;0
1057532-83-LE25;CONVENIO DE SERVICIO DE MANTENCIONES PREVENTIVAS CORRECTIVAS YO REPARATIVAS 2026-2027 PARA BUS MITSUBISHI FUSO ROSA DEL HOSPITAL FUTA SRÜKA LAWENCHE KUNKO MAPU MO DEL SSO;Desierta (o art. 3 ó 9 Ley 19.886);F3-139-BMC-contar con los servicios de mantención preventiva, correctiva y/o reparativas para Bus Mitsubishi - Fuso Rosa,  PPU: RK.LX-50 de Hospital Futa Srüka Lawenche Kunko Mapu MO de la Red Asistencial del Servicio de Salud  Osorno y de esta manera mantener en buen estado mecánico, seguridad y confortabilidad bus Mitsubishi - Fuso  Rosa, PPU: RK.LX-50, como a su vez mantener la garantía otorgada por la concesionaria del vehículo, lo anterior  cuando corresponda.;LE;CLP;30000000.0;SECTORIAL;1;;11-09-2025;21-11-2025;01-12-2025;23-12-2025;;21-11-2025;Bienes y Servicios;61.607.600-0;Bastian Miranda Coronado;PROFESIONAL;FELIPE SALVO BARRIGA;;RODRIGO MARTINEZ;12;4;0
1057532-129-LE25;Convenio de Movilización para COSAM Rahue y COSAM Oriente dependientes del Servicio de Salud Osorno año 2026.;Cerrada;Se requiere la contratación de Servicio de Movilización para COSAM Rahue y COSAM Oriente, dependientes del Servicio de Salud Osorno, año 2026. De acuerdo a las especificaciones técnicas señaladas en las bases de la licitación.;LE;CLP;40866650.0;Servicio de Salud Osorno;1;;16-12-2025;18-12-2025;26-12-2025;;;18-12-2025;Bienes y Servicios;61.607.600-0;Verónica Aracely Márquez Aguila;Comprador;Paola Ceballos;;Erwin Camino;12;4;0
1057532-107-LE25;CUPOS ADICIONALES BENEFICIO SALA CUNA SSO;Adjudicada;CONTRATACION CUPOS ADICIONALES PARA EL SERVICIO DE ADMINISTRACIÓN DEL BENEFICIO DE SALA CUNA PARA HIJOSAS FUNCIONARIAS DEPENDIENTES DEL SERVICIO DE SALUD OSORNO.   Se reduce el plazo de publicación, debido a que el Servicio es de simple y objetiva especificación, siendo solo una compra de cupos en Sala Cuna, lo cual no requiere mayor esfuerzo para la preparación de las ofertas;LE;CLP;0.0;SERVICIO DE SALUD OSORNO;0;;;05-11-2025;17-11-2025;29-12-2025;;05-11-2025;Bienes y Servicios;61.607.600-0;Lesly Andrea Díaz Aburto;Administrativo;CLAUDIA MUÑOZ;;RODRIGO MARTINEZ;12;4;0
1057532-98-LP25;SERVICIO DE ALIMENTACIÓN PARA USUARIOS CDR ADULTO;Adjudicada;SERVICIO DE ALIMENTACIÓN PARA USUARIOS CDR ADULTO;LP;CLP;80000000.0;Servicio de Salud Osorno;1;De acuerdo a la Resolucion Exenta N 17660 fecha 03.11.2025;02-10-2025;;24-11-2025;29-12-2025;;04-11-2025;Bienes y Servicios;61.607.600-0;Alicia Vidal Paredes;Comprador Administrativo;Celia Castro;;Rodrigo Martinez Alvarado;12;4;0
1180747-7-LR25;Construcción Sala de Acogida Intercultural Sruka Hospital Base San José Osorno;Desierta (o art. 3 ó 9 Ley 19.886);El Servicio de Salud Osorno busca contratar la construcción de una Sala de Acogida Intercultural (Sruka) en el Hospital Base San José de Osorno. Este proyecto, con una superficie de 128,9 m², incluirá los siguientes espacios:    Sala multiuso    Kitchenette    Puestos de trabajo administrativo    Baños universales    La nueva edificación se ubicará en las cercanías del acceso al Consultorio Adosado de Especialidad (CAE) del mismo hospital.;LR;CLP;383913000.0;FNDR;1;;23-09-2025;;25-11-2025;30-12-2025;;03-10-2025;Compras Convenio GORE Region de Los Lagos;61.607.600-0;JUAN FELIPE ROJEL HUENTRO;PROFESIONAL DE APOYO;Carlos Toledo;;Gobierno Regional de Los Lagos;28;4;0
1057532-104-R125;CONV. TELE ELECTROCARDIOGRAFÍA A DISTANCIA RED APS;Adjudicada;CONVENIO DE SERVICIOS DE ARRIENDO E INFORME DE TELE ELECTROCARDIOGRAFÍA A DISTANCIA PARA LOS ESTABLECIMIENTOS DE SALUD DE LA RED DE APS DE LA PROVINCIA DE OSORNO, AÑO 2026 - 2027;LR;CLP;0.0;;0;;;30-10-2025;01-12-2025;02-01-2026;;30-10-2025;Bienes y Servicios;61.607.600-0;Lesly Andrea Díaz Aburto;Administrativo;;;;24;4;0
1057532-109-LP25;CONVENIO CONTROL DE PLAGAS DSSO 2026 Y 2027;Cerrada;CONVENIO POR EL SERVICIO DE DESRATIZACION, SANITIZACION, DESINSECTACION Y OTRAS DE PLAGAS PARA LA DIRECCION DEL SERVICIO DE SALUD OSORNO Y SUS ESTABLECIMIENTOS DEPENDIENTES, PARA LOS AÑOS 2026 Y 2027;LP;CLP;95481792.0;Servicio de Salud Osorno;1;;;12-12-2025;02-01-2026;;03-03-2026;12-12-2025;Bienes y Servicios;61.607.600-0;JUAN FELIPE ROJEL HUENTRO;PROFESIONAL DE APOYO;Carlos Lopez;;Erwin Camino;24;4;0
1057532-110-LE25;Convenio de Servicio Informes de radiografias y ma;Cerrada;Convenio de servicio informes de radiografías y mamografías ambulatorias y urgentes para los Hospitales Dependientes del S.S.O. año 2025;LE;CLP;0.0;Servicio de Salud Osorno;0;;;23-12-2025;02-01-2026;;;23-12-2025;Bienes y Servicios;61.607.600-0;Rubén Uribe;Administrativo;BARBARA MENDEZ;;RODRIGO MARTINEZ;13;4;0
1057532-101-LE25;CONVENIO SERVICIOS DE MANTENCIÓN DE EQUIPOS DE IMAGENOLOGÍA DE RAYOS X DENTAL Y OSTEOPULMONAR DE ESTABLECIMIENTOS DEPENDIENTES DEL SERVICIO DE SALUD OSORNO PERIODO 2026-202;Adjudicada;Contratar un servicio de mantención desde el 01 de enero de 2026 hasta el 31 de diciembre de 2027 llamado Convenio Servicios de Mantención de Equipos de Imagenología de Rayos X Dental y Osteopulmonar de establecimientos dependientes del SSO periodo 2026-2027;LE;CLP;0.0;Servicio Salud Osorno;0;;08-10-2025;05-12-2025;15-12-2025;06-01-2026;11-02-2026;05-12-2025;Bienes y Servicios;61.607.600-0;Rubén Uribe;Administrativo;khris Silva;;Erwin Camino B.;24;4;0
1057532-130-L125;Certificación de Ascensores año 2026 - 2027;Publicada;"El Servicio requiere contratar un servicio de ""CONVENIO DE SERVICIOS DE  CERTIFICACION DE 04 ASCENSORES DE HOSPITALES PU MÜLEN Y FÜTA SRÜKA LAWENCHE KÜNKO MAPU MO PERIODO 2026-2027"".";L1;CLP;3000000.0;;1;;;07-01-2026;23-01-2026;;;;Bienes y Servicios;61.607.600-0;Rubén Uribe;Administrativo;;;;0;0;0
1057532-69-LP25;Suministro Chip para Calderas HFSLKMM y PÚ MÚLEN DE QUILACAHUIN PERIODO DE 24 MESES AÑO 2026-2027;Publicada;ADQUIRIR CHIP PARA CALDERAS DE HOSPITALES INTERCULTURALES DURANTE EL PERIODO 2026-2027;LP;CLP;144000000.0;Fondos Propios;1;;18-08-2025;08-01-2026;28-01-2026;;;08-01-2026;Bienes y Servicios;61.607.600-0;Ivan Vargas Ojeda;Comprador Administrativo;Celia Castro Muñoz;;Rodrigo Martinez Alvarado;24;4;0
1077241-20-CO25;Confección de Contenciones Estampadas para Altas de Tratamiento de Ortodoncia del Programa de Resolución de Ortodoncia en Niños Niñas y Adolescentes;Cerrada;El Servicio requiere contratar, a contar de la Resolución que Apruebe el correspondiente contrato y hasta el mes de mayo de 2026, un Convenio de Suministro que realice la confección de contenciones estampadas para altas de tratamiento de Ortodoncia del Programa Resolución de Ortodoncia en niños(as) y adolescente, con el objeto de dar finalización a tratamientos de ortodoncia realizado por medio del Programa “Construyendo Nuevas Sonrisas”, los cuales se ejecutan en el Hospital Base San José Osorno.;CO;CLP;0.0;programa GORE Extrapresupuestario;0;;11-12-2025;29-12-2025;08-01-2026;;19-03-2026;29-12-2025;Administración de Fondos;61.607.600-0;Rubén Uribe;Administrativo;Marco Gonzalez F.;;Erwin Camino B.;5;4;0
1057532-111-LE25;Convenio Servicios de Mantención de Equipos Críticos de Establecimientos dependientes del SSO Periodo 2026 - 2027 2do. Llamado;Adjudicada;El Servicio requiere contratar un servicio de mantención desde el 01 de enero de 2026 hasta el 31 de diciembre de 2027 llamado “Convenio de Servicios de Mantención de Equipos Críticos de Establecimientos dependientes del Servicio Salud Osorno Periodo 2026-2027, segundo llamado”. Dado que los equipos aquí considerados no contarán con garantía técnica de post venta del fabricante y/o proveedor que lo suministró, por lo tanto, esta licitación asegurará que se realicen todos los servicios de mantenciones preventivas programadas y cualquier reparación que surja durante dicho periodo.;LE;CLP;0.0;Servicio Salud Osorno;0;;23-10-2025;03-12-2025;15-12-2025;09-01-2026;11-02-2026;03-12-2025;Bienes y Servicios;61.607.600-0;Rubén Uribe;Administrativo;khris Silva;;Erwin Camino B.;24;4;0
1057532-125-B225;Convenio Servicios de Mantención Equipo de Mamografía Móvil y Equipos de Imagenología SSO periodo 2026-2027;Desierta (o art. 3 ó 9 Ley 19.886);El Servicio requiere contratar un servicio de mantención desde el 01 de enero de 2026 hasta el 31 de diciembre de 2027 llamado “Convenio Servicios de Mantención de Equipo de Mamografía Móvil y Equipos de Imagenología del Servicio de Salud Osorno Periodo 2026-2027”. Dado que los equipos aquí considerados no contarán con garantía técnica de post venta del fabricante y/o proveedor que lo suministró, por lo tanto, esta licitación asegurará que se realicen todos los servicios de mantenciones preventivas programadas y cualquier reparación que surja durante dicho periodo.;B2;CLP;0.0;Servicio Salud Osorno;0;;28-11-2025;04-12-2025;24-12-2025;09-01-2026;20-02-2026;04-12-2025;Bienes y Servicios;61.607.600-0;Rubén Uribe;Administrativo;khris Silva;;Erwin Camino B.;48;4;0
1057532-97-R126;Convenio de Movilización dispositivos SSO año 2026;Adjudicada;Se requiere la contratación para los dispositivos Servicio de Salud Osorno año 2026 de acuerdo a las especificaciones técnicas señaladas en las bases de la licitación.;LP;CLP;0.0;;0;;;15-10-2025;30-10-2025;12-01-2026;;15-10-2025;Bienes y Servicios;61.607.600-0;Verónica Aracely Márquez Aguila;Comprador;;;;12;4;0
1057532-122-LE25;CONVENIO DE ACCESORIOS PARA VENTILADORES MECANICOS DE TRANSPORTE MONITORES DE SIGNOS VITALES Y DESFIBRILADORES DE BASE SAMU OSORNO PERIODO 2026”;Adjudicada;El Servicio ha elaborado las presentes Bases Administrativas y Técnicas que contienen todos los requerimientos para materializar el “Convenio de accesorios para ventiladores mecánicos de transporte, monitores de signos vitales y desfibriladores de base SAMU Osorno periodo 2026”.  Proceso de compra más eficiente al consolidar en una sola adquisición el suministro de accesorios para su uso en equipos médicos (ventiladores mecánicos de transporte, monitores de signos vitales y desfibriladores) de Base SAMU Osorno.;LE;CLP;0.0;Servicio Salud Osorno;0;;19-11-2025;04-12-2025;15-12-2025;13-01-2026;23-02-2026;04-12-2025;Bienes y Servicios;61.607.600-0;Rubén Uribe;Administrativo;khris Silva;;Erwin Camino B.;12;4;0
1057532-127-LE25;CONVENIO DE SERVICIO DE MANTENCIONES PREVENTIVAS CORRECTIVAS YO REPARATIVAS 2026-2027 PARA BUS MITSUBISHI FUSO ROSA DEL HOSPITAL FUTA SRÜKA LAWENCHE KUNKO MAPU MO DEL SSO;Desierta (o art. 3 ó 9 Ley 19.886);F3-139-BMC-contar con los servicios de mantención preventiva, correctiva y/o reparativas para Bus Mitsubishi - Fuso Rosa, PPU: RK.LX-50 de Hospital Futa Srüka Lawenche Kunko Mapu MO de la Red Asistencial del Servicio de Salud Osorno y de esta manera mantener en buen estado mecánico, seguridad y confortabilidad bus Mitsubishi - Fuso Rosa, PPU: RK.LX-50, como a su vez mantener la garantía otorgada por la concesionaria del vehículo, lo anterior cuando corresponda.;LE;CLP;30000000.0;SECTORIAL;1;;10-12-2025;02-01-2026;12-01-2026;15-01-2026;;02-01-2026;Bienes y Servicios;61.607.600-0;Bastian Miranda Coronado;PROFESIONAL;FELIPE SALVO;;RODRIGO MARTINEZ ALVARADO;24;4;0
1057532-9-LE26;CONVENIO DE SERVICIO DE MANTENCIONES PREVENTIVAS CORRECTIVAS YO REPARATIVAS 2026-2027 PARA BUS MITSUBISHI FUSO ROSA DEL HOSPITAL FUTA SRÜKA LAWENCHE KUNKO MAPU MO DEL SSO;Publicada;CONVENIO DE SERVICIO DE MANTENCIONES PREVENTIVAS CORRECTIVAS Y/O REPARATIVAS 2026-2027 PARA BUS MITSUBISHI FUSO ROSA DEL HOSPITAL FUTA SRÜKA LAWENCHE KUNKO MAPU MO DEL SSO;LE;CLP;30000000.0;SECTORIAL;1;;12-01-2026;15-01-2026;26-01-2026;;;15-01-2026;Bienes y Servicios;61.607.600-0;Bastian Miranda Coronado;PROFESIONAL;FELIPE SALVO;;RODRIGO MARTINEZ ALVARADO;24;4;0
1057532-1-L126;SERVICIO DE MANTENCIÓN Y INSTALACIÓN DE SENSORES DE HUMO PARA COSAM ORIENTE;Cerrada;SE REQUIERE SERVICIO DE MANTENCIÓN Y INSTALACIÓN DE SENSORES DE HUMO PARA COSAM ORIENTE, SEGUN FORMULARIOS ADJUNTOS;L1;CLP;4500000.0;;1;;;12-01-2026;19-01-2026;;;;Bienes y Servicios;61.607.600-0;NICOLAS ASENCIO MOREIRA;COMPRADOR;;;;0;0;0
