CodigoOC;NombreOC;CodigoEstado;EstadoOC;CodigoLicitacion;TipoOC;TipoMoneda;Financiamiento;FormaPago;TipoDespacho;Pais;FechaCreacion;FechaEnvio;FechaAceptacion;FechaCancelacion;FechaUltimaModificacion;PromedioCalificacion;CantidadEvaluacion;TotalNeto;PorcentajeIva;Impuestos;TotalBruto;C_CodigoUnidad;C_Unidad;C_RutUnidad;C_Actividad;C_Direccion;C_Comuna;C_Region;C_Contacto;C_Cargo;C_Email;P_Codigo;P_Nombre;P_Rut;P_Actividad;P_Direccion;P_Comuna;P_Region;P_Contacto;P_Cargo;P_Email;DescripcionOC
1180747-32-SE24;F5-026//ADQ. DE COMPUTADORES PARA POSTAS DE SALUD RURAL COSTA RIO BLANCO;12;Recepción Conforme;1180747-9-L124;SE;CLP;2943;2;7;Other;2024-12-12T17:12:59.07;2024-12-13T10:45:19.633;2024-12-17T12:46:24.08;;2024-12-12T17:18:00;0.0;0;1978020.0;19.0;375824.0;2353844.0;1180747;Compras Convenio GORE Region de Los Lagos;61.607.600-0;Servicio Público;Sin dirección Registrada para Unidad de Compra;Osorno;Región de los Lagos ;Ivan Vargas Ojeda;Comprador Administrativo;;1747904;PRODUCTOS Y SERVICIOS INFORMATICOS TORRES SpA;77.229.656-8;;COLO COLO 222 OF 301 EDIFICIO STUDIO PLUS N° No ha;Concepción;Región del Biobío ;Francisco Rivera;Ejecutivo Comercial;;FSC N° 26 DEPTO DE TECNOLOGIAS DE LA INFORMACION.  ADQ. DE COMPUTADORES PARA POSTAS DE SALUD RURAL DE CHAN CHAN Y COSTA RIO BLANCO NUEVO LLAMADO DESDE 1180747-9-L124, ORDEN DE COMPRA DESDE 1180747-9-L124. Nota: No se podrá emitir factura sin previa recepción conforme de O/C. La factura debe indicar el número de O/C asociada. Enviar factura en archivo xlms y pdf al correo dipresrecepcion@custodium.com.
1057532-2059-AG24;Compra de Folletería 1057532-829-COT24;12;Recepción Conforme;;AG;CLP;;2;7;Other;2024-11-22T09:34:06.613;2024-11-25T11:40:45.067;2024-11-26T10:52:00.23;;2024-11-22T09:53:00;0.0;0;774000.0;19.0;147060.0;921060.0;1057532;Bienes y Servicios;61.607.600-0;Servicio Público;;Osorno;Región de los Lagos ;PAULINA NICOLE LONCOPAN CARRILLO;PROFESIONAL APOYO;;1548926;ECO DIGITAL SPA;76.316.003-3;SERV DE IMPRESIONES DIGITALES,MERCHANDISING,PUBLIC;CHILOE 3040 N° No hay Dato;San Miguel;Región Metropolitana de Santiago;Carlos Andres Marquez Araneda;santiago;;Orden de Compra codigo: 1057532-2059-AG24 dirigida a ECO DIGITAL SPA  NOTA: No se podrá emitir Factura sin previa Recepción Conforme de la OC./ La factura debe indicar N° de OC asociada. Enviar los  documentos mercantiles en archivo xlms y pdf al correo dipresrecepcion@custodium.com
1057532-2046-AG24;FSC N°1 Int. N°610_2024_Insumos Taller Programa PESPI - C. Agil 1057532-844-COT24;12;Recepción Conforme;;AG;CLP;4706;2;7;Other;2024-11-21T10:30:33.627;2024-11-21T14:45:57.767;2024-12-10T12:29:35.83;;2024-11-21T10:57:00;5.0;1;105600.0;19.0;20064.0;125664.0;1057532;Bienes y Servicios;61.607.600-0;Servicio Público;;Osorno;Región de los Lagos ;Cecilia Garay Lemuy;;;1168040;ANDRÉS DORIJO GALLARDO BAIVERO;13.118.648-7;EDICION DE PERIODICOS, REVISTAS Y PUBLICACIONES PERIODICAS| OTROS TIPOS DE TRANSPORTE NO REGULAR DE PASAJEROS N.C.P.| ACTIVIDADES DE ASESORAMIENTO EMPRESARIAL Y EN MATERIA DE GESTION| EMPRESAS DE PUBLICIDAD| SERVICIOS PERSONALES EN PUBLICIDAD| ACTIVIDADES;Ramirez 959 oficina 201 segundo Piso;Ancud;Región de los Lagos ;Andres Dorijo Gallardo Baivero;Gerente ;;FSC N°1 Int. N°610_2024_Insumos Taller (Letreros de Acrilico) Programa PESPI - C. Agil 1057532-844-COT24. NOTA: No se podrá emitir factura sin previa recepción conforme de O/C. La factura debe indicar el Número de O/C asociada. Enviar los  documentos mercantiles en archivo xlms y pdf al correo dipresrecepcion@custopdium.com.
1057532-2240-AG24;F2-485 Adquisicion de medicamentos/compra ágil: 1057532-900-COT24;12;Recepción Conforme;;AG;CLP;;2;7;Other;2024-12-24T12:05:42.603;2024-12-26T10:31:12.347;2024-12-26T11:22:58.5;;2024-12-26T10:28:00;0.0;0;885000.0;19.0;168150.0;1053150.0;1057532;Bienes y Servicios;61.607.600-0;Servicio Público;;Osorno;Región de los Lagos ;JACQUELINE OYARZUN ALVAREZ;Comprador administrativo;;1580697;ADN FARMACEUTICA SPA;76.786.297-0;DROGUERIA;SAN PABLO N° 9900;Pudahuel;Región Metropolitana de Santiago;ADN FARMACEUTICA SPA;Socio Gerente;;F.S.C. N°485 Adquisición de medicamento para dar continuidad a tratamientos de pacientes del COSAM Oriente/Orden de Compra N°1057532-2240-AG24 dirigida a ADN FARMACEUTICA SPA.  Nota: No se podrá emitir factura sin previa recepción conforme de O/C. La factura debe indicar el Número de O/C asociada, de acuerdo Ley 20.727 de Enero del 2014.  Enviar los documentos mercantiles en archivo xlms y pdf al correo dipresrecepcion@custodium.com
1057532-1975-AG24;F1-615  Orden de Compra generada por invitación a compra ágil: 1057532-800-COT24;12;Recepción Conforme;;AG;CLP;;2;7;Other;2024-11-14T08:27:39.41;2024-11-14T14:32:46.157;2024-11-19T16:46:47.02;;2024-11-14T08:35:00;0.0;0;339090.0;19.0;64427.0;403517.0;1057532;Bienes y Servicios;61.607.600-0;Servicio Público;;Osorno;Región de los Lagos ;Miguel Aro;Administrativo;;1985626;DISTRIBUIDORA DEL SUR OSORNO SPA;78.013.407-0;OTRAS ACTIVIDADES DE VENTA AL POR MENOR EN COMERCIOS NO ESPECIALIZADOS;LOS LAURELES 1907 O. MUNZENMAYER 1907;Osorno;Región de los Lagos ; ;;;Orden de Compra codigo: 1057532-1975-AG24 dirigida a DISTRIBUIDORA DEL SUR OSORNO SPA  NOTA: No se podrá emitir factura sin previa recepción conforme de O/C. La factura debe indicar el Número de O/C asociada.  Enviar los documentos mercantiles en archivo xlms y pdf al correo dipresrecepcion@custodium.com.  FOLIO N° 615 / DEPTO DE SALUD MENTAL.
1057532-2147-AG24;F-584 / ADQUISICION SARTEN ELECTRICO;12;Recepción Conforme;;AG;CLP;4995;2;7;Other;2024-12-09T14:01:47.44;2024-12-12T17:00:22.787;2024-12-14T21:45:53.02;;2024-12-09T14:13:00;0.0;0;45000.0;19.0;8550.0;53550.0;1057532;Bienes y Servicios;61.607.600-0;Servicio Público;;Osorno;Región de los Lagos ;Bastian Miranda Coronado;PROFESIONAL;;1978581;COMERCIALIZACION MEDICA Y PROFESIONAL SPA;77.994.532-4;VENTA AL POR MENOR DE PRODUCTOS FARMACEUTICOS Y MEDICINALES EN COMERCI;ANTONIO BELLET 193 OF 1210 12P;Providencia;Región Metropolitana de Santiago; ;;;F-584 / DEPARTAMENTO DE ATENCION PRIMARIA  Orden de Compra codigo: 1057532-2147-AG24 dirigida a COMERCIALIZACION MEDICA Y PROFESIONAL SPA.  Orden de Compra generada por invitación a compra ágil: 1057532-874-COT24.  NOTA: No se podrá emitir Factura sin previa Recepción Conforme de la OC./ La factura debe indicar N° de OC asociada. Enviar los documentos mercantiles en archivo xlms y pdf al correo dipresrecepcion@custodium.com.
1057532-2173-SE24;COMPRA DE INSUMOS 1057532-132-L124;12;Recepción Conforme;1057532-132-L124;SE;CLP;;2;7;CL;2024-12-10T17:58:00.84;2024-12-10T18:09:30.643;2024-12-17T09:50:13.91;;2024-12-10T18:07:00;5.0;6;801500.0;19.0;152285.0;953785.0;1057532;Bienes y Servicios;61.607.600-0;Servicio Público;Av. Juan Mackenna N°825, Edificio Plaza Sur;Osorno;Región de los Lagos ;PAULINA NICOLE LONCOPAN CARRILLO;PROFESIONAL APOYO;;65382;BLUNDING S.A.;79.744.580-0;FABRICACION DE EQUIPO MEDICO Y QUIRURGICO, Y DE AP;LAS DALIAS N° 2465;Macul;Región Metropolitana de Santiago;Maria teresa Gatica  anguita;Encargada Portal Mercado Público;;Adquisición de insumos para otorgar cuidados integrales a usuarios/as con dependencia. DESDE 1057532-132-L124   NOTA: No se podrá emitir Factura sin previa Recepción Conforme de la OC./ La factura debe indicar N° de OC asociada. Enviar los  documentos mercantiles en archivo xlms y pdf al correo dipresrecepcion@custodium.com./El o los documentos tributarios, deberán  contener la información que permita tener datos de trazabilidad de los dispositivos médicos como por ejemplo N° de lote/serie, fecha de  vencimiento, según lo establecido en la Norma Técnica 226.
1180747-31-SE24;F5-026//ADQ. DE COMPUTADORES PARA POSTAS DE SALUD RURAL DE CHAN CHAN;12;Recepción Conforme;1180747-9-L124;SE;CLP;2942;2;7;Other;2024-12-10T17:58:00.723;2024-12-13T10:48:20.363;2024-12-17T12:46:32.05;;2024-12-12T17:19:00;0.0;0;1978020.0;19.0;375824.0;2353844.0;1180747;Compras Convenio GORE Region de Los Lagos;61.607.600-0;Servicio Público;;Puerto Montt;Región de los Lagos ;Ivan Vargas Ojeda;Comprador Administrativo;;1747904;PRODUCTOS Y SERVICIOS INFORMATICOS TORRES SpA;77.229.656-8;;COLO COLO 222 OF 301 EDIFICIO STUDIO PLUS N° No ha;Concepción;Región del Biobío ;Francisco Rivera;Ejecutivo Comercial;;FSC N° 26 DEPTO DE TECNOLOGIAS DE LA INFORMACION.  ADQ. DE COMPUTADORES PARA POSTAS DE SALUD RURAL DE CHAN CHAN Y COSTA RIO BLANCO NUEVO LLAMADO DESDE 1180747-9-L124, ORDEN DE COMPRA DESDE 1180747-9-L124. Nota: No se podrá emitir factura sin previa recepción conforme de O/C. La factura debe indicar el número de O/C asociada. Enviar factura en archivo xlms y pdf al correo dipresrecepcion@custodium.com.
1057532-2265-SE24;ADQUISICION DE PRESTACIONES TEA 1057532-94-LE24;12;Recepción Conforme;1057532-94-LE24;SE;CLP;;2;22;CL;2024-12-27T11:49:46.257;2024-12-27T14:33:58.863;2024-12-27T14:50:30.46;;2024-12-27T14:33:00;0.0;0;5289620.0;0.0;0.0;5289620.0;1057532;Bienes y Servicios;61.607.600-0;Servicio Público;Av. Juan Mackenna N°825, Edificio Plaza Sur;Osorno;Región de los Lagos ;Rubén Uribe;Administrativo;;1988962;CENTRO ESPECIALIZADO DE APOYO ALTOS DEL SUR SPA;77.576.491-0;OTROS TIPOS DE ENSEÑANZA N.C.P.;WENCESLAO RAMOS 1583, LA CANTERA;Osorno;Región de los Lagos ; ;;;Prestaciones de Rehabilitación Integral TEA Nuevo Llamado DESDE 1057532-94-LE24  NOTA:NO SE PODRA EMITIR FACTURA SIN PREVIA RECEPCION CONFORME A OC / FACTURA DEBE SEÑALAR OC ASOCIADA / SE DEBEN ENVIAR DOCUMENTOS MERCANTILES EN ARCHIVO XLMS O PDF AL SIGUIENTE CORREO, dipresrecepcion@custodium.com
1180747-20-SE24;F5-016/ORDEN DE COMPRA DESDE 1180747-7-LE24/PSR CHAN CHAN;12;Recepción Conforme;1180747-7-LE24;SE;CLP;2710;2;7;Other;2024-11-18T14:52:05.53;2024-11-26T16:57:09.523;2024-12-19T14:39:55.45;;2024-11-18T16:33:00;4.0;17;1500384.0;19.0;285073.0;1785457.0;1180747;Compras Convenio GORE Region de Los Lagos;61.607.600-0;Servicio Público;;Puerto Montt;Región de los Lagos ;Ariela Acevedo;PROFESIONAL APOYO;;30766;PV EQUIP  SA;79.895.670-1;VENTA AL POR MAYOR DE MAQUINARIA, HERRAMIENTAS, EQ;Santa Elena de Huechuraba N° 1160;Huechuraba;Región Metropolitana de Santiago;Juan Enrique Moreno Hodar;Gerente de Ventas;;ADQUISICIÓN EQUIPOS Y EQUIPAMIENTO MÉDICO PARA HABILITACIÓN DE PSR CHAN CHAN Y PSR COSTA RÍO BLANCO DESDE 1180747-7-LE24.    NOTA: EN LA FACTURA NO SE DEBE ASOCIAR LA OC AL CAMPO 801. No se podrá emitir Factura sin previa Recepción Conforme de la OC. El o los documentos tributarios, deberán contener la información que permita tener datos de trazabilidad de los dispositivos médicos como por ejemplo N° de lote/serie, fecha de vencimiento, según lo establecido en la Norma Técnica 226.    Dirección de Despacho: Bodega de Inversiones ubicada en Amador Barrientos 2360, Osorno. Para el despacho contactar con D. Iván Vargas Ojeda al fono 64 2613580.
1057532-2193-SE24;Oxigeno Medicinal SAMU / dic 2024;12;Recepción Conforme;1057532-102-LQ22;SE;CLP;;2;7;CL;2024-12-16T15:47:57.173;2024-12-17T10:44:17.77;2024-12-24T09:53:48.17;;2024-12-16T15:51:00;4.285714285714286;7;281075.0;19.0;53404.0;334479.0;1057532;Bienes y Servicios;61.607.600-0;Servicio Público;Av. Juan Mackenna N°825, Edificio Plaza Sur;* ;Región de los Lagos ;PAULINA NICOLE LONCOPAN CARRILLO;PROFESIONAL APOYO;;26727;LINDE GAS CHILE S.A.;90.100.000-K;FABRICACION DE SUSTANCIAS QUIMICAS BASICAS, EXCEPT;PDTE ERRAZURIZ 2631, 4to PISO PROVIDENCIA;Providencia;Región Metropolitana de Santiago;Michelle Lara Valverde;;;CONVENIO DE SUMINISTRO DE OXIGENO PARA LA RED DE HOSPITALES DE BAJA Y MEDIANA COMPLEJIDAD, ASI COMO SAMU DEPENDIENTES DEL SERVICIO DE SALUD OSORNO DESDE 1057532-102-LQ22/  NOTA: NO SE PODRÁ EMITIR FACTURA SIN PREVIA RECEPCIÓN CONFORME DE O/C. //LA FACTURA DEBE INDICAR EL NÚMERO DE O/C ASOCIADA.  DEBERAN: ENVIAR LOS DOCUMENTOS MERCANTILES EN ARCHIVO XLMS Y PDF AL CORREO   dipresrecepcion@custodium.com
1057532-2067-SE24;Oxigeno medicinal / Nov 2024;12;Recepción Conforme;1057532-102-LQ22;SE;CLP;;2;7;CL;2024-11-25T10:54:02.047;2024-11-25T11:30:17.6;2024-11-26T17:10:53.85;;2024-11-25T11:03:00;4.285714285714286;7;281075.0;19.0;53404.0;334479.0;1057532;Bienes y Servicios;61.607.600-0;Servicio Público;Av. Juan Mackenna N°825, Edificio Plaza Sur;* ;Región de los Lagos ;PAULINA NICOLE LONCOPAN CARRILLO;PROFESIONAL APOYO;;26727;LINDE GAS CHILE S.A.;90.100.000-K;FABRICACION DE SUSTANCIAS QUIMICAS BASICAS, EXCEPT;PDTE ERRAZURIZ 2631, 4to PISO PROVIDENCIA;Providencia;Región Metropolitana de Santiago;Michelle Lara Valverde;;;CONVENIO DE SUMINISTRO DE OXIGENO PARA LA RED DE HOSPITALES DE BAJA Y MEDIANA COMPLEJIDAD, ASI COMO SAMU DEPENDIENTES DEL SERVICIO DE SALUD OSORNO DESDE 1057532-102-LQ22/  NOTA: NO SE PODRÁ EMITIR FACTURA SIN PREVIA RECEPCIÓN CONFORME DE O/C. //LA FACTURA DEBE INDICAR EL NÚMERO DE O/C ASOCIADA.  DEBERAN: ENVIAR LOS DOCUMENTOS MERCANTILES EN ARCHIVO XLMS Y PDF AL CORREO   dipresrecepcion@custodium.com
1180747-19-SE24;F5-016/ORDEN DE COMPRA DESDE 1180747-7-LE24/PSR CHAN CHAN;12;Recepción Conforme;1180747-7-LE24;SE;CLP;2709;2;7;Other;2024-11-18T14:52:04.883;2024-11-26T16:57:13.78;2024-12-04T15:07:00.303;;2024-11-26T16:56:00;4.0;5;340000.0;19.0;64600.0;404600.0;1180747;Compras Convenio GORE Region de Los Lagos;61.607.600-0;Servicio Público;;Puerto Montt;Región de los Lagos ;Ariela Acevedo;PROFESIONAL APOYO;;31229;HEMISFERIO SUR S.A.;96.533.330-4;VENTA AL POR MAYOR DE OTROS PRODUCTOS N.C.P.;AVDA FCO BILBAO N° 2829;Providencia;Región Metropolitana de Santiago;Carlos Lagos Salas;Presidente Ejecutivo;;ADQUISICIÓN EQUIPOS Y EQUIPAMIENTO MÉDICO PARA HABILITACIÓN DE PSR CHAN CHAN Y PSR COSTA RÍO BLANCO DESDE 1180747-7-LE24.    NOTA: EN LA FACTURA NO SE DEBE ASOCIAR LA OC AL CAMPO 801. No se podrá emitir Factura sin previa Recepción Conforme de la OC. El o los documentos tributarios, deberán contener la información que permita tener datos de trazabilidad de los dispositivos médicos como por ejemplo N° de lote/serie, fecha de vencimiento, según lo establecido en la Norma Técnica 226.    Dirección de Despacho: Bodega de Inversiones ubicada en Amador Barrientos 2360, Osorno. Para el despacho contactar con D. Iván Vargas Ojeda al fono 64 2613580.
1057532-1639-AG24;Orden de Compra generada por invitación a compra ágil: 1057532-649-COT24;12;Recepción Conforme;;AG;CLP;;2;7;Other;2024-09-26T15:03:35.027;2024-09-26T16:03:43.343;2024-09-26T20:38:15.693;;2024-09-26T16:03:00;0.0;0;587250.0;19.0;111578.0;698828.0;1057532;Bienes y Servicios;61.607.600-0;Servicio Público;;Osorno;Región de los Lagos ;Miguel Aro;Administrativo;;1715739;DISTRIBUIDORA Y COMERCIALIZADORA MUNDIAL SPA;77.094.022-2;ELABORACION DE PRODUCTOS DE PANADERIA Y PASTELERIA;Carranza 1828;Osorno;Región de los Lagos ;Francisco Aurelio Muñoz Vera;Representante Legal;;Orden de Compra codigo: 1057532-1639-AG24 dirigida a DISTRIBUIDORA Y COMERCIALIZADORA MUNDIAL SPA  NOTA: No se podrá emitir factura sin previa recepción conforme de O/C. La factura debe indicar el Número de O/C asociada.  Enviar los documentos mercantiles en archivo xlms y pdf al correo dipresrecepcion@custodium.com.  FOLIO N° 383 / DAP.
1057532-1897-SE24;F2-406//Servicios de Cafetería para un total de 04 Jornadas de Capacitación Red Provincial Participación Ciudadana en Salud;12;Recepción Conforme;1057532-104-L124;SE;CLP;;2;22;CL;2024-11-05T11:42:01.29;2024-11-06T12:11:46.37;2024-11-06T17:29:56.273;;2024-11-05T11:59:00;5.0;1;1848193.0;19.0;351157.0;2199350.0;1057532;Bienes y Servicios;61.607.600-0;Servicio Público;Av. Juan Mackenna N°825, Edificio Plaza Sur;Osorno;Región de los Lagos ;Alicia Vidal Paredes;Comprador Administrativo;;1234841;MARLENE ERFILIA ALARCÓN VILLARROEL;10.493.648-2;VENTA AL POR MENOR DE PRODUCTOS DE CONFITERIAS, CI;Callao 1527, Osorno;Osorno;Región de los Lagos ;Marlene Erfilia Alarcón Villarroel;Dueña;;F2-406//Servicios de Cafetería para un total de 04 Jornadas de Capacitación Red Provincial Participación Ciudadana en Salud, DESDE 1057532-104-L124//ORDEN DE COMPRA DESDE 1057532-104-L124//NOTA: NO SE PODRÁ EMITIR FACTURA SIN PREVIA RECEPCIÓN CONFORME DE O/C. //LA FACTURA DEBE INDICAR EL NÚMERO DE O/C ASOCIADA. DEBERAN: ENVIAR LOS DOCUMENTOS MERCANTILES EN ARCHIVO XLMS Y PDF AL CORREO dipresrecepcion@custodium.com
1057532-2272-SE24;CUPO SOCIOSANITARIO R. METROPOLITANA/NOV 2024;12;Recepción Conforme;1057532-99-LE23;SE;CLP;;2;22;CL;2024-12-30T11:56:50.623;2024-12-30T14:44:33.81;2024-12-30T16:46:53.367;;2024-12-30T11:59:00;0.0;0;1200000.0;19.0;228000.0;1428000.0;1057532;Bienes y Servicios;61.607.600-0;Servicio Público;Av. Juan Mackenna N°825, Edificio Plaza Sur;* ;Región de los Lagos ;Lesly Andrea Díaz Aburto;Administrativo;;77120;SOC CLINICA SANTA ELENA LIMITADA;79.975.310-3;HOSPITALES Y CLINICAS;Miguel Angel 02861;La Pintana;Región Metropolitana de Santiago;Juan Arce Pinto  ;Administrador;;ADQUISICION DE 1 CUPO PACIENTE SOCIOSANITARIO DEL SERVICIO DE SALUD OSORNO EN REGION METROPOLITANA ID 1057532-99-LE23. Correo emsión OC Mes Octubre 2024    Nota: No se podrá emitir factura sin previa recepción conforme de O/C. La factura debe indicar el número de O/C asociada. Enviar factura en archivo xlms y pdf al correo dipresrecepcion@custodium.com
1180747-17-SE24;F5-016/ORDEN DE COMPRA DESDE 1180747-7-LE24/PSR CHAN CHAN;12;Recepción Conforme;1180747-7-LE24;SE;CLP;2707;2;7;Other;2024-11-18T14:52:03.567;2024-11-26T16:57:22.917;2024-12-03T12:19:40.957;;2024-11-18T16:05:00;3.5142857142857142;7;3600000.0;19.0;684000.0;4284000.0;1180747;Compras Convenio GORE Region de Los Lagos;61.607.600-0;Servicio Público;;Puerto Montt;Región de los Lagos ;Ariela Acevedo;PROFESIONAL APOYO;;21582;STRYKER CORPORATION CHILE Y COMPANIA LIMITADA;78.874.470-6;VENTA AL POR MAYOR DE OTROS PRODUCTOS N.C.P.| VENT;Los Conquistadores N° 2743;Providencia;Región Metropolitana de Santiago;Jesus Osses;Licitaciones;;ADQUISICIÓN EQUIPOS Y EQUIPAMIENTO MÉDICO PARA HABILITACIÓN DE PSR CHAN CHAN Y PSR COSTA RÍO BLANCO DESDE 1180747-7-LE24.    NOTA: EN LA FACTURA NO SE DEBE ASOCIAR LA OC AL CAMPO 801. No se podrá emitir Factura sin previa Recepción Conforme de la  OC. El o los documentos tributarios, deberán contener la información que permita tener datos de trazabilidad de los dispositivos médicos  como por ejemplo N° de lote/serie, fecha de vencimiento, según lo establecido en la Norma Técnica 226.    Dirección de Despacho: Bodega de Inversiones ubicada en Amador Barrientos 2360, Osorno. Para el despacho contactar con D. Iván Vargas Ojeda al fono 64 2613580.
1180747-27-SE24;F5-017/ORDEN DE COMPRA DESDE 1180747-7-LE24/PSR COSTA RÍO BLANCO;12;Recepción Conforme;1180747-7-LE24;SE;CLP;2722;2;7;Other;2024-11-18T16:59:34.037;2024-11-27T14:40:36.537;2024-11-27T17:51:46.013;;2024-11-18T17:04:00;4.0;17;1500384.0;19.0;285073.0;1785457.0;1180747;Compras Convenio GORE Region de Los Lagos;61.607.600-0;Servicio Público;Sin dirección Registrada para Unidad de Compra;Puerto Montt;Región de los Lagos ;Ariela Acevedo;PROFESIONAL APOYO;;30766;PV EQUIP  SA;79.895.670-1;VENTA AL POR MAYOR DE MAQUINARIA, HERRAMIENTAS, EQ;Santa Elena de Huechuraba N° 1160;Huechuraba;Región Metropolitana de Santiago;Juan Enrique Moreno Hodar;Gerente de Ventas;;ADQUISICIÓN EQUIPOS Y EQUIPAMIENTO MÉDICO PARA HABILITACIÓN DE PSR CHAN CHAN Y PSR COSTA RÍO BLANCO DESDE 1180747-7-LE24.    NOTA: EN LA FACTURA NO SE DEBE ASOCIAR LA OC AL CAMPO 801. No se podrá emitir Factura sin previa Recepción Conforme de la OC. El o los documentos tributarios, deberán contener la información que permita tener datos de trazabilidad de los dispositivos médicos como por ejemplo N° de lote/serie, fecha de vencimiento, según lo establecido en la Norma Técnica 226.    Dirección de Despacho: Bodega de Inversiones ubicada en Amador Barrientos 2360, Osorno. Para el despacho contactar con D. Iván Vargas Ojeda al fono 64 2613580.
1057532-2180-SE24;Convenio Registro Clínico/CUOTA 28;12;Recepción Conforme;1057532-30-LR22;SE;CLP;5089;2;22;CL;2024-12-13T15:59:42.487;2024-12-16T17:23:36.697;2024-12-17T16:22:42.193;;2024-12-16T17:17:00;5.0;1;36552745.0;19.0;6945022.0;43497767.0;1057532;Bienes y Servicios;61.607.600-0;Servicio Público;Av. Juan Mackenna N°825, Edificio Plaza Sur;Osorno;Región de los Lagos ;Bastian Miranda Coronado;PROFESIONAL;;69967;Rayen Salud SpA;77.917.240-6;VENTA AL POR MENOR DE OTROS PRODUCTOS EN PEQUENOS;Merced 480, piso 2, Santiago;Santiago;Región Metropolitana de Santiago;Emilia  Fuentes Salinas;Gerente Administracion;;Servicio de registro clínico electrónico para establecimientos de Atención Primaria de Salud (RCEAPS), Hospitales de baja complejidad y comunitarios del Servicio de Salud Osorno” LP 1057532-30-LR22, proveedor Sociedad de Ingeniería en Informática RAYEN SALUD SpA.  NOTA: No se podrá emitir factura sin previa recepción conforme de O/C. La factura debe indicar el Número de O/C asociada, de acuerdo   Ley 20.727 de Enero del 2014.  Enviar los documentos mercantiles en archivo xlms y pdf al correo dipresrecepcion@custodium.com
1057532-2228-SE24;PROGR. DE REHABILITACIÓN TIPO II OSORNO/NOV 2024;12;Recepción Conforme;1057532-144-LQ23;SE;CLP;;2;22;CL;2024-12-20T09:18:44.81;2024-12-20T15:22:50.333;2024-12-20T17:20:23.13;;2024-12-20T09:31:00;0.0;0;14340960.0;0.0;0.0;14340960.0;1057532;Bienes y Servicios;61.607.600-0;Servicio Público;Av. Juan Mackenna N°825, Edificio Plaza Sur;* ;Región de los Lagos ;Lesly Andrea Díaz Aburto;Administrativo;;111112;AMORE;65.129.460-6;OTRAS ACTIVIDADES EMPRESARIALES RELACIONADAS CON L;Ayacucho esq. Caracas s/n;Osorno;Región de los Lagos ;Roxana   Ríos Aburto;Representante Legal de la Agrupación AMORE;;PROGRAMA DE REHABILITACIÓN TIPO II SSO EN OSORNO// RES EXENTA N°5717/05.04.2023 Aprueba Contrato//
1057532-2238-SE24;MANTENCIÓN CORRECTIVA AMBULANCIA MERCEDES BENZ SPRINTER PPU: JB.CG-55 / BASE SAMU/ OT 204681677;12;Recepción Conforme;;SE;CLP;5231;2;22;CL;2024-12-24T10:29:24.357;2024-12-26T09:58:16.88;2024-12-27T10:57:07.7;;2024-12-26T09:34:00;4.0;44;690000.0;19.0;131100.0;821100.0;1057532;Bienes y Servicios;61.607.600-0;Servicio Público;Av. Juan Mackenna N°825, Edificio Plaza Sur;Osorno;Región de los Lagos ;Bastian Miranda Coronado;PROFESIONAL;;26855;KAUFMANN S A VEHICULOS MOTORIZADOS;92.475.000-6;VENTA AL POR MAYOR DE VEHICULOS AUTOMOTORES (IMPOR;Sebastopol # 2205, Parque Industrial Anticura;Ancud;Región de los Lagos ;Eduardo  Mansilla (Servicio);Jefe Taller;;"TD Aprobado por Res. Exenta N°8879/17.06.2024 por ""Convenio de Servicios de Mantención Preventiva, Correctiva, y/o Reparativa Vehículos Mercedes Benz del Servicio de Salud Osorno y Hospitales Periféricos"" ID N°1057532-92-LQ22// OT N°204681677 /MANTENCION CORRECTIVA AMBULANCIA MERCEDES BENZ SPRINTER DE LA BASE SAMU OSORNO Res. Exenta N°10313/2021 Aprueba Contrato."
1077241-51-AG24;F1-358/ADQUISICION DE PLAN DE TELEFONIA POR 24 MESES;12;Recepción Conforme;;AG;CLP;;2;7;CL;2024-07-25T09:27:42.65;2024-07-30T10:01:11.617;2024-07-30T15:38:54.857;;2024-07-30T09:44:00;5.0;1;214176.0;19.0;40693.0;254869.0;1077241;Administración de Fondos;61.607.600-0;Servicio Público;Av. Juan Mackenna N°825, Edificio Plaza Sur;* ;Región de los Lagos ;Ivan Vargas Ojeda;Comprador Administrativo;;21692;WOM S.A.;78.921.690-8;OTROS SERVICIOS DE TELECOMUNICACIONES N.C.P.;AHUMADA N° 64;Santiago;Región Metropolitana de Santiago;Francisco Javier  Rodríguez Pacheco;Gerente Business;;FSC N° 358, DEPTO. ARTICULACION DE LA RED.  Orden de Compra código: 1057532-1197-AG24 dirigida a WOM S.A., Orden de Compra generada por invitación a compra ágil: 1057532-468-COT24.NOTA: No se podrá emitir Factura sin previa Recepción Conforme de la OC./ La factura debe indicar N° de OC asociada. Enviar los documentos mercantiles en archivo xlms y pdf al correo dipresrecepcion@custodium.com
1057532-509-CC24;MINSAL-Diplomado de Rehabilitación Oncológica;12;Recepción Conforme;4127-78-LE23;CC;CLP;;2;22;CL;2024-04-08T14:24:04.107;2024-04-09T17:27:10.073;2024-04-10T09:08:59.35;;2024-04-08T14:28:00;5.0;4;1625000.0;0.0;0.0;1625000.0;1057532;Bienes y Servicios;61.607.600-0;Servicio Público;Av. Juan Mackenna N°825, Edificio Plaza Sur;Osorno;Región de los Lagos ;Lesly Andrea Díaz Aburto;Administrativo;;17942;UNIVERSIDAD DEL DESARROLLO;71.644.300-0;UNIVERSIDADES;AVDA. LAS CONDES N° 12438;Santiago;Región Metropolitana de Santiago;barbara fernandez;asuntos pubicos;;Diplomado de Rehabilitación Oncológica en Mayores de 15 años, Licitación ID 4127-78-LE23, adjudicada al proveedor Universidad del Desarrollo. correo Jessie Morales, MINSAL del 25.03.24.   Nota: No se podrá emitir factura sin previa recepción conforme de O/C. La factura debe indicar el número de O/C asociada. Enviar factura en archivo xlms y pdf al correo dipresrecepcion@custodium.com.
1180747-24-SE24;F5-017/ORDEN DE COMPRA DESDE 1180747-7-LE24/PSR COSTA RÍO BLANCO;12;Recepción Conforme;1180747-7-LE24;SE;CLP;2719;2;7;Other;2024-11-18T16:45:00.567;2024-11-27T14:34:22.067;2024-12-02T17:57:53.25;;2024-11-18T16:50:00;3.5142857142857142;7;3600000.0;19.0;684000.0;4284000.0;1180747;Compras Convenio GORE Region de Los Lagos;61.607.600-0;Servicio Público;Sin dirección Registrada para Unidad de Compra;Puerto Montt;Región de los Lagos ;Ariela Acevedo;PROFESIONAL APOYO;;21582;STRYKER CORPORATION CHILE Y COMPANIA LIMITADA;78.874.470-6;VENTA AL POR MAYOR DE OTROS PRODUCTOS N.C.P.| VENT;Los Conquistadores N° 2743;Providencia;Región Metropolitana de Santiago;Jesus Osses;Licitaciones;;ADQUISICIÓN EQUIPOS Y EQUIPAMIENTO MÉDICO PARA HABILITACIÓN DE PSR CHAN CHAN Y PSR COSTA RÍO BLANCO DESDE 1180747-7-LE24.    NOTA: EN LA FACTURA NO SE DEBE ASOCIAR LA OC AL CAMPO 801. No se podrá emitir Factura sin previa Recepción Conforme de la OC. El o los documentos tributarios, deberán contener la información que permita tener datos de trazabilidad de los dispositivos médicos como por ejemplo N° de lote/serie, fecha de vencimiento, según lo establecido en la Norma Técnica 226.    Dirección de Despacho: Bodega de Inversiones ubicada en Amador Barrientos 2360, Osorno. Para el despacho contactar con D. Iván Vargas Ojeda al fono 64 2613580.
1057532-1540-AG24;F2-375 / TINTAS IMPRESORAS / PROYECTOS /  Orden de Compra generada por invitación a compra ágil: 1057532-608-COT24;12;Recepción Conforme;;AG;CLP;;2;7;Other;2024-09-10T09:53:07.96;2024-09-10T16:51:17.14;2024-09-11T09:51:57.947;;2024-09-10T10:00:00;0.0;0;503200.0;19.0;95608.0;598808.0;1057532;Bienes y Servicios;61.607.600-0;Servicio Público;;Osorno;Región de los Lagos ;NICOLAS ASENCIO MOREIRA;COMPRADOR;;1722095;GLOBALCOMP SPA;76.996.094-5;VENTA AL POR MAYOR DE ARTICULOS DE PAPELERIA Y ESCRITORIO;IRARRAZAVAL 1372;Ñuñoa;Región Metropolitana de Santiago; ;;;F2-375 / TINTAS IMPRESORAS / PROYECTOS /   Orden de Compra codigo: 1057532-1540-AG24 dirigida a GLOBALCOMP SPA    Nota: No se podrá emitir factura sin previa recepción conforme de O/C.   La factura debe indicar el número de O/C asociada.   Enviar factura en archivo xlms y pdf al correo dipresrecepcion@custodium.com.
1180747-28-SE24;F5-017/ORDEN DE COMPRA DESDE 1180747-7-LE24/PSR COSTA RÍO BLANCO;12;Recepción Conforme;1180747-7-LE24;SE;CLP;2723;2;7;Other;2024-11-18T17:00:04.433;2024-11-27T14:42:25.493;2024-12-02T16:25:34.513;;2024-11-18T17:07:00;4.36;5;1738900.0;19.0;330391.0;2069291.0;1180747;Compras Convenio GORE Region de Los Lagos;61.607.600-0;Servicio Público;Sin dirección Registrada para Unidad de Compra;Puerto Montt;Región de los Lagos ;Ariela Acevedo;PROFESIONAL APOYO;;63525;COMERCIALIZADORA DE PRODUCTOS MEDICOS Y DEPORTIVOS PTM CHILE SPA;77.749.210-1;VENTA DE ARTICULOS MEDICOS, ORTOPEDICOS;SN ISIDRO 1959 N° No hay Dato;Santiago;Región Metropolitana de Santiago;CLAUDIO SALINAS;Gerente Comercial;;ADQUISICIÓN EQUIPOS Y EQUIPAMIENTO MÉDICO PARA HABILITACIÓN DE PSR CHAN CHAN Y PSR COSTA RÍO BLANCO DESDE 1180747-7-LE24.    NOTA: EN LA FACTURA NO SE DEBE ASOCIAR LA OC AL CAMPO 801. No se podrá emitir Factura sin previa Recepción Conforme de la OC. El o los documentos tributarios, deberán contener la información que permita tener datos de trazabilidad de los dispositivos médicos como por ejemplo N° de lote/serie, fecha de vencimiento, según lo establecido en la Norma Técnica 226.    Dirección de Despacho: Bodega de Inversiones ubicada en Amador Barrientos 2360, Osorno. Para el despacho contactar con D. Iván Vargas Ojeda al fono 64 2613580.
1057532-1818-SE24;TD. TELEFONIA FIJA COMUNICACIONES MINSAL SERVICIOS;12;Recepción Conforme;;SE;CLP;4177;2;22;CL;2024-10-21T12:15:49.82;2024-10-21T15:09:11.177;2024-10-24T16:58:36.603;;2024-10-21T12:23:00;4.0;10;6331585.0;19.0;1203001.0;7534586.0;1057532;Bienes y Servicios;61.607.600-0;Servicio Público;Av. Juan Mackenna N°825, Edificio Plaza Sur;Osorno;Región de los Lagos ;Cecilia Garay Lemuy;;;41738;EMPRESA NACIONAL DE TELECOMUNICACIONES S A;92.580.000-7;OTROS SERVICIOS DE TELECOMUNICACIONES N.C.P.;AVDA DEL PARQUE N° 4928;Huechuraba;Región Metropolitana de Santiago;Omar Opazo;Cluster Leader Gobierno y FFAA;;TD. REGULARIZA TELEFONIA FIJA COMUNICACIONES MINSAL SERVICIOS AÑO 2023, SEGUN RES. EXENTA N°14526_11.10.2024 // RES. AFECTA N°05_18.05.2023_APRUEBA CONTRATACION SERVICIOS RED COMUNICACION VIA T. DIRECTO//Correo solicitud emision OC correspondiente fecha 21.10.2024//NOTA: No se podrá emitir factura sin previa recepción conforme de O/C. La factura debe indicar el Número de O/C asociada. Enviar los documentos mercantiles en archivo xlms y pdf al correo dipresrecepcion@custopdium.com.
1057532-1955-AG24;Servicio de Cafetería 1057532-805-COT24;12;Recepción Conforme;;AG;CLP;;2;12;Other;2024-11-11T14:57:15.38;2024-11-13T09:28:24.3;2024-11-13T15:52:20.307;;2024-11-13T09:23:00;5.0;1;794530.0;19.0;150961.0;945491.0;1057532;Bienes y Servicios;61.607.600-0;Servicio Público;;Osorno;Región de los Lagos ;PAULINA NICOLE LONCOPAN CARRILLO;PROFESIONAL APOYO;;1234841;MARLENE ERFILIA ALARCÓN VILLARROEL;10.493.648-2;VENTA AL POR MENOR DE PRODUCTOS DE CONFITERIAS, CIGARRILLOS, Y OTROS| ESTABLECIMIENTOS DE COMIDA RAPIDA (BARES, FUENTES DE SODA, GELATERIAS,| CENTROS DE ACCESO A INTERNET;Callao 1527, Osorno;Osorno;Región de los Lagos ;Marlene Erfilia Alarcón Villarroel;Dueña;;Orden de Compra codigo: 1057532-1955-AG24 dirigida a MARLENE ERFILIA ALARCÓN VILLARROEL  NOTA: No se podrá emitir Factura sin previa Recepción Conforme de la OC./ La factura debe indicar N° de OC asociada. Enviar los  documentos mercantiles en archivo xlms y pdf al correo dipresrecepcion@custodium.com
1057532-1768-AG24;F1-415//Jornada Provincial Programa Personas Mayores, financiada con PAGD//DAP;12;Recepción Conforme;;AG;CLP;;2;7;Other;2024-10-14T15:00:00.353;2024-10-14T15:57:40.137;2024-10-16T19:12:02.853;;2024-10-14T15:08:00;0.0;0;262962.0;19.0;49963.0;312925.0;1057532;Bienes y Servicios;61.607.600-0;Servicio Público;;Osorno;Región de los Lagos ;Alicia Vidal Paredes;Comprador Administrativo;;1961549;LORNA BEATRIZ ALAMOS PROVOSTE;14.092.655-8;OTRAS ACTIVIDADES DE IMPRESION N.C.P.;GENARO PRIETO N° 505;El Bosque;Región Metropolitana de Santiago; ;;;Orden de Compra codigo: 1057532-1768-AG24 dirigida a LORNA BEATRIZ ALAMOS PROVOSTE//Orden de Compra generada por invitación a compra ágil: 1057532-723-COT24//NOTA: NO SE PODRÁ EMITIR FACTURA SIN PREVIA RECEPCIÓN CONFORME DE O/C. //LA FACTURA DEBE INDICAR EL NÚMERO DE O/C ASOCIADA. DEBERAN: ENVIAR LOS DOCUMENTOS MERCANTILES EN ARCHIVO XLMS Y PDF AL CORREO dipresrecepcion@custodium.com
1057532-2174-CC24;CAPACITACIÓN-Curso Apoyo Rescate y At. Conductores;12;Recepción Conforme;4127-88-LQ24;CC;CLP;;2;22;CL;2024-12-10T18:19:56.007;2024-12-16T16:26:50.24;2024-12-17T07:48:03.1;;2024-12-10T18:22:00;0.0;0;8880000.0;0.0;0.0;8880000.0;1057532;Bienes y Servicios;61.607.600-0;Servicio Público;Av. Juan Mackenna N°825, Edificio Plaza Sur;Osorno;Región de los Lagos ;Lesly Andrea Díaz Aburto;Administrativo;;1184605;Organismo Técnico Ejecutor de Capacitación Tecnobi;76.088.675-0;ACTIVIDADES DE ASESORAMIENTO EMPRESARIAL Y EN MATE;Seminario 6;Providencia;Región Metropolitana de Santiago;Rigoberto Carvajal;Gerente General;;Curso de Apoyo en el Rescate y Atención Sanitaria para Conductores de Vehículos de Emergencia//  Nota: No se podrá emitir factura sin previa recepción conforme de O/C. La factura debe indicar el número de O/C asociada. Enviar factura en archivo xlms y pdf al correo dipresrecepcion@custodium.com.
1057532-2182-SE24;Servicio de Plagas / PRAIS Nov 2024;12;Recepción Conforme;1057532-84-LE23;SE;CLP;;2;7;CL;2024-12-13T16:08:09.007;2024-12-16T12:04:11.123;2024-12-18T16:49:03.057;;2024-12-13T16:11:00;0.0;0;38000.0;19.0;7220.0;45220.0;1057532;Bienes y Servicios;61.607.600-0;Servicio Público;Av. Juan Mackenna N°825, Edificio Plaza Sur;* ;Región de los Lagos ;PAULINA NICOLE LONCOPAN CARRILLO;PROFESIONAL APOYO;;1497623;QUARTO CONSULTORES Y SERVICIOS  LIMITADA;76.596.219-6;ASESORIAS EMPRESARIALES;ELEUTERIO RAMIREZ OF 300;Osorno;Región de los Lagos ;MAURICIO ALEJANDRO  PACHECO MUÑOZ;OSORNO;;L.P. ID 1057532-84-LE23 CONVENIO CONTROL DE PLAGAS DSSO 2024 Y 2025//  NOTA:NO SE PODRA EMITIR FACTURA SIN PREVIA RECEPCION CONFORME A OC / FACTURA DEBE SEÑALAR OC ASOCIADA / SE DEBEN ENVIAR DOCUMENTOS MERCANTILES EN ARCHIVO XLMS O PDF AL SIGUIENTE CORREO, dipresrecepcion@custodium.com
1057532-2245-SE24;RUA-Tarjetas de Alimentación diciembre 2024;12;Recepción Conforme;;SE;CLP;;2;22;CL;2024-12-26T09:54:11.343;2024-12-26T10:23:40.17;2024-12-26T11:13:34.137;;2024-12-26T10:22:00;4.767676767676767;99;35214253.0;19.0;6342791.0;39725903.0;1057532;Bienes y Servicios;61.607.600-0;Servicio Público;Av. Juan Mackenna N°825, Edificio Plaza Sur;Osorno;Región de los Lagos ;Rubén Uribe;Administrativo;;27693;EDENRED CHILE SOCIEDAD ANONIMA;96.781.350-8;RESTAURANTES| OTROS TIPOS DE INTERMEDIACION MONETA;Avenida Andres Bello # 2687, piso 13.;Las Condes;Región Metropolitana de Santiago;YASMIN GUERRA;ADMINISTRATIVA MERCADO PUBLICO;;GC 69421//Beneficio Alimentación para funcionarios, mes Septiembre 2024//  NOTA: NO SE PODRÁ EMITIR FACTURA SIN PREVIA RECEPCIÓN CONFORME DE O/C LAS FACTURAS DEBEN INDICAR Nº O/C ASOCIADA Ley 20.727 del Enero 2014.  Enviar los documentos mercantiles en archivo xlms y pdf al correo dipresrecepcion@custodium.com
1057532-1858-SE24;ORDEN DE COMPRA DESDE 1057532-103-L124;12;Recepción Conforme;1057532-103-L124;SE;CLP;;2;7;CL;2024-10-29T09:20:01.597;2024-10-30T12:24:57.387;2024-11-04T07:54:13.2;;2024-12-17T09:32:00;0.0;0;2985000.0;19.0;567150.0;3552150.0;1057532;Bienes y Servicios;61.607.600-0;Servicio Público;Av. Juan Mackenna N°825, Edificio Plaza Sur;Osorno;Región de los Lagos ;Rubén Uribe;Administrativo;;1921944;VEPRINT SPA;76.713.021-K;ACTIVIDADES DE SERVICIOS RELACIONADAS CON LA IMPRE;HUERFANOS 779 D 1007;Santiago;Región Metropolitana de Santiago; ;;;NOTA:NO SE PODRA EMITIR FACTURA SIN PREVIA RECEPCION CONFORME A OC / FACTURA DEBE SEÑALAR OC ASOCIADA / SE DEBEN ENVIAR DOCUMENTOS MERCANTILES EN ARCHIVO XLMS O PDF AL SIGUIENTE CORREO, dipresrecepcion@custodium.com
1057532-1954-CC24;CAPACITACIÓN-JORNADAS FORT. MESAS DE SEGURIDAD;12;Recepción Conforme;4127-103-LE24;CC;CLP;4900;2;22;CL;2024-11-11T12:51:08.033;2024-12-05T17:12:06.543;2024-12-06T16:04:38.16;;2024-11-11T12:58:00;4.9;2;511241.0;19.0;97136.0;608377.0;1057532;Bienes y Servicios;61.607.600-0;Servicio Público;Av. Juan Mackenna N°825, Edificio Plaza Sur;Osorno;Región de los Lagos ;Lesly Andrea Díaz Aburto;Administrativo;;70550;SERIE CUATRO PRODUCCIONES LIMITADA;78.441.220-2;EMPRESAS DE PUBLICIDAD| OTRAS ACTIVIDADES EMPRESAR;AV. Nueva Providencia 1881 of 2005;Providencia;Región Metropolitana de Santiago;manuel rafael sepulveda;Gerente General;;DE ACUERDO A CORREO ENVIADO CON FECHA 11.11.2024 DE D. NADIA BUSTO POR JORNADA DE CAPACITACION PARA EL FORTALECIMIENTO DE MESAS DE SEGURIDAD DE LOS SERVICIOS DE SALUD DEL PAÍS/ RESOL. EX. N°21448 DEL 06.11.2024  Nota: No se podrá emitir factura sin previa recepción conforme de O/C. La factura debe indicar el número de O/C asociada. Enviar factura en archivo xlms y pdf al correo dipresrecepcion@custodium.com.
1057532-2122-SE24;ARRIENDO DE IMPLEMENTOS PARA FERIA DE SALUD 2024// PARTICIPACION CIUDADANA;12;Recepción Conforme;1057532-120-L124;SE;CLP;;2;22;CL;2024-12-05T16:16:00.47;2024-12-05T16:59:26.4;2024-12-06T00:06:00.427;;2024-12-05T16:33:00;0.0;0;2650000.0;19.0;503500.0;3153500.0;1057532;Bienes y Servicios;61.607.600-0;Servicio Público;Av. Juan Mackenna N°825, Edificio Plaza Sur;Osorno;Región de los Lagos ;Alicia Vidal Paredes;Comprador Administrativo;;1633575;WILHEM IGNACIO;76.824.554-1;PRODUCCION DE EVENTOS;CLARO SOLAR N° 599;Temuco;Región de la Araucanía ;WILHEM IGNACIO PACHECO PIRCE;REPRESENTANTE LEGAL;;ARRIENDO DE IMPLEMENTOS PARA FERIA DE SALUD 2024// PARTICIPACION CIUDADANA  DESDE 1057532-120-L124//ORDEN DE COMPRA DESDE 1057532-120-L124//NOTA: NO SE PODRÁ EMITIR FACTURA SIN PREVIA RECEPCIÓN CONFORME DE O/C. //LA FACTURA DEBE INDICAR EL NÚMERO DE O/C ASOCIADA. DEBERAN: ENVIAR LOS DOCUMENTOS MERCANTILES EN ARCHIVO XLMS Y PDF AL CORREO dipresrecepcion@custodium.com
1077241-216-SE24;F3-41 Convenio de Suministro ID 1077241-11-LP24.;12;Recepción Conforme;1077241-11-LP24;SE;CLP;;2;22;CL;2024-12-09T15:09:30.03;2024-12-09T16:23:30.783;2024-12-26T09:47:34.577;;2024-12-09T15:15:00;0.0;0;6697117.0;19.0;1272452.0;7969569.0;1077241;Administración de Fondos;61.607.600-0;Servicio Público;Av. Juan Mackenna N°825, Edificio Plaza Sur;* ;Región de los Lagos ;JACQUELINE OYARZUN ALVAREZ;Comprador administrativo;;1474863;DELTAMED LIMITADA;76.512.686-k;Venta de Insumos Medicos;Estrella solitaria N° 5602;Ñuñoa;Región Metropolitana de Santiago;Christian  Cifuentes Hernandez;Santiago;;F. S.C. N°41“Convenio de suministro de Ayudas Técnicas para Transferencia refuerzo de atención Domiciliaria a Personas en situación de Dependencia Severa”. DESDE 1077241-11-LP24. De acuerdo a correo electrónico de fecha 09.12.2024.  Nota: No se podrá emitir factura sin previa recepción conforme de O/C. La factura debe indicar el Número de O/C asociada, de acuerdo Ley 20.727 de Enero del 2014.  Enviar los documentos mercantiles en archivo xlms y pdf al correo dipresrecepcion@custodium.cl  COMUNA OSORNO/Dirección Despacho: Abastecimiento Municipalidad, Arturo Prat #432, Osorno. Responsable Recepción: Felipe Cabezas, Teléfono: +569 94856341  Correo Contacto: felipe.cabezas@salud.imo.cl
1057532-2160-SE24;GRIFERIA LAVAPLATOS PEULLA RESIDENCIAL;12;Recepción Conforme;1057532-47-LE24;SE;CLP;;2;22;CL;2024-12-10T12:05:54.817;2024-12-10T15:17:59.633;2024-12-12T15:52:24.243;;2024-12-10T12:09:00;5.0;2;102000.0;19.0;19380.0;121380.0;1057532;Bienes y Servicios;61.607.600-0;Servicio Público;Av. Juan Mackenna N°825, Edificio Plaza Sur;* ;Región de los Lagos ;PAULINA NICOLE LONCOPAN CARRILLO;PROFESIONAL APOYO;;80808;JUAN EDUARDO PINO SANHUEZA;7.998.516-3;OBRAS MENORES EN CONSTRUCCION (CONTRATISTAS, ALBAN;Santiago Montalva Nº 619;Osorno;Región de los Lagos ;Juan Eduardo   Pino Sanhueza;Propietario;;NOTA:NO SE PODRA EMITIR FACTURA SIN PREVIA RECEPCION CONFORME A OC / FACTURA DEBE SEÑALAR OC ASOCIADA / SE DEBEN ENVIAR DOCUMENTOS MERCANTILES EN ARCHIVO XLMS O PDF AL SIGUIENTE CORREO, dipresrecepcion@custodium.com
1057532-2165-AG24;Orden de Compra generada por invitación a compra ágil: 1057532-879-COT24;12;Recepción Conforme;;AG;CLP;;2;7;Other;2024-12-10T15:21:37.8;2024-12-10T18:39:56.853;2024-12-13T10:25:41.9;;2024-12-10T18:39:00;0.0;0;173520.0;19.0;32969.0;206489.0;1057532;Bienes y Servicios;61.607.600-0;Servicio Público;;Osorno;Región de los Lagos ;Rubén Uribe;Administrativo;;1940808;SYF SEGURIDAD INDUSTRIAL SPA;77.091.882-0;OTRAS ACTIVIDADES DE VENTA POR MENOR NO REALIZADAS EN COMERCIOS, PUEST;NAPOLEON 3565, DEPARTAMENTO 202;Las Condes;Región Metropolitana de Santiago; ;;;NOTA:NO SE PODRA EMITIR FACTURA SIN PREVIA RECEPCION CONFORME A OC / FACTURA DEBE SEÑALAR OC ASOCIADA / SE DEBEN ENVIAR DOCUMENTOS MERCANTILES EN ARCHIVO XLMS O PDF AL SIGUIENTE CORREO, dipresrecepcion@custodium.com
1057532-2114-SE24;Cupos Residencia / Noviembre 2024;12;Recepción Conforme;;SE;CLP;;2;22;CL;2024-12-04T11:15:39.023;2024-12-04T12:16:34.18;2024-12-27T14:44:27.82;;2024-12-04T11:20:00;0.0;0;3150000.0;0.0;0.0;3150000.0;1057532;Bienes y Servicios;61.607.600-0;Servicio Público;Av. Juan Mackenna N°825, Edificio Plaza Sur;* ;Región de los Lagos ;PAULINA NICOLE LONCOPAN CARRILLO;PROFESIONAL APOYO;;77120;SOC CLINICA SANTA ELENA LIMITADA;79.975.310-3;HOSPITALES Y CLINICAS;Miguel Angel 02861;La Pintana;Región Metropolitana de Santiago;Juan Arce Pinto  ;Administrador;;DE TD RESOLUCION 1201 DEL 24 DE ENERO DEL 2024.  CONTINUIDAD DE SERVICIOS 3 CUPOS RESIDENCIA PROTEGIDA PARA EL SERVICIO DE SALUD OSORNO, EN LA REGION METROPOLITANA.
1057532-2225-SE24;F2-480 / PROVISION E INSTALACION DE CORTINAS ROLLER EDIFICIO MATTA SSO;12;Recepción Conforme;1057532-133-L124;SE;CLP;5173;2;7;CL;2024-12-19T14:26:01.393;2024-12-20T11:16:15.76;2024-12-26T11:35:47.657;;2024-12-20T11:12:00;0.0;0;2432327.0;19.0;462142.0;2894469.0;1057532;Bienes y Servicios;61.607.600-0;Servicio Público;Av. Juan Mackenna N°825, Edificio Plaza Sur;Osorno;Región de los Lagos ;Bastian Miranda Coronado;PROFESIONAL;;1974811;V&P SPA;77.902.666-3;FABRICACION DE ARTICULOS CONFECCIONADOS DE MATERIA;PSJE EL CARDAL 2259 VILLA PAULA JARAQUEM;Osorno;Región de los Lagos ; ;;;F2-480 / SUB. DPTO. DE DISENO DE INFRAESTRUCTURA DE SALUD  PROVISION E INSTALACION DE CORTINAS ROLLER EDIFICIO MATTA SSO DESDE 1057532-133-L124.  ORDEN DE COMPRA DESDE 1057532-133-L124.  NOTA: No se podrá emitir factura sin previa recepción conforme de O/C. La factura debe indicar el Número de O/C asociada. Enviar los documentos mercantiles en archivo xlms y pdf al correo dipresrecepcion@custopdium.com.
1057532-2257-SE24;CONVENIO SALA CUNA/MATRICULAS NOV. 2024;12;Recepción Conforme;1057532-119-LP23;SE;CLP;;2;22;CL;2024-12-27T09:27:49.87;2024-12-27T12:16:53.897;2024-12-29T14:28:20.57;;2024-12-27T09:31:00;0.0;0;1050000.0;0.0;0.0;1050000.0;1057532;Bienes y Servicios;61.607.600-0;Servicio Público;Av. Juan Mackenna N°825, Edificio Plaza Sur;* ;Región de los Lagos ;Lesly Andrea Díaz Aburto;Administrativo;;1589609;LUZ ELIANA;76.796.544-3;EDUCACION;CERVANTES 1679;Osorno;Región de los Lagos ;LUZ ELIANA LONCON MARQUEZ;DIRECTORA;;CONTRATACION SERVICIO DE ADMINISTRACION DEL BENEFICIO DE SALA CUNA PARA HIJOS/AS FUNCIONARIOS DEPENDIENTES DEL S.S.O., AÑO 2024.  NOTA: NO SE PODRA EMITIR FACTURA SIN PREVIA RECEPCION CONFORME A OC / FACTURA DEBE SEÑALAR OC ASOCIADA /  SE DEBEN ENVIAR DOCUMENTOS MERCANTILES EN ARVHIVO XLMS O PDF AL SIGUIENTE CORREO:dipresrecepcion@custodium.com
1057532-1649-SE24;ORDEN DE COMPRA DESDE 1057532-84-LE24;12;Recepción Conforme;1057532-84-LE24;SE;CLP;;2;22;CL;2024-09-27T12:22:00.947;2024-11-05T11:27:49.847;2024-11-05T12:11:13.84;;2024-11-04T09:51:00;5.0;2;8316000.0;0.0;0.0;8316000.0;1057532;Bienes y Servicios;61.607.600-0;Servicio Público;Av. Juan Mackenna N°825, Edificio Plaza Sur;Osorno;Región de los Lagos ;Lesly Andrea Díaz Aburto;Administrativo;;35275;CEFAV;78.167.310-2;OTRAS ACTIVIDADES PROFESIONALES, CIENTIFICAS Y TEC;M MONTT 1556 N° No hay Dato;Providencia;Región Metropolitana de Santiago;ANDREA CAMU;DIRECTORA;;SERVICIO DOCENCIA CURSOS ACLS PALS Y PRN SSO DESDE 1057532-84-LE24//FORMULARIO N°92//  Nota: No se podrá emitir factura sin previa recepción conforme de O/C. La factura debe indicar el número de O/C asociada. Enviar factura en archivo xlms y pdf al correo dipresrecepcion@custodium.com.
1077241-181-SE24;F3-41 Convenio de suministro ID N°1077241-11-LP24;12;Recepción Conforme;1077241-11-LP24;SE;CLP;;2;22;CL;2024-11-15T09:34:19.493;2024-11-15T11:31:17.437;2024-11-19T13:08:46.31;;2024-11-15T09:39:00;5.0;2;6019776.0;19.0;1143757.0;7163533.0;1077241;Administración de Fondos;61.607.600-0;Servicio Público;Av. Juan Mackenna N°825, Edificio Plaza Sur;* ;Región de los Lagos ;JACQUELINE OYARZUN ALVAREZ;Comprador administrativo;;22463;ORTOMEDICA LIFANTE S.A;79.785.840-4;VENTA AL POR MAYOR NO ESPECIALIZADA| VENTA AL POR;Miguel Claro 989;Providencia;Región Metropolitana de Santiago;Sebastian azua;Gerente Comercial;;"F.S.C. N°41 L.P. N°1077241-11-LP24 ""Convenio de suministro de Ayudas Técnicas para Transferencia refuerzo de atención Domiciliaria a Personas en situación de Dependencia Severa"", según correo electrónico de fecha 15.11.2024.   Nota: No se podrá emitir factura sin previa recepción conforme de O/C. La factura debe indicar el Número de O/C asociada, de acuerdo Ley 20.727 de Enero del 2014.  Enviar los documentos mercantiles en archivo xlms y pdf al correo dipresrecepcion@custodium.com  COMUNA OSORNO/Dirección Despacho: Abastecimiento Municipalidad, Arturo Prat #432, Osorno. Responsable Recepción: Felipe Cabezas, Teléfono: +569 94856341, Correo Contacto: felipe.cabezas@salud.imo.cl"
1077241-229-SE24;KIT VIAL VPH /GORE DIC 2024;12;Recepción Conforme;1057532-42-LQ24;SE;CLP;;2;22;CL;2024-12-30T11:03:24.077;2024-12-30T11:54:23.54;2024-12-30T13:37:28.953;;2024-12-30T11:07:00;3.0;1;674100.0;19.0;128079.0;802179.0;1077241;Administración de Fondos;61.607.600-0;Servicio Público;Av. Juan Mackenna N°825, Edificio Plaza Sur;* ;Región de los Lagos ;PAULINA NICOLE LONCOPAN CARRILLO;PROFESIONAL APOYO;;1030533;ALATHEIA MEDICAL SPA;76.036.479-7;VENTA AL POR MAYOR NO ESPECIALIZADA| OTRAS ACTIVID;AV DEL VALLE NORTE 945 OF 5610;Huechuraba;Región Metropolitana de Santiago;RUBEN EDUARDO KRAMARENKO CUETO;GERENTE GENERAL;;CONVENIO DE SUMINISTRO DE VIALES PARA VPH DESDE 1057532-42-LQ24    NOTA:NO SE PODRA EMITIR FACTURA SIN PREVIA RECEPCION CONFORME A OC / FACTURA DEBE SEÑALAR OC ASOCIADA / SE DEBEN ENVIAR DOCUMENTOS MERCANTILES EN ARCHIVO XLMS O PDF AL SIGUIENTE CORREO, dipresrecepcion@custodium.com    1)	Insumos de recolección de muestra deberán ser despachados a la Droguería del Servicio de Salud Osorno, ubicado en Manuel Rodriguez #759, Osorno.    1)	Insumos de recolección de muestra deberán ser despachados a la Droguería del Servicio de Salud Osorno, ubicado en Manuel Rodriguez #759, Osorno.  2)	Los insumos y reactivos para el análisis de muestra deberán ser despachados a la Unidad de Anatomía Patológica del Hospital Base San José Osorno, Dr. Guillermo Bühler #1765, Osorno.
1180747-12-SE24;F5-012/ORDEN DE COMPRA DESDE 1180747-5-LE24/PSR CHAN CHAN;12;Recepción Conforme;1180747-5-LE24;SE;CLP;2520;2;7;Other;2024-11-04T09:30:01.21;2024-11-11T11:39:21.563;2024-11-11T12:18:34.603;;2024-11-05T09:41:00;4.441860465116279;43;122500.0;19.0;23275.0;145775.0;1180747;Compras Convenio GORE Region de Los Lagos;61.607.600-0;Servicio Público;;Puerto Montt;Región de los Lagos ;Ariela Acevedo;PROFESIONAL APOYO;;47740;B BRAUN MEDICAL SPA;96.756.540-7;FABRICACION DE PRODUCTOS FARMACEUTICOS, SUSTANCIAS;AVENIDA PUERTA SUR N° 03351;San Bernardo;Región Metropolitana de Santiago;Servicio al Cliente Servicio al Cliente;Ventas;;ADQUISICIÓN INSTRUMENTAL QUIRÚRGICO PARA HABILITACIÓN DE PSR CHAN CHAN Y PSR COSTA RÍO BLANCO DESDE 1180747-5-LE24.    NOTA: No se podrá emitir Factura sin previa Recepción Conforme de la OC. El o los documentos tributarios, deberán contener la información que permita tener datos de trazabilidad de los dispositivos médicos como por ejemplo N° de lote/serie, fecha de vencimiento, según lo establecido en la Norma Técnica 226.    Dirección de Despacho: Bodega de Inversiones ubicada en Amador Barrientos 2360, Osorno. Para el despacho contactar con D. Iván Vargas Ojeda al fono 64 2613580.
1180747-21-SE24;F5-016/ORDEN DE COMPRA DESDE 1180747-7-LE24/PSR CHAN CHAN;12;Recepción Conforme;1180747-7-LE24;SE;CLP;2711;2;7;Other;2024-11-18T14:52:06.09;2024-11-26T16:57:03.797;2024-12-02T16:00:22.34;;2024-11-18T16:26:00;4.36;5;1738900.0;19.0;330391.0;2069291.0;1180747;Compras Convenio GORE Region de Los Lagos;61.607.600-0;Servicio Público;;Puerto Montt;Región de los Lagos ;Ariela Acevedo;PROFESIONAL APOYO;;63525;COMERCIALIZADORA DE PRODUCTOS MEDICOS Y DEPORTIVOS PTM CHILE SPA;77.749.210-1;VENTA DE ARTICULOS MEDICOS, ORTOPEDICOS;SN ISIDRO 1959 N° No hay Dato;Santiago;Región Metropolitana de Santiago;CLAUDIO SALINAS;Gerente Comercial;;ADQUISICIÓN EQUIPOS Y EQUIPAMIENTO MÉDICO PARA HABILITACIÓN DE PSR CHAN CHAN Y PSR COSTA RÍO BLANCO DESDE 1180747-7-LE24.    NOTA: EN LA FACTURA NO SE DEBE ASOCIAR LA OC AL CAMPO 801. No se podrá emitir Factura sin previa Recepción Conforme de la OC. El o los documentos tributarios, deberán contener la información que permita tener datos de trazabilidad de los dispositivos médicos como por ejemplo N° de lote/serie, fecha de vencimiento, según lo establecido en la Norma Técnica 226.    Dirección de Despacho: Bodega de Inversiones ubicada en Amador Barrientos 2360, Osorno. Para el despacho contactar con D. Iván Vargas Ojeda al fono 64 2613580.
1057532-2186-SE24;DSSO. MATTA/Convenio Suministro/ID 1057532-136-LE23.;12;Recepción Conforme;1057532-136-LE23;SE;CLP;;2;7;CL;2024-12-16T08:42:03.08;2024-12-16T11:00:50.97;2025-01-03T15:29:56.167;;2024-12-16T09:03:00;4.4222222222222225;18;709100.0;0.0;0.0;670600.0;1057532;Bienes y Servicios;61.607.600-0;Servicio Público;Av. Juan Mackenna N°825, Edificio Plaza Sur;Osorno;Región de los Lagos ;JACQUELINE OYARZUN ALVAREZ;Comprador administrativo;;24467;COOP AGRICOLA Y DE SERVICIOS LIMITADA;82.392.600-6;CRIA DE GANADO PARA PRODUCCION DE CARNE, O COMO GA;M RODRIGUEZ 1040;Osorno;Región de los Lagos ;Cristopher  Vidal Labbé;Analista de Ventas y Chilecompra;;CONVENIO SUMINISTRO PETROLEO DIESEL PARA CALDERAS DE DISPOSITIVOS DEPENDIENTES DEL SERVICIO DE SALUD OSORNO DE ENERO A DICIEMBRE 2024 DESDE 1057532-136-LE23. Solicitud emisión de O/C con fecha 13.12.2024.  Nota: No se podrá emitir factura sin previa recepción conforme de O/C. La factura debe indicar el Número de O/C asociada, de acuerdo Ley 20.727 de Enero del 2014.  Enviar los documentos mercantiles en archivo xlms y pdf al correo dipresrecepcion@custodium.com
1057532-2236-SE24;Servicio de Aseo/Ed. Plaza Sur/ Octubre 2024;12;Recepción Conforme;1057532-96-LP23;SE;CLP;;2;22;CL;2024-12-24T09:49:42.127;2024-12-26T08:50:34.627;2024-12-26T09:36:33.273;;2024-12-24T09:59:00;0.0;0;1892179.0;19.0;359514.0;2251693.0;1057532;Bienes y Servicios;61.607.600-0;Servicio Público;Av. Juan Mackenna N°825, Edificio Plaza Sur;Osorno;Región de los Lagos ;Rubén Uribe;Administrativo;;1151955;SERVICIO DE INGENIERIA SEGURIDAD Y TRANSPORTE TRANSCOM LIMITADA;76.060.259-0;OTRAS ACTIVIDADES CONEXAS AL TRANSPORTE N.C.P.| SE;MANUEL BULNES N° 45;Temuco;Región de la Araucanía ;Carlos Rojas Sanchez Carlos Rojas Sanchez;Gerente;;NOTA:NO SE PODRA EMITIR FACTURA SIN PREVIA RECEPCION CONFORME A OC / FACTURA DEBE SEÑALAR OC ASOCIADA / SE DEBEN ENVIAR DOCUMENTOS MERCANTILES EN ARCHIVO XLMS O PDF AL SIGUIENTE CORREO, dipresrecepcion@custodium.com
1077241-225-SE24;F3-043 Convenio suministro Ayudas técnicas ID 1077241-14-LP24;12;Recepción Conforme;1077241-14-LP24;SE;CLP;;2;22;CL;2024-12-20T15:26:37.55;2024-12-23T08:53:03.41;2024-12-23T18:18:08.403;;2024-12-20T15:31:00;0.0;0;17160000.0;19.0;3260400.0;20420400.0;1077241;Administración de Fondos;61.607.600-0;Servicio Público;Av. Juan Mackenna N°825, Edificio Plaza Sur;* ;Región de los Lagos ;JACQUELINE OYARZUN ALVAREZ;Comprador administrativo;;1591756;IMPORTADORA PROMSA SPA;76.780.759-7;VENTA AL POR MENOR DE ARTICULOS ORTOPEDICOS;Hijuela santa Isabel lote 2, Calera de tango;Calera De Tango;Región Metropolitana de Santiago;Juan Pablo Moreno;Venta Institucional;;"F.S.C. N°43 “Convenio de suministro de Ayudas Técnicas para Transferencia refuerzo de atención Domiciliaria a Personas en situación de Dependencia Severa.""  ID 1077241-14-LP24. De acuerdo a correo electrónico de fecha 20.12.2024.  Nota: No se podrá emitir factura sin previa recepción conforme de O/C. La factura debe indicar el Número de O/C asociada, de acuerdo Ley 20.727 de Enero del 2014.  Enviar los documentos mercantiles en archivo xlms y pdf al correo dipresrecepcion@custodium.com                                                                                                     COMUNA OSORNO DIRECCION DESPACHO: Abastecimiento Municipalidad, Arturo Prat #432, Osorno.  Responsable Recepción: Felipe Cabezas, Teléfono: +569 94856341  Correo Contacto: felipe.cabezas@salud.imo.cl"
1057532-2271-SE24;Kit vial VPH / Dic 2024;12;Recepción Conforme;1057532-42-LQ24;SE;CLP;;2;22;CL;2024-12-30T11:28:08.007;2024-12-30T12:34:30.24;2024-12-30T13:36:08.043;;2024-12-30T11:35:00;3.0;1;1465900.0;19.0;278521.0;1744421.0;1057532;Bienes y Servicios;61.607.600-0;Servicio Público;Av. Juan Mackenna N°825, Edificio Plaza Sur;* ;Región de los Lagos ;PAULINA NICOLE LONCOPAN CARRILLO;PROFESIONAL APOYO;;1030533;ALATHEIA MEDICAL SPA;76.036.479-7;VENTA AL POR MAYOR NO ESPECIALIZADA| OTRAS ACTIVID;AV DEL VALLE NORTE 945 OF 5610;Huechuraba;Región Metropolitana de Santiago;RUBEN EDUARDO KRAMARENKO CUETO;GERENTE GENERAL;;CONVENIO DE SUMINISTRO DE VIALES PARA VPH DESDE 1057532-42-LQ24    NOTA:NO SE PODRA EMITIR FACTURA SIN PREVIA RECEPCION CONFORME A OC / FACTURA DEBE SEÑALAR OC ASOCIADA / SE DEBEN ENVIAR DOCUMENTOS MERCANTILES EN ARCHIVO XLMS O PDF AL SIGUIENTE CORREO, dipresrecepcion@custodium.com    1)	Insumos de recolección de muestra deberán ser despachados a la Droguería del Servicio de Salud Osorno, ubicado en Manuel Rodriguez #759, Osorno.    1)	Insumos de recolección de muestra deberán ser despachados a la Droguería del Servicio de Salud Osorno, ubicado en Manuel Rodriguez #759, Osorno.  2)	Los insumos y reactivos para el análisis de muestra deberán ser despachados a la Unidad de Anatomía Patológica del Hospital Base San José Osorno, Dr. Guillermo Bühler #1765, Osorno.
1180747-15-SE24;F5-012/ORDEN DE COMPRA DESDE 1180747-5-LE24/PSR COSTA RÍO BLANCO;12;Recepción Conforme;1180747-5-LE24;SE;CLP;2512;2;7;Other;2024-11-04T12:25:59.33;2024-11-11T11:39:06.393;2024-11-11T12:22:57.45;;2024-11-05T09:40:00;4.441860465116279;43;122500.0;19.0;23275.0;145775.0;1180747;Compras Convenio GORE Region de Los Lagos;61.607.600-0;Servicio Público;Sin dirección Registrada para Unidad de Compra;Puerto Montt;Región de los Lagos ;Ariela Acevedo;PROFESIONAL APOYO;;47740;B BRAUN MEDICAL SPA;96.756.540-7;FABRICACION DE PRODUCTOS FARMACEUTICOS, SUSTANCIAS;AVENIDA PUERTA SUR N° 03351;San Bernardo;Región Metropolitana de Santiago;Servicio al Cliente Servicio al Cliente;Ventas;;ADQUISICIÓN INSTRUMENTAL QUIRÚRGICO PARA HABILITACIÓN DE PSR CHAN CHAN Y PSR COSTA RÍO BLANCO DESDE 1180747-5-LE24.    NOTA: No se podrá emitir Factura sin previa Recepción Conforme de la OC. El o los documentos tributarios, deberán contener la información que permita tener datos de trazabilidad de los dispositivos médicos como por ejemplo N° de lote/serie, fecha de vencimiento, según lo establecido en la Norma Técnica 226.    Dirección de Despacho: Bodega de Inversiones ubicada en Amador Barrientos 2360, Osorno. Para el despacho contactar con D. Iván Vargas Ojeda al fono 64 2613580.
1057532-2252-SE24;Servicio Mantención Extintores/PRAIS/Octubre 2024;12;Recepción Conforme;1057532-51-LE24;SE;CLP;;2;12;CL;2024-12-26T16:10:21.107;2024-12-27T11:20:58.803;2024-12-30T21:19:09.427;;2024-12-26T16:26:00;0.0;0;3870.0;19.0;735.0;4605.0;1057532;Bienes y Servicios;61.607.600-0;Servicio Público;Av. Juan Mackenna N°825, Edificio Plaza Sur;Osorno;Región de los Lagos ;Rubén Uribe;Administrativo;;1682984;Sebastian matias;77.037.311-5;Venta, mantencion y recarga equipos extinción de i;AVENIDA PINO SUR N° 01462;San Bernardo;Región Metropolitana de Santiago;Sebastian matias Astete Valenzuela ;Gerente de operacion;;NOTA:  NO SE PODRÁ EMITIR FACTURA SIN PREVIA RECEPCIÓN CONFORME DE O/C LAS FACTURAS DEBEN INDICAR Nº O/C ASOCIADA Ley 20.727 del Enero 2014 Enviar los documentos mercantiles en archivo xlms y pdf al correo dipresrecepcion@custodium.com
1057532-2256-SE24;Servicio Mantención Extintores/COSAM Rahue/Octubre;12;Recepción Conforme;1057532-51-LE24;SE;CLP;;2;12;CL;2024-12-26T16:12:06.773;2024-12-27T11:26:27.847;2024-12-30T21:08:25.837;;2024-12-27T08:13:00;0.0;0;14190.0;19.0;2696.0;16886.0;1057532;Bienes y Servicios;61.607.600-0;Servicio Público;Av. Juan Mackenna N°825, Edificio Plaza Sur;Osorno;Región de los Lagos ;Rubén Uribe;Administrativo;;1682984;Sebastian matias;77.037.311-5;Venta, mantencion y recarga equipos extinción de i;AVENIDA PINO SUR N° 01462;San Bernardo;Región Metropolitana de Santiago;Sebastian matias Astete Valenzuela ;Gerente de operacion;;NOTA:  NO SE PODRÁ EMITIR FACTURA SIN PREVIA RECEPCIÓN CONFORME DE O/C LAS FACTURAS DEBEN INDICAR Nº O/C ASOCIADA Ley 20.727 del Enero 2014 Enviar los documentos mercantiles en archivo xlms y pdf al correo dipresrecepcion@custodium.com
1057532-2255-SE24;Servicio Mantención Extintores/COSAM Oriente/Octub;12;Recepción Conforme;1057532-51-LE24;SE;CLP;;2;12;CL;2024-12-26T16:11:45.823;2024-12-27T11:25:43.32;2024-12-30T21:13:58.273;;2024-12-27T08:10:00;0.0;0;11610.0;19.0;2206.0;13816.0;1057532;Bienes y Servicios;61.607.600-0;Servicio Público;Av. Juan Mackenna N°825, Edificio Plaza Sur;Osorno;Región de los Lagos ;Rubén Uribe;Administrativo;;1682984;Sebastian matias;77.037.311-5;Venta, mantencion y recarga equipos extinción de i;AVENIDA PINO SUR N° 01462;San Bernardo;Región Metropolitana de Santiago;Sebastian matias Astete Valenzuela ;Gerente de operacion;;NOTA:  NO SE PODRÁ EMITIR FACTURA SIN PREVIA RECEPCIÓN CONFORME DE O/C LAS FACTURAS DEBEN INDICAR Nº O/C ASOCIADA Ley 20.727 del Enero 2014 Enviar los documentos mercantiles en archivo xlms y pdf al correo dipresrecepcion@custodium.com
1057532-1505-SE24;Servicio Mantención Extintores/Ed. Rodriguez/Octubre 2024;12;Recepción Conforme;1057532-51-LE24;SE;CLP;;2;12;CL;2024-09-05T12:40:01.59;2024-12-27T11:14:20.147;2024-12-30T21:23:02.387;;2024-12-26T16:07:00;0.0;0;12900.0;19.0;2451.0;15351.0;1057532;Bienes y Servicios;61.607.600-0;Servicio Público;Av. Juan Mackenna N°825, Edificio Plaza Sur;Osorno;Región de los Lagos ;Rubén Uribe;Administrativo;;1682984;Sebastian matias;77.037.311-5;Venta, mantencion y recarga equipos extinción de i;AVENIDA PINO SUR N° 01462;San Bernardo;Región Metropolitana de Santiago;Sebastian matias Astete Valenzuela ;Gerente de operacion;;NOTA:  NO SE PODRÁ EMITIR FACTURA SIN PREVIA RECEPCIÓN CONFORME DE O/C LAS FACTURAS DEBEN INDICAR Nº O/C ASOCIADA Ley 20.727 del Enero 2014 Enviar los documentos mercantiles en archivo xlms y pdf al correo dipresrecepcion@custodium.com
1057532-2253-SE24;Servicio Mantención Extintores/Peulla/Octubre 2024;12;Recepción Conforme;1057532-51-LE24;SE;CLP;;2;12;CL;2024-12-26T16:10:46.88;2024-12-27T11:22:59.477;2024-12-30T21:17:30.937;;2024-12-26T16:30:00;0.0;0;9030.0;19.0;1716.0;10746.0;1057532;Bienes y Servicios;61.607.600-0;Servicio Público;Av. Juan Mackenna N°825, Edificio Plaza Sur;Osorno;Región de los Lagos ;Rubén Uribe;Administrativo;;1682984;Sebastian matias;77.037.311-5;Venta, mantencion y recarga equipos extinción de i;AVENIDA PINO SUR N° 01462;San Bernardo;Región Metropolitana de Santiago;Sebastian matias Astete Valenzuela ;Gerente de operacion;;NOTA:  NO SE PODRÁ EMITIR FACTURA SIN PREVIA RECEPCIÓN CONFORME DE O/C LAS FACTURAS DEBEN INDICAR Nº O/C ASOCIADA Ley 20.727 del Enero 2014 Enviar los documentos mercantiles en archivo xlms y pdf al correo dipresrecepcion@custodium.com
1057532-2254-SE24;Servicio Mantención Extintores/SAMU/Octubre 2024;12;Recepción Conforme;1057532-51-LE24;SE;CLP;;2;12;CL;2024-12-26T16:11:06.11;2024-12-27T11:24:49.17;2024-12-30T21:15:54.89;;2024-12-27T08:08:00;0.0;0;18060.0;19.0;3431.0;21491.0;1057532;Bienes y Servicios;61.607.600-0;Servicio Público;Av. Juan Mackenna N°825, Edificio Plaza Sur;Osorno;Región de los Lagos ;Rubén Uribe;Administrativo;;1682984;Sebastian matias;77.037.311-5;Venta, mantencion y recarga equipos extinción de i;AVENIDA PINO SUR N° 01462;San Bernardo;Región Metropolitana de Santiago;Sebastian matias Astete Valenzuela ;Gerente de operacion;;NOTA:  NO SE PODRÁ EMITIR FACTURA SIN PREVIA RECEPCIÓN CONFORME DE O/C LAS FACTURAS DEBEN INDICAR Nº O/C ASOCIADA Ley 20.727 del Enero 2014 Enviar los documentos mercantiles en archivo xlms y pdf al correo dipresrecepcion@custodium.com
1057532-2243-SE24;TD Soporte y Mantenimiento /Cuota 23;12;Recepción Conforme;;SE;CLP;;2;22;CL;2024-12-26T09:14:11.713;2024-12-27T16:08:37.487;2024-12-30T10:40:52.24;;2024-12-27T15:37:00;0.0;0;557187.0;19.0;105866.0;663053.0;1057532;Bienes y Servicios;61.607.600-0;Servicio Público;Av. Juan Mackenna N°825, Edificio Plaza Sur;Osorno;Región de los Lagos ;Alicia Vidal Paredes;Comprador Administrativo;;33151;BIOSUB LTDA.;78.662.650-1;VENTA AL POR MENOR DE OTROS PRODUCTOS EN PEQUENOS;Manuel Rodriguez 245-A;Puerto Montt;Región de los Lagos ;Aram Mutis W. Aram Mutis W.;DUEÑO;;De Trato directo aprobado por resolución adjunta N° 1669 del 03 de febrero del 2023.  O/C TD 1057532-158-SE23// Cuota 23.  NOTA: NO SE PODRÁ EMITIR FACTURA SIN PREVIA RECEPCIÓN CONFORME DE O/C. //LA FACTURA DEBE INDICAR EL NÚMERO DE O/C ASOCIADA. DEBERAN: ENVIAR LOS DOCUMENTOS MERCANTILES EN ARCHIVO XLMS Y PDF AL CORREO   dipresrecepcion@custodium.com
1057532-2251-SE24;Servicio Mantención Extintores/Kumelen/Octubre 202;12;Recepción Conforme;1057532-51-LE24;SE;CLP;;2;12;CL;2024-12-26T16:09:48.007;2024-12-27T11:16:16.533;2024-12-30T21:21:16.017;;2024-12-26T16:23:00;0.0;0;9030.0;19.0;1716.0;10746.0;1057532;Bienes y Servicios;61.607.600-0;Servicio Público;Av. Juan Mackenna N°825, Edificio Plaza Sur;Osorno;Región de los Lagos ;Rubén Uribe;Administrativo;;1682984;Sebastian matias;77.037.311-5;Venta, mantencion y recarga equipos extinción de i;AVENIDA PINO SUR N° 01462;San Bernardo;Región Metropolitana de Santiago;Sebastian matias Astete Valenzuela ;Gerente de operacion;;NOTA:  NO SE PODRÁ EMITIR FACTURA SIN PREVIA RECEPCIÓN CONFORME DE O/C LAS FACTURAS DEBEN INDICAR Nº O/C ASOCIADA Ley 20.727 del Enero 2014 Enviar los documentos mercantiles en archivo xlms y pdf al correo dipresrecepcion@custodium.com
1057532-1822-AG24;F1-573  Orden de Compra generada por invitación a compra ágil: 1057532-755-COT24;12;Recepción Conforme;;AG;CLP;;2;7;Other;2024-10-22T14:48:17.893;2024-10-23T14:33:34.297;2024-10-24T14:21:32.35;;2024-10-23T14:33:00;0.0;0;80000.0;19.0;15200.0;95200.0;1057532;Bienes y Servicios;61.607.600-0;Servicio Público;;Osorno;Región de los Lagos ;Miguel Aro;Administrativo;;1848248;XPLOTTER SOLUCIONES GRÁFICAS SPA;77.441.643-9;OTRAS ACTIVIDADES ESPECIALIZADAS DE DISEÑO N.C.P.;MANUEL BLANCO ENCALADA 199, LOS PRESIDENTES;Talagante;Región Metropolitana de Santiago; ;;;Orden de Compra codigo: 1057532-1822-AG24 dirigida a XPLOTTER SOLUCIONES GRÁFICAS SPA  NOTA: No se podrá emitir factura sin previa recepción conforme de O/C. La factura debe indicar el Número de O/C asociada.  Enviar los documentos mercantiles en archivo xlms y pdf al correo dipresrecepcion@custodium.com.  FOLIO N° 573 / DAP.
1057532-2262-SE24;ARRIENDO IMPRESORAS PEULLA/NOV. 2024;12;Recepción Conforme;1057532-15-LQ23;SE;CLP;;2;22;CL;2024-12-27T09:37:58.06;2024-12-27T16:11:07.9;2024-12-30T17:30:22.06;;2024-12-27T09:47:00;4.513513513513513;37;240833.0;19.0;45758.0;286592.0;1057532;Bienes y Servicios;61.607.600-0;Servicio Público;Av. Juan Mackenna N°825, Edificio Plaza Sur;* ;Región de los Lagos ;Lesly Andrea Díaz Aburto;Administrativo;;62706;OPCIONES SA SISTEMAS DE INFORMACION;96.523.180-3;VENTA AL POR MAYOR DE OTROS PRODUCTOS N.C.P.| COME;Seminario  N° 372;Puerto Montt;Región de los Lagos ;Daniela  Vidal;Supervisor de compras;;ARRIENDO DE IMPRESORAS MULTIFUNCIONALES PARA EL SSO Y ESTABLECIMIENTOS DEPENDIENTES, POR 36 MESES ID 1057532-15-LQ23//  NOTA: NO SE PODRÁ EMITIR FACTURA SIN PREVIA RECEPCIÓN CONFORME DE O/C. //LA FACTURA DEBE INDICAR EL NÚMERO DE O/C ASOCIADA.   DEBERAN: ENVIAR LOS DOCUMENTOS MERCANTILES EN ARCHIVO XLMS Y PDF AL CORREO dipresrecepcion@custodium.com
1077241-223-SE24;F3-043 Convenio suministro Ayudas técnicas ID 1077241-14-LP24;12;Recepción Conforme;1077241-14-LP24;SE;CLP;;2;22;CL;2024-12-13T15:54:27.53;2024-12-13T16:31:29.42;2024-12-16T12:58:41.833;;2024-12-13T16:10:00;0.0;0;8320000.0;19.0;1580800.0;9900800.0;1077241;Administración de Fondos;61.607.600-0;Servicio Público;Av. Juan Mackenna N°825, Edificio Plaza Sur;* ;Región de los Lagos ;JACQUELINE OYARZUN ALVAREZ;Comprador administrativo;;1591756;IMPORTADORA PROMSA SPA;76.780.759-7;VENTA AL POR MENOR DE ARTICULOS ORTOPEDICOS;Hijuela santa Isabel lote 2, Calera de tango;Calera De Tango;Región Metropolitana de Santiago;Juan Pablo Moreno;Venta Institucional;;"F.S.C. N°43 “Convenio de suministro de Ayudas Técnicas para Transferencia refuerzo de atención Domiciliaria a Personas en situación de Dependencia Severa.""  ID 1077241-14-LP24. De acuerdo a correo electrónico de fecha 13.12.2024.  Nota: No se podrá emitir factura sin previa recepción conforme de O/C. La factura debe indicar el Número de O/C asociada, de acuerdo Ley 20.727 de Enero del 2014.  Enviar los documentos mercantiles en archivo xlms y pdf al correo dipresrecepcion@custodium.com                                                                                                     COMUNA SAN PABLO DIRECCION DESPACHO: Cesfam San Pablo, Colón #788, San Pablo.  Responsable Recepción: Elena Montiel, Teléfono: +569 78617847  Correo Contacto: elenamontiel26@gmail.com"
1077241-220-SE24;F3-043 Convenio suministro Ayudas técnicas ID 1077241-14-LP24;12;Recepción Conforme;1077241-14-LP24;SE;CLP;;2;22;CL;2024-12-13T15:41:18.453;2024-12-16T11:34:34.823;2024-12-19T10:34:09.993;;2024-12-13T15:47:00;0.0;0;5200000.0;19.0;988000.0;6188000.0;1077241;Administración de Fondos;61.607.600-0;Servicio Público;Av. Juan Mackenna N°825, Edificio Plaza Sur;* ;Región de los Lagos ;JACQUELINE OYARZUN ALVAREZ;Comprador administrativo;;1591756;IMPORTADORA PROMSA SPA;76.780.759-7;VENTA AL POR MENOR DE ARTICULOS ORTOPEDICOS;Hijuela santa Isabel lote 2, Calera de tango;Calera De Tango;Región Metropolitana de Santiago;Juan Pablo Moreno;Venta Institucional;;"F.S.C. N°43 “Convenio de suministro de Ayudas Técnicas para Transferencia refuerzo de atención Domiciliaria a Personas en situación de Dependencia Severa.""  ID 1077241-14-LP24. De acuerdo a correo electrónico de fecha 13.12.2024.  Nota: No se podrá emitir factura sin previa recepción conforme de O/C. La factura debe indicar el Número de O/C asociada, de acuerdo Ley 20.727 de Enero del 2014.  Enviar los documentos mercantiles en archivo xlms y pdf al correo dipresrecepcion@custodium.com                                                                                                     COMUNA PUERTO OCTAY DIRECCION DESPACHO: Hospital Puerto Octay: Pedro Montt # 601, Puerto Octay.  Responsable Recepción: Manuel Peña, Teléfono: +569 63536429  Correo Contacto: manuel.pena@redsalud.gob.cl"
1057532-2270-SE24;Notas de Cambio N°1 y N°2 LP 1057532-58-LR22;6;Aceptada;1057532-58-LR22;SE;CLP;12;2;22;CL;2024-12-30T11:21:20.807;2025-01-06T10:28:14.853;2025-01-06T12:19:15.783;;2025-01-06T10:28:00;0.0;0;60102609.0;19.0;11419496.0;71522105.0;1057532;Bienes y Servicios;61.607.600-0;Servicio Público;Av. Juan Mackenna N°825, Edificio Plaza Sur;Osorno;Región de los Lagos ;JUAN FELIPE ROJEL HUENTRO;PROFESIONAL DE APOYO;;1405175;StandarHosue Ltda.;76.295.583-0;CONSTRUCCION DE EDIFICIOS COMPLETOS O DE PARTES DE;lemosin 3155;Osorno;Región de los Lagos ;Antonio Parra;;;"Notas de Cambio N°1 y N°2 LP 1057532-58-LR22 ""HABILITACIÓN DE LA UNIDAD DE HOSPITALIZACIÓN DE CUIDADOS INTENSIVOS PSIQUIÁTRICOS (UHCIP) DEL HBSJO"", aprobada por Resolución Exenta Aprueba Contrato Modificatorio N°20641 del 27 de diciembre de 2024."
1077241-104-CM24;F3-43 Adquisición de mesa de alimentación Orden de Compra: 1077241-104-CM24;12;Recepción Conforme;;CM;CLP;;2;12;CL;2024-09-25T16:21:31.58;2024-09-26T09:09:21.917;2024-10-03T18:21:55.46;;2024-10-03T14:43:00;0.0;0;13225000.0;0.0;0.0;10580000.0;1077241;Administración de Fondos;61.607.600-0;Servicio Público;M.A Matta 448;Puerto Montt;Región de los Lagos ;JACQUELINE  OYARZUN ALVAREZ;;;1591756;IMPORTADORA PROMSA SPA;76.780.759-7;VENTA AL POR MENOR DE ARTICULOS ORTOPEDICOS;Hijuela santa Isabel lote 2, Calera de tango;;;;Contacto;;F.S.C. N°43 Adquisición Mesa de alimentación para cama Convenio de suministro de Ayudas Técnicas para proveer a la Red Asistencial del S.S.O. N°1077241-104-CM24 dirigida a IMPORTADORA PROMSA SPA
1077241-222-SE24;F3-043 Convenio suministro Ayudas técnicas ID 1077241-14-LP24;12;Recepción Conforme;1077241-14-LP24;SE;CLP;;2;22;CL;2024-12-13T15:54:17.21;2024-12-13T16:30:54.473;2024-12-16T12:57:52.24;;2024-12-13T16:02:00;0.0;0;4680000.0;19.0;889200.0;5569200.0;1077241;Administración de Fondos;61.607.600-0;Servicio Público;Av. Juan Mackenna N°825, Edificio Plaza Sur;* ;Región de los Lagos ;JACQUELINE OYARZUN ALVAREZ;Comprador administrativo;;1591756;IMPORTADORA PROMSA SPA;76.780.759-7;VENTA AL POR MENOR DE ARTICULOS ORTOPEDICOS;Hijuela santa Isabel lote 2, Calera de tango;Calera De Tango;Región Metropolitana de Santiago;Juan Pablo Moreno;Venta Institucional;;"F.S.C. N°43 “Convenio de suministro de Ayudas Técnicas para Transferencia refuerzo de atención Domiciliaria a Personas en situación de Dependencia Severa.""  ID 1077241-14-LP24. De acuerdo a correo electrónico de fecha 13.12.2024.  Nota: No se podrá emitir factura sin previa recepción conforme de O/C. La factura debe indicar el Número de O/C asociada, de acuerdo Ley 20.727 de Enero del 2014.  Enviar los documentos mercantiles en archivo xlms y pdf al correo dipresrecepcion@custodium.com                                                                                                     COMUNA OSORNO DIRECCION DESPACHO: Abastecimiento Municipalidad, Arturo Prat #432, Osorno.  Responsable Recepción: Felipe Cabezas, Teléfono: +569 94856341  Correo Contacto: felipe.cabezas@salud.imo.cl"
1077241-227-SE24;F3-043 Convenio suministro Ayudas técnicas ID 1077241-14-LP24.;12;Recepción Conforme;1077241-14-LP24;SE;CLP;;2;22;CL;2024-12-26T09:25:49.63;2024-12-26T11:06:15.933;2024-12-27T16:44:50.413;;2024-12-26T09:39:00;0.0;0;20280000.0;19.0;3853200.0;24133200.0;1077241;Administración de Fondos;61.607.600-0;Servicio Público;Av. Juan Mackenna N°825, Edificio Plaza Sur;* ;Región de los Lagos ;JACQUELINE OYARZUN ALVAREZ;Comprador administrativo;;1591756;IMPORTADORA PROMSA SPA;76.780.759-7;VENTA AL POR MENOR DE ARTICULOS ORTOPEDICOS;Hijuela santa Isabel lote 2, Calera de tango;Calera De Tango;Región Metropolitana de Santiago;Juan Pablo Moreno;Venta Institucional;;"F.S.C. N°43 “Convenio de suministro de Ayudas Técnicas para Transferencia refuerzo de atención Domiciliaria a Personas en situación de Dependencia Severa.""  ID 1077241-14-LP24. De acuerdo a correo electrónico de fecha 26.12.2024.  Nota: No se podrá emitir factura sin previa recepción conforme de O/C. La factura debe indicar el Número de O/C asociada, de acuerdo Ley 20.727 de Enero del 2014.  Enviar los documentos mercantiles en archivo xlms y pdf al correo dipresrecepcion@custodium.com                                                                                                     COMUNA OSORNO DIRECCION DESPACHO: Abastecimiento Municipalidad, Arturo Prat #432, Osorno.  Responsable Recepción: Felipe Cabezas, Teléfono: +569 94856341  Correo Contacto: felipe.cabezas@salud.imo.cl"
1057532-2194-CM24;ADQUISICIÓN DE ALIMENTOS DESTINADOS A USUARIOS DEL PROGRAMA DE TUBERCULOSIS DEL DPTO. ATENCION PRIMARIA DEL SSO;12;Recepción Conforme;;CM;CLP;;2;12;CL;2024-12-16T16:16:03.19;2024-12-16T18:01:51.73;2024-12-17T08:27:34.89;;2024-12-17T09:40:00;4.4;18;2017743.0;0.0;0.0;2017743.0;1057532;Bienes y Servicios;61.607.600-0;Servicio Público;Av. Juan Mackenna N°825, Edificio Plaza Sur;Osorno;Región de los Lagos ;Alicia Vidal Paredes;;;1149490;SAID MAURICIO TARZIJAN JULIAN;8.109.519-1;VENTA AL POR MENOR DE PRODUCTOS DE CONFITERIAS, CIGARRILLOS, Y OTROS| VENTA AL POR MENOR DE ARTICULOS ELECTRODOMESTICOS Y ELECTRONICOS PARA| OTRAS ACTIVIDADES DE SERVICIOS PERSONALES N.C.P.;Patricio Lynch # 2024, OSORNO;;;;Contacto;;Orden de Compra codigo: 1057532-2194-CM24 dirigida a SAID MAURICIO TARZIJAN JULIAN
1057532-1825-AG24;F1-573  Orden de Compra generada por invitación a compra ágil: 1057532-731-COT24;12;Recepción Conforme;;AG;CLP;;2;7;Other;2024-10-23T08:24:56.417;2024-10-23T11:23:46.78;2024-10-23T12:19:13.347;;2024-10-23T11:23:00;5.0;2;95000.0;19.0;18050.0;113050.0;1057532;Bienes y Servicios;61.607.600-0;Servicio Público;;Osorno;Región de los Lagos ;Miguel Aro;Administrativo;;55281;comercializadora ISI.s.a.;96.944.900-5;OTRAS ACTIVIDADES DE EDICION| COMERCIO DE ARTICULOS DE SUMINISTROS DE OFICINAS Y ARTICULOS DE ESCRIT;BRASIL N° 1111;La Cisterna;Región Metropolitana de Santiago;Loreto   Muñoz Gebert;Gerente de Ventas;;Orden de Compra codigo: 1057532-1825-AG24 dirigida a COMERCIALIZADORA ISI SPA  NOTA: No se podrá emitir factura sin previa recepción conforme de O/C. La factura debe indicar el Número de O/C asociada.  Enviar los documentos mercantiles en archivo xlms y pdf al correo dipresrecepcion@custodium.com.  FOLIO N° 573 / DAP.
1057532-2181-SE24;Servicio de plagas Peulla / Nov 2024;12;Recepción Conforme;1057532-84-LE23;SE;CLP;;2;7;CL;2024-12-13T16:02:28.28;2024-12-30T10:31:11.39;2025-01-03T09:19:32.68;;2024-12-13T16:06:00;0.0;0;76000.0;19.0;14440.0;90440.0;1057532;Bienes y Servicios;61.607.600-0;Servicio Público;Av. Juan Mackenna N°825, Edificio Plaza Sur;* ;Región de los Lagos ;PAULINA NICOLE LONCOPAN CARRILLO;PROFESIONAL APOYO;;1497623;QUARTO CONSULTORES Y SERVICIOS  LIMITADA;76.596.219-6;ASESORIAS EMPRESARIALES;ELEUTERIO RAMIREZ OF 300;Osorno;Región de los Lagos ;MAURICIO ALEJANDRO  PACHECO MUÑOZ;OSORNO;;ID 1057532-84-LE23 CONVENIO CONTROL DE PLAGAS DSSO 2024 Y 2025  NOTA:NO SE PODRA EMITIR FACTURA SIN PREVIA RECEPCION CONFORME A OC / FACTURA DEBE SEÑALAR OC ASOCIADA / SE DEBEN ENVIAR DOCUMENTOS MERCANTILES EN ARCHIVO XLMS O PDF AL SIGUIENTE CORREO, dipresrecepcion@custodium.com
1057532-2222-SE24;Compra de Medicamentos 1057532-135-L124;12;Recepción Conforme;1057532-135-L124;SE;CLP;;2;7;CL;2024-12-19T09:52:01.55;2024-12-19T11:46:02.107;2024-12-19T17:06:41.217;;2024-12-19T10:21:00;4.5;14;2491770.0;19.0;473436.0;2965206.0;1057532;Bienes y Servicios;61.607.600-0;Servicio Público;Av. Juan Mackenna N°825, Edificio Plaza Sur;Osorno;Región de los Lagos ;PAULINA NICOLE LONCOPAN CARRILLO;PROFESIONAL APOYO;;26963;JOHNSON Y JOHNSON DE CHILE S A;93.745.000-1;VENTA AL POR MAYOR DE PRODUCTOS QUIMICOS;AV CERRO COLORADO TORRE 1 N° 5240;Las Condes;Región Metropolitana de Santiago;Soledad Tapia Carvallo;Coordinadora Licitaciones;;Adquisición de medicamentos para tratamiento de pacientes COSAM Rahue, tercer llamado. DESDE 1057532-135-L124  NOTA: No se podrá emitir Factura sin previa Recepción Conforme de la OC./ La factura debe indicar N° de OC asociada. Enviar los  documentos mercantiles en archivo xlms y pdf al correo dipresrecepcion@custodium.com
1057532-2261-SE24;ARRIENDO IMPRESORAS COSAM RAHUE/NOV. 2024;12;Recepción Conforme;1057532-15-LQ23;SE;CLP;;2;22;CL;2024-12-27T09:37:32.46;2024-12-27T16:09:18.577;2024-12-30T17:36:30.383;;2024-12-27T09:49:00;4.513513513513513;37;276627.0;19.0;52559.0;329186.0;1057532;Bienes y Servicios;61.607.600-0;Servicio Público;Av. Juan Mackenna N°825, Edificio Plaza Sur;* ;Región de los Lagos ;Lesly Andrea Díaz Aburto;Administrativo;;62706;OPCIONES SA SISTEMAS DE INFORMACION;96.523.180-3;VENTA AL POR MAYOR DE OTROS PRODUCTOS N.C.P.| COME;Seminario  N° 372;Puerto Montt;Región de los Lagos ;Daniela  Vidal;Supervisor de compras;;ARRIENDO DE IMPRESORAS MULTIFUNCIONALES PARA EL SSO Y ESTABLECIMIENTOS DEPENDIENTES, POR 36 MESES ID 1057532-15-LQ23//  NOTA: NO SE PODRÁ EMITIR FACTURA SIN PREVIA RECEPCIÓN CONFORME DE O/C. //LA FACTURA DEBE INDICAR EL NÚMERO DE O/C ASOCIADA.   DEBERAN: ENVIAR LOS DOCUMENTOS MERCANTILES EN ARCHIVO XLMS Y PDF AL CORREO dipresrecepcion@custodium.com
1077241-221-SE24;F3-043 Convenio suministro Ayudas técnicas ID 1077241-14-LP24;12;Recepción Conforme;1077241-14-LP24;SE;CLP;;2;22;CL;2024-12-13T15:41:26.11;2024-12-16T11:37:29.883;2024-12-19T10:34:35.31;;2024-12-13T15:52:00;0.0;0;9360000.0;19.0;1778400.0;11138400.0;1077241;Administración de Fondos;61.607.600-0;Servicio Público;Av. Juan Mackenna N°825, Edificio Plaza Sur;* ;Región de los Lagos ;JACQUELINE OYARZUN ALVAREZ;Comprador administrativo;;1591756;IMPORTADORA PROMSA SPA;76.780.759-7;VENTA AL POR MENOR DE ARTICULOS ORTOPEDICOS;Hijuela santa Isabel lote 2, Calera de tango;Calera De Tango;Región Metropolitana de Santiago;Juan Pablo Moreno;Venta Institucional;;"F.S.C. N°43 “Convenio de suministro de Ayudas Técnicas para Transferencia refuerzo de atención Domiciliaria a Personas en situación de Dependencia Severa.""  ID 1077241-14-LP24. De acuerdo a correo electrónico de fecha 13.12.2024.  Nota: No se podrá emitir factura sin previa recepción conforme de O/C. La factura debe indicar el Número de O/C asociada, de acuerdo Ley 20.727 de Enero del 2014.  Enviar los documentos mercantiles en archivo xlms y pdf al correo dipresrecepcion@custodium.com                                                                                                     COMUNA PUYEHUE DIRECCION DESPACHO: Cesfam Entre Lagos: Luis Pateur S/N, Puyehue  Responsable Recepción: Sergio Matson, Teléfono: +569 90995359  Correo Contacto: ccrentrelagos@gmail.com"
1057532-2051-AG24;F2-471 Adquisicion de medicamento//Compra ágil: 1057532-833-COT24.;12;Recepción Conforme;;AG;CLP;;2;7;Other;2024-11-21T11:03:33.657;2024-11-22T15:23:43.35;2025-01-06T13:07:43.637;;2024-11-22T08:41:00;4.5;14;1183586.0;19.0;224881.0;1408467.0;1057532;Bienes y Servicios;61.607.600-0;Servicio Público;;Osorno;Región de los Lagos ;JACQUELINE OYARZUN ALVAREZ;Comprador administrativo;;26963;JOHNSON Y JOHNSON DE CHILE S A;93.745.000-1;VENTA AL POR MAYOR DE PRODUCTOS QUIMICOS;AV CERRO COLORADO TORRE 1 N° 5240;Las Condes;Región Metropolitana de Santiago;Soledad Tapia Carvallo;Coordinadora Licitaciones;;F.S.C. N°471 Adquisición risperidona 25 mg Polvo para Suspensión Inyectable de Liberación prolongada Orden de Compra ID 1057532-2051-AG24 dirigida a JOHNSON Y JOHNSON DE CHILE S A.  Nota: No se podrá emitir factura sin previa recepción conforme de O/C. La factura debe indicar el Número de O/C asociada, de acuerdo Ley 20.727 de Enero del 2014.  Enviar los documentos mercantiles en archivo xlms y pdf al correo dipresrecepcion@custodium.com
1057532-2260-SE24;ARRIENDO IMPRESORAS COSAM ORIENTE/NOV. 2024;12;Recepción Conforme;1057532-15-LQ23;SE;CLP;;2;22;CL;2024-12-27T09:37:07.867;2024-12-27T16:05:42.38;2024-12-30T17:39:36.093;;2024-12-27T09:55:00;4.513513513513513;37;244007.0;19.0;46361.0;290369.0;1057532;Bienes y Servicios;61.607.600-0;Servicio Público;Av. Juan Mackenna N°825, Edificio Plaza Sur;* ;Región de los Lagos ;Lesly Andrea Díaz Aburto;Administrativo;;62706;OPCIONES SA SISTEMAS DE INFORMACION;96.523.180-3;VENTA AL POR MAYOR DE OTROS PRODUCTOS N.C.P.| COME;Seminario  N° 372;Puerto Montt;Región de los Lagos ;Daniela  Vidal;Supervisor de compras;;ARRIENDO DE IMPRESORAS MULTIFUNCIONALES PARA EL SSO Y ESTABLECIMIENTOS DEPENDIENTES, POR 36 MESES ID 1057532-15-LQ23/  NOTA: NO SE PODRÁ EMITIR FACTURA SIN PREVIA RECEPCIÓN CONFORME DE O/C. //LA FACTURA DEBE INDICAR EL NÚMERO DE O/C ASOCIADA.   DEBERAN: ENVIAR LOS DOCUMENTOS MERCANTILES EN ARCHIVO XLMS Y PDF AL CORREO dipresrecepcion@custodium.com
1057532-2264-SE24;ARRIENDO IMPRESORAS SAMU/NOV. 2024;12;Recepción Conforme;1057532-15-LQ23;SE;CLP;;2;22;CL;2024-12-27T09:38:47.623;2024-12-27T16:14:20.707;2024-12-30T17:25:51.253;;2024-12-27T09:43:00;4.513513513513513;37;62235.0;19.0;11825.0;74059.0;1057532;Bienes y Servicios;61.607.600-0;Servicio Público;Av. Juan Mackenna N°825, Edificio Plaza Sur;* ;Región de los Lagos ;Lesly Andrea Díaz Aburto;Administrativo;;62706;OPCIONES SA SISTEMAS DE INFORMACION;96.523.180-3;VENTA AL POR MAYOR DE OTROS PRODUCTOS N.C.P.| COME;Seminario  N° 372;Puerto Montt;Región de los Lagos ;Daniela  Vidal;Supervisor de compras;;ARRIENDO DE IMPRESORAS MULTIFUNCIONALES PARA EL SSO Y ESTABLECIMIENTOS DEPENDIENTES, POR 36 MESES ID 1057532-15-LQ23/  NOTA: NO SE PODRÁ EMITIR FACTURA SIN PREVIA RECEPCIÓN CONFORME DE O/C. //LA FACTURA DEBE INDICAR EL NÚMERO DE O/C ASOCIADA.   DEBERAN: ENVIAR LOS DOCUMENTOS MERCANTILES EN ARCHIVO XLMS Y PDF AL CORREO dipresrecepcion@custodium.com
1057532-626-CM24;ADQUISICION DE ALIMENTOS DESTINADOS A USUARIOS DEL PROGRAMA DE TUBERCULOSIS DEL DPTO. ATENCION PRIMARIA DEL SSO;12;Recepción Conforme;;CM;CLP;;2;12;CL;2024-04-25T17:03:58.94;2024-04-30T17:17:08.177;2024-04-30T17:25:43.397;;2025-01-07T12:54:00;4.4;18;7013100.0;0.0;0.0;7013100.0;1057532;Bienes y Servicios;61.607.600-0;Servicio Público;Av. Juan Mackenna N°825, Edificio Plaza Sur;Osorno;Región de los Lagos ;Alicia Vidal Paredes;;;1149490;SAID MAURICIO TARZIJAN JULIAN;8.109.519-1;VENTA AL POR MENOR DE PRODUCTOS DE CONFITERIAS, CIGARRILLOS, Y OTROS| VENTA AL POR MENOR DE ARTICULOS ELECTRODOMESTICOS Y ELECTRONICOS PARA| OTRAS ACTIVIDADES DE SERVICIOS PERSONALES N.C.P.;Patricio Lynch # 2024, OSORNO;;;;Contacto;;Orden de Compra codigo: 1057532-626-CM24 dirigida a SAID MAURICIO TARZIJAN JULIAN
1180747-22-SE24;F5-016/ORDEN DE COMPRA DESDE 1180747-7-LE24/PSR CHAN CHAN;12;Recepción Conforme;1180747-7-LE24;SE;CLP;2712;2;7;Other;2024-11-18T14:52:06.78;2024-11-26T16:56:52.74;2024-11-28T12:59:18.037;;2024-11-18T16:20:00;5.0;1;6510000.0;19.0;1236900.0;7746900.0;1180747;Compras Convenio GORE Region de Los Lagos;61.607.600-0;Servicio Público;;Puerto Montt;Región de los Lagos ;Ariela Acevedo;PROFESIONAL APOYO;;1208945;BLUEMEDICAL SPA;76.116.604-2;REPARACION DE EQUIPO MEDICO Y QUIRURGICO, Y DE APA;Estoril 50, oficina 1003;Las Condes;Región Metropolitana de Santiago;Diego Ignacio Campaña Ramos;Gerente General;;ADQUISICIÓN EQUIPOS Y EQUIPAMIENTO MÉDICO PARA HABILITACIÓN DE PSR CHAN CHAN Y PSR COSTA RÍO BLANCO DESDE 1180747-7-LE24.    NOTA: EN LA FACTURA NO SE DEBE ASOCIAR LA OC AL CAMPO 801. No se podrá emitir Factura sin previa Recepción Conforme de la OC. El o los documentos tributarios, deberán contener la información que permita tener datos de trazabilidad de los dispositivos médicos como por ejemplo N° de lote/serie, fecha de vencimiento, según lo establecido en la Norma Técnica 226.    Dirección de Despacho: Bodega de Inversiones ubicada en Amador Barrientos 2360, Osorno. Para el despacho contactar con D. Iván Vargas Ojeda al fono 64 2613580.
1057532-2231-SE24;Goma antideslizante para peldaño escalera Cosam Rahue;12;Recepción Conforme;1057532-47-LE24;SE;CLP;;2;22;CL;2024-12-23T11:02:35.973;2024-12-23T14:23:42.383;2024-12-24T10:45:32.523;;2024-12-23T11:07:00;5.0;2;1209600.0;19.0;229824.0;1439424.0;1057532;Bienes y Servicios;61.607.600-0;Servicio Público;Av. Juan Mackenna N°825, Edificio Plaza Sur;Osorno;Región de los Lagos ;JUAN FELIPE ROJEL HUENTRO;PROFESIONAL DE APOYO;;80808;JUAN EDUARDO PINO SANHUEZA;7.998.516-3;OBRAS MENORES EN CONSTRUCCION (CONTRATISTAS, ALBAN;Santiago Montalva Nº 619;Osorno;Región de los Lagos ;Juan Eduardo   Pino Sanhueza;Propietario;;Goma antideslizante para peldaño escalera Cosam Rahue    NOTA:NO SE PODRA EMITIR FACTURA SIN PREVIA RECEPCION CONFORME A OC / FACTURA DEBE SEÑALAR OC ASOCIADA / SE DEBEN ENVIAR DOCUMENTOS MERCANTILES EN ARCHIVO XLMS O PDF AL SIGUIENTE CORREO, dipresrecepcion@custodium.com
1077241-224-SE24;F3-043 Convenio suministro Ayudas técnicas ID 1077241-14-LP24;12;Recepción Conforme;1077241-14-LP24;SE;CLP;;2;22;CL;2024-12-13T15:54:33.92;2024-12-13T16:32:12.527;2024-12-16T12:59:32.953;;2024-12-13T16:15:00;0.0;0;4160000.0;19.0;790400.0;4950400.0;1077241;Administración de Fondos;61.607.600-0;Servicio Público;Av. Juan Mackenna N°825, Edificio Plaza Sur;* ;Región de los Lagos ;JACQUELINE OYARZUN ALVAREZ;Comprador administrativo;;1591756;IMPORTADORA PROMSA SPA;76.780.759-7;VENTA AL POR MENOR DE ARTICULOS ORTOPEDICOS;Hijuela santa Isabel lote 2, Calera de tango;Calera De Tango;Región Metropolitana de Santiago;Juan Pablo Moreno;Venta Institucional;;"F.S.C. N°43 “Convenio de suministro de Ayudas Técnicas para Transferencia refuerzo de atención Domiciliaria a Personas en situación de Dependencia Severa.""  ID 1077241-14-LP24. De acuerdo a correo electrónico de fecha 13.12.2024.  Nota: No se podrá emitir factura sin previa recepción conforme de O/C. La factura debe indicar el Número de O/C asociada, de acuerdo Ley 20.727 de Enero del 2014.  Enviar los documentos mercantiles en archivo xlms y pdf al correo dipresrecepcion@custodium.com                                                                                                     COMUNA SAN JUAN DE LA COSTA DIRECCION DESPACHO: Cesfam Puaucho, Avda. Norte Sur S/N, villa Puaucho.  Responsable Recepción: Daniela Manriquez, Teléfono: +569 76943262  Correo Contacto: daniela.manriquezg@gmail.com , discapacidadsjc@gmail.com"
1077241-98-AG24;"F1-511/Servicio de Coffe break Ceremonia de Muestra y Finalización Talleres proyecto de Ley de Alcoholes ""Juntos en Rahue""//Cosam Rahue";12;Recepción Conforme;;AG;CLP;;2;22;Other;2024-09-23T10:37:44.64;2024-09-23T15:06:45.197;2024-09-25T00:01:21;;2024-09-23T10:55:00;5.0;1;278120.0;19.0;52843.0;330963.0;1077241;Administración de Fondos;61.607.600-0;Servicio Público;;Osorno;Región de los Lagos ;Alicia Vidal Paredes;Comprador Administrativo;;1234841;MARLENE ERFILIA ALARCÓN VILLARROEL;10.493.648-2;VENTA AL POR MENOR DE PRODUCTOS DE CONFITERIAS, CIGARRILLOS, Y OTROS| ESTABLECIMIENTOS DE COMIDA RAPIDA (BARES, FUENTES DE SODA, GELATERIAS,| CENTROS DE ACCESO A INTERNET;Callao 1527, Osorno;Osorno;Región de los Lagos ;Marlene Erfilia Alarcón Villarroel;Dueña;;Orden de Compra codigo: 1077241-98-AG24 dirigida a MARLENE ERFILIA ALARCÓN VILLARROEL//Orden de Compra generada por invitación a compra ágil: 1077241-70-COT24//NOTA: NO SE PODRÁ EMITIR FACTURA SIN PREVIA RECEPCIÓN CONFORME DE O/C. //LA FACTURA DEBE INDICAR EL NÚMERO DE O/C ASOCIADA. DEBERAN: ENVIAR LOS DOCUMENTOS MERCANTILES EN ARCHIVO XLMS Y PDF AL CORREO dipresrecepcion@custodium.com
1057532-2239-SE24;Insumos para Cesfam Puyehue / Dic 2024;12;Recepción Conforme;1057532-48-LP24;SE;CLP;;2;22;CL;2024-12-24T11:32:36.457;2024-12-27T09:40:56.983;2024-12-30T09:43:13.17;;2024-12-24T11:46:00;3.0;1;780000.0;19.0;148200.0;928200.0;1057532;Bienes y Servicios;61.607.600-0;Servicio Público;Av. Juan Mackenna N°825, Edificio Plaza Sur;* ;Región de los Lagos ;PAULINA NICOLE LONCOPAN CARRILLO;PROFESIONAL APOYO;;1030533;ALATHEIA MEDICAL SPA;76.036.479-7;VENTA AL POR MAYOR NO ESPECIALIZADA| OTRAS ACTIVID;AV DEL VALLE NORTE 945 OF 5610;Huechuraba;Región Metropolitana de Santiago;RUBEN EDUARDO KRAMARENKO CUETO;GERENTE GENERAL;;Convenio de Suministro Kit POC y análisis sanguineos DESDE 1057532-48-LP24  Dirección de Despacho de Insumos para indicar en orden de compra (numeral 22 de las bases, LÍNEA 1)	  CESFAM PUYEHUE  Dirección: LUIS PASTEUR S/N, ENTRE LAGOS.
1057532-2259-SE24;ARRIENDO IMPRESORAS CDRAM/NOV. 2024;12;Recepción Conforme;1057532-15-LQ23;SE;CLP;;2;22;CL;2024-12-27T09:36:21.277;2024-12-27T16:03:00.59;2024-12-30T17:43:58.757;;2024-12-27T10:09:00;4.513513513513513;37;366153.0;19.0;69569.0;435722.0;1057532;Bienes y Servicios;61.607.600-0;Servicio Público;Av. Juan Mackenna N°825, Edificio Plaza Sur;* ;Región de los Lagos ;Lesly Andrea Díaz Aburto;Administrativo;;62706;OPCIONES SA SISTEMAS DE INFORMACION;96.523.180-3;VENTA AL POR MAYOR DE OTROS PRODUCTOS N.C.P.| COME;Seminario  N° 372;Puerto Montt;Región de los Lagos ;Daniela  Vidal;Supervisor de compras;;ARRIENDO DE IMPRESORAS MULTIFUNCIONALES PARA EL SSO Y ESTABLECIMIENTOS DEPENDIENTES, POR 36 MESES ID 1057532-15-LQ23//  NOTA: NO SE PODRÁ EMITIR FACTURA SIN PREVIA RECEPCIÓN CONFORME DE O/C. //LA FACTURA DEBE INDICAR EL NÚMERO DE O/C ASOCIADA.   DEBERAN: ENVIAR LOS DOCUMENTOS MERCANTILES EN ARCHIVO XLMS Y PDF AL CORREO dipresrecepcion@custodium.com
1057532-1585-SE24;"T.D. SERVICIOS DE ASISTENCIA VENTILATORIA INVASIVA Y NO INVASIVA EN DOMICILIO""";12;Recepción Conforme;;SE;CLP;;2;22;CL;2024-09-17T08:31:12.283;2024-09-17T11:50:08.71;2024-09-24T13:41:42.583;;2024-09-17T09:24:00;4.933333333333334;6;18149648.0;19.0;3448433.0;21598081.0;1057532;Bienes y Servicios;61.607.600-0;Servicio Público;Av. Juan Mackenna N°825, Edificio Plaza Sur;Osorno;Región de los Lagos ;JACQUELINE OYARZUN ALVAREZ;Comprador administrativo;;63121;Oximed Ltda.;85.707.700-8;VENTA AL POR MENOR DE OTROS PRODUCTOS EN PEQUENOS;Camino a Melipilla 7282;Cerrillos;Región Metropolitana de Santiago;Chatherine Stephanie Carpenter Carrasco;Encargada de desarroloo de Negocios y calidad;;T.D. Res. Afecta N°05/19-04-2024, Tomada de Razón con fecha 04-07-2024 que AUTORIZA RECURRIR MODALIDAD DE TRATO DIRECTO DEL “SERVICIO DE ASISTENCIA VENTILATORIA INVASIVA Y NO INVASIVA EN DOMICILIO” (AVI-AVNI)/De acuerdo a solicitud emisión de fecha 16.09.24.  Nota: No se podrá emitir factura sin previa recepción conforme de O/C. La factura debe indicar el Número de O/C asociada, de acuerdo Ley 20.727 de Enero del 2014.  Enviar los documentos mercantiles en archivo xlms y pdf al correo dipresrecepcion@custodium.com
1057532-1983-AG24;Orden de Compra generada por invitación a compra ágil: 1057532-801-COT24;12;Recepción Conforme;;AG;CLP;;2;7;Other;2024-11-15T08:41:36.06;2024-11-15T08:47:09.44;2024-11-19T10:56:12.69;;2024-11-15T08:46:00;0.0;0;218000.0;19.0;41420.0;259420.0;1057532;Bienes y Servicios;61.607.600-0;Servicio Público;;Osorno;Región de los Lagos ;Miguel Aro;Administrativo;;1838593;SURVEN SPA;77.617.713-K;VENTA AL POR MENOR EN COMERCIOS DE ALIMENTOS, BEBIDAS O TABACO (SUPERM;INES DE SUAREZ 115 OVEJERIA N° No hay Dato;Osorno;Región de los Lagos ; ;;;Orden de Compra codigo: 1057532-1983-AG24 dirigida a SURVEN SPA  NOTA: No se podrá emitir factura sin previa recepción conforme de O/C. La factura debe indicar el Número de O/C asociada.  Enviar los documentos mercantiles en archivo xlms y pdf al correo dipresrecepcion@custodium.com.  FOLIO N°365 / DEPTO DE PARTICIPACION CIUDADANA
1077241-210-AG24;F2-386 / 165 SEMILLAS  / COSAM RAHUE /Orden de Compra generada por invitación a compra ágil: 1077241-165-COT24;12;Recepción Conforme;;AG;CLP;;2;7;Other;2024-12-04T10:15:16.057;2024-12-04T10:20:37.68;2025-01-06T11:05:33.02;;2024-12-04T10:18:00;4.4222222222222225;18;144090.0;19.0;27377.0;171467.0;1077241;Administración de Fondos;61.607.600-0;Servicio Público;;Osorno;Región de los Lagos ;NICOLAS ASENCIO MOREIRA;COMPRADOR;;24467;COOP AGRICOLA Y DE SERVICIOS LIMITADA;82.392.600-6;CRIA DE GANADO PARA PRODUCCION DE CARNE, O COMO GANADO REPRODUCTOR| OTROS SERVICIOS AGRICOLAS N.C.P.| VENTA AL POR MENOR DE COMBUSTIBLE PARA AUTOMOTORES| COMERCIO AL POR MENOR DE COMPUTADORAS, SOFTWARES Y SUMINISTROS| VENTA AL POR MENOR DE GAS LICUADO EN;M RODRIGUEZ 1040;Osorno;Región de los Lagos ;Cristopher  Vidal Labbé;Analista de Ventas y Chilecompra;;F2-386 / 165 SEMILLAS  / COSAM RAHUE /  Orden de Compra codigo: 1077241-210-AG24 dirigida a COOP AGRICOLA Y DE SERVICIOS LIMITADA    Nota: No se podrá emitir factura sin previa recepción conforme de O/C.   La factura debe indicar el número de O/C asociada.   Enviar factura en archivo xlms y pdf al correo dipresrecepcion@custodium.com.
1077241-219-SE24;F3-043 Convenio suministro Ayudas técnicas ID 1077241-14-LP24;12;Recepción Conforme;1077241-14-LP24;SE;CLP;;2;22;CL;2024-12-13T15:32:50.007;2024-12-16T08:23:41.753;2024-12-19T10:32:35.397;;2024-12-13T15:40:00;0.0;0;2600000.0;19.0;494000.0;3094000.0;1077241;Administración de Fondos;61.607.600-0;Servicio Público;Av. Juan Mackenna N°825, Edificio Plaza Sur;* ;Región de los Lagos ;JACQUELINE OYARZUN ALVAREZ;Comprador administrativo;;1591756;IMPORTADORA PROMSA SPA;76.780.759-7;VENTA AL POR MENOR DE ARTICULOS ORTOPEDICOS;Hijuela santa Isabel lote 2, Calera de tango;Calera De Tango;Región Metropolitana de Santiago;Juan Pablo Moreno;Venta Institucional;;"F.S.C. N°43 “Convenio de suministro de Ayudas Técnicas para Transferencia refuerzo de atención Domiciliaria a Personas en situación de Dependencia Severa.""  ID 1077241-14-LP24. De acuerdo a correo electrónico de fecha 13.12.2024.  Nota: No se podrá emitir factura sin previa recepción conforme de O/C. La factura debe indicar el Número de O/C asociada, de acuerdo Ley 20.727 de Enero del 2014.  Enviar los documentos mercantiles en archivo xlms y pdf al correo dipresrecepcion@custodium.com                                                                                                     COMUNA OSORNO DIRECCION DESPACHO: Abastecimiento Municipalidad, Arturo Prat #432, Osorno.  Responsable Recepción: Felipe Cabezas, Teléfono: +569 94856341  Correo Contacto: felipe.cabezas@salud.imo.cl"
1057532-1786-AG24;F1-570  Orden de Compra generada por invitación a compra ágil: 1057532-732-COT24;12;Recepción Conforme;;AG;CLP;;2;7;Other;2024-10-17T08:10:31.407;2024-10-17T09:22:31.22;2024-10-17T10:07:40.103;;2024-10-17T09:22:00;0.0;0;245000.0;19.0;46550.0;291550.0;1057532;Bienes y Servicios;61.607.600-0;Servicio Público;;Osorno;Región de los Lagos ;Miguel Aro;Administrativo;;1828808;IMPRESOS P&V LIMITADA;77.566.418-5;IMPRESION DE LIBROS;EL PINAR N° 205;San Joaquín;Región Metropolitana de Santiago; ;;;Orden de Compra codigo: 1057532-1786-AG24 dirigida a IMPRESOS P&V LIMITADA  NOTA: NO SE PODRA EMITIR FACTURA SIN PREVIA RECEPCION CONFORME A OC / FACTURA DEBE SEÑALAR OC ASOCIADA / SE DEBEN ENVIAR DOCUMENTOS MERCANTILES EN ARCHIVO XLMS O PDF AL SIGUIENTE CORREO: dipresrecepcion@custodium.com  FOLIO N° 570 / DAP.
1057532-2275-SE24;Reparación COSAM Rahue;12;Recepción Conforme;1057532-47-LE24;SE;CLP;;2;22;CL;2024-12-31T09:29:11.25;2024-12-31T10:17:30.857;2024-12-31T10:58:44.22;;2024-12-31T09:39:00;5.0;2;75000.0;19.0;14250.0;89250.0;1057532;Bienes y Servicios;61.607.600-0;Servicio Público;Av. Juan Mackenna N°825, Edificio Plaza Sur;Osorno;Región de los Lagos ;JUAN FELIPE ROJEL HUENTRO;PROFESIONAL DE APOYO;;80808;JUAN EDUARDO PINO SANHUEZA;7.998.516-3;OBRAS MENORES EN CONSTRUCCION (CONTRATISTAS, ALBAN;Santiago Montalva Nº 619;Osorno;Región de los Lagos ;Juan Eduardo   Pino Sanhueza;Propietario;;ID N°1057532-47-LE24 CONVENIO DE SERVICIOS DE MANTENCIÓN Y OBRAS MENORES DE LA INFRAESTRUCTURA DE LOS ESTABLECIMIENTOS DEPENDIENTES DEL SERVICIO DE SALUD OSORNO AÑO 2024 -
1077241-228-AG24;F1-560 / Mueble Closet / COSAM RAHUE Orden de Compra generada por invitación a compra ágil: 1077241-181-COT24;12;Recepción Conforme;;AG;CLP;;2;7;Other;2024-12-30T09:47:59.67;2024-12-30T10:02:02.31;2024-12-30T10:47:03.04;;2024-12-30T09:55:00;0.0;0;260000.0;19.0;49400.0;309400.0;1077241;Administración de Fondos;61.607.600-0;Servicio Público;;Osorno;Región de los Lagos ;NICOLAS ASENCIO MOREIRA;COMPRADOR;;1838593;SURVEN SPA;77.617.713-K;VENTA AL POR MENOR EN COMERCIOS DE ALIMENTOS, BEBIDAS O TABACO (SUPERM;INES DE SUAREZ 115 OVEJERIA N° No hay Dato;Osorno;Región de los Lagos ; ;;;F1-560 / Mueble Closet / COSAM RAHUE   Orden de Compra codigo: 1077241-228-AG24 dirigida a SURVEN SPA    Justificación selección de cotización menos económica: Cumple con especificaciones tecnicas validades por referente, y más economico
1057532-2207-AG24;Orden de Compra generada por invitación a compra ágil: 1057532-889-COT24;12;Recepción Conforme;;AG;CLP;;2;12;Other;2024-12-17T12:40:08.38;2024-12-17T16:18:27.603;2024-12-17T19:53:38.41;;2024-12-17T12:50:00;0.0;0;850000.0;19.0;161500.0;1011500.0;1057532;Bienes y Servicios;61.607.600-0;Servicio Público;;Osorno;Región de los Lagos ;Rubén Uribe;Administrativo;;1624581;CONSTRUCTORA G y E SPA;76.674.114-2;OBRAS MENORES EN CONSTRUCCION (CONTRATISTAS, ALBANILES, CARPINTEROS);EUSEBIO LILLO 311 6 503 CONDOMINIO STA. MARIA;Osorno;Región de los Lagos ;Constructora G y E SPA Guarda Martinez;Gerente ;;NOTA:NO SE PODRA EMITIR FACTURA SIN PREVIA RECEPCION CONFORME A OC / FACTURA DEBE SEÑALAR OC ASOCIADA / SE DEBEN ENVIAR DOCUMENTOS MERCANTILES EN ARCHIVO XLMS O PDF AL SIGUIENTE CORREO, dipresrecepcion@custodium.com
1057532-2258-SE24;ARRIENDO IMPRESORAS DSSO/NOV. 2024;12;Recepción Conforme;1057532-15-LQ23;SE;CLP;;2;22;CL;2024-12-27T09:35:53.087;2024-12-27T16:00:14.163;2024-12-30T17:50:07.423;;2024-12-27T10:18:00;4.513513513513513;37;1944838.0;19.0;369519.0;2314358.0;1057532;Bienes y Servicios;61.607.600-0;Servicio Público;Av. Juan Mackenna N°825, Edificio Plaza Sur;* ;Región de los Lagos ;Lesly Andrea Díaz Aburto;Administrativo;;62706;OPCIONES SA SISTEMAS DE INFORMACION;96.523.180-3;VENTA AL POR MAYOR DE OTROS PRODUCTOS N.C.P.| COME;Seminario  N° 372;Puerto Montt;Región de los Lagos ;Daniela  Vidal;Supervisor de compras;;ARRIENDO DE IMPRESORAS MULTIFUNCIONALES PARA EL SSO Y ESTABLECIMIENTOS DEPENDIENTES, POR 36 MESES ID 1057532-15-LQ23//    NOTA: NO SE PODRÁ EMITIR FACTURA SIN PREVIA RECEPCIÓN CONFORME DE O/C. //LA FACTURA DEBE INDICAR EL NÚMERO DE O/C ASOCIADA. DEBERAN: ENVIAR LOS DOCUMENTOS MERCANTILES EN ARCHIVO XLMS Y PDF AL CORREO dipresrecepcion@custodium.com
1077241-204-AG24;F1-441  Orden de Compra generada por invitación a compra ágil: 1077241-169-COT24;12;Recepción Conforme;;AG;CLP;;2;7;Other;2024-12-02T14:13:45.56;2024-12-02T14:40:07.677;2024-12-02T16:12:32.51;;2024-12-02T14:39:00;0.0;0;1175000.0;19.0;223250.0;1398250.0;1077241;Administración de Fondos;61.607.600-0;Servicio Público;;Osorno;Región de los Lagos ;Miguel Aro;Administrativo;;1813801;ECOPRINTING SPA;77.069.739-5;ACTIVIDADES DE SERVICIOS RELACIONADAS CON LA IMPRESION;PICARTE 3284;Valdivia;Región de Los Ríos; ;;;Orden de Compra codigo: 1077241-204-AG24 dirigida a ECOPRINTING   NOTA: No se podrá emitir factura sin previa recepción conforme de O/C. La factura debe indicar el Número de O/C asociada.  Enviar los documentos mercantiles en archivo xlms y pdf al correo dipresrecepcion@custodium.com.  FOLIO N° 441 / DEPTO DE ARTICULACION DE LA RED.
1057532-1475-SE24;CC-IVO//Mantenimiento Preventivo Monitores DSSO;12;Recepción Conforme;1057532-118-R224;SE;CLP;;2;22;CL;2024-09-02T10:27:37.79;2024-09-06T09:58:20.863;2024-09-06T12:33:05.55;;2024-09-06T09:54:00;0.0;0;105000.0;19.0;19950.0;124950.0;1057532;Bienes y Servicios;61.607.600-0;Servicio Público;Av. Juan Mackenna N°825, Edificio Plaza Sur;Osorno;Región de los Lagos ;Ivan Vargas Ojeda;Comprador Administrativo;;1430758;NewLab;76.443.751-9;REPARACION DE EQUIPO MEDICO Y QUIRURGICO, Y DE APA;Ramón Carrasco N° 335;Concepción;Región del Biobío ;Francisco  Gacitua;Concepción;;CONVENIO SERVICIOS DE MANTENCION DE EQUIPOS CRITICOS DE ESTABLECIMIENTOS DEPENDIENTES DEL SERVICIO DE SALUD OSORNO PERIODO 2024-2025, DESDE 1057532-118-R224, NOTA: No se podrá emitir factura sin previa recepción conforme de O/C. La factura debe indicar el Número de O/C asociada, de acuerdo a Ley 20.727 de Enero del 2014. Enviar los documentos mercantiles en archivo xlms y pdf al correo dipresrecepcion@custodium.com
1057532-2263-SE24;ARRIENDO IMPRESORAS PRAIS/NOV. 2024;12;Recepción Conforme;1057532-15-LQ23;SE;CLP;;2;22;CL;2024-12-27T09:38:20.51;2024-12-27T16:12:28.37;2024-12-30T17:28:17.043;;2024-12-27T09:45:00;4.513513513513513;37;93579.0;19.0;17780.0;111359.0;1057532;Bienes y Servicios;61.607.600-0;Servicio Público;Av. Juan Mackenna N°825, Edificio Plaza Sur;* ;Región de los Lagos ;Lesly Andrea Díaz Aburto;Administrativo;;62706;OPCIONES SA SISTEMAS DE INFORMACION;96.523.180-3;VENTA AL POR MAYOR DE OTROS PRODUCTOS N.C.P.| COME;Seminario  N° 372;Puerto Montt;Región de los Lagos ;Daniela  Vidal;Supervisor de compras;;ARRIENDO DE IMPRESORAS MULTIFUNCIONALES PARA EL SSO Y ESTABLECIMIENTOS DEPENDIENTES, POR 36 MESES ID 1057532-15-LQ23//  NOTA: NO SE PODRÁ EMITIR FACTURA SIN PREVIA RECEPCIÓN CONFORME DE O/C. //LA FACTURA DEBE INDICAR EL NÚMERO DE O/C ASOCIADA.   DEBERAN: ENVIAR LOS DOCUMENTOS MERCANTILES EN ARCHIVO XLMS Y PDF AL CORREO dipresrecepcion@custodium.com
1057532-2268-SE24;Servicio de Plagas CDRAM / NOV 2024;12;Recepción Conforme;1057532-84-LE23;SE;CLP;;2;22;CL;2024-12-30T10:20:30.523;2024-12-30T10:34:31.18;2025-01-03T09:18:56.31;;2024-12-30T10:22:00;0.0;0;38000.0;19.0;7220.0;45220.0;1057532;Bienes y Servicios;61.607.600-0;Servicio Público;Av. Juan Mackenna N°825, Edificio Plaza Sur;* ;Región de los Lagos ;PAULINA NICOLE LONCOPAN CARRILLO;PROFESIONAL APOYO;;1497623;QUARTO CONSULTORES Y SERVICIOS  LIMITADA;76.596.219-6;ASESORIAS EMPRESARIALES;ELEUTERIO RAMIREZ OF 300;Osorno;Región de los Lagos ;MAURICIO ALEJANDRO  PACHECO MUÑOZ;OSORNO;;L.P. ID 1057532-84-LE23 CONVENIO CONTROL DE PLAGAS DSSO 2024 Y 2025//Correo Solicitud emisión de O/C.   NOTA:NO SE PODRA EMITIR FACTURA SIN PREVIA RECEPCION CONFORME A OC / FACTURA DEBE SEÑALAR OC ASOCIADA / SE DEBEN ENVIAR DOCUMENTOS MERCANTILES EN ARCHIVO XLMS O PDF AL SIGUIENTE CORREO, dipresrecepcion@custodium.com
1180747-29-SE24;F5-017/ORDEN DE COMPRA DESDE 1180747-7-LE24/PSR COSTA RÍO BLANCO;12;Recepción Conforme;1180747-7-LE24;SE;CLP;2724;2;7;Other;2024-11-18T17:00:23.86;2024-11-27T14:44:07.463;2024-12-03T13:14:34.143;;2024-11-18T17:10:00;5.0;1;6510000.0;19.0;1236900.0;7746900.0;1180747;Compras Convenio GORE Region de Los Lagos;61.607.600-0;Servicio Público;Sin dirección Registrada para Unidad de Compra;Puerto Montt;Región de los Lagos ;Ariela Acevedo;PROFESIONAL APOYO;;1208945;BLUEMEDICAL SPA;76.116.604-2;REPARACION DE EQUIPO MEDICO Y QUIRURGICO, Y DE APA;Estoril 50, oficina 1003;Las Condes;Región Metropolitana de Santiago;Diego Ignacio Campaña Ramos;Gerente General;;ADQUISICIÓN EQUIPOS Y EQUIPAMIENTO MÉDICO PARA HABILITACIÓN DE PSR CHAN CHAN Y PSR COSTA RÍO BLANCO DESDE 1180747-7-LE24.    NOTA: EN LA FACTURA NO SE DEBE ASOCIAR LA OC AL CAMPO 801. No se podrá emitir Factura sin previa Recepción Conforme de la OC. El o los documentos tributarios, deberán contener la información que permita tener datos de trazabilidad de los dispositivos médicos como por ejemplo N° de lote/serie, fecha de vencimiento, según lo establecido en la Norma Técnica 226.    Dirección de Despacho: Bodega de Inversiones ubicada en Amador Barrientos 2360, Osorno. Para el despacho contactar con D. Iván Vargas Ojeda al fono 64 2613580.
1057532-2266-SE24;ESTADIA ADULTO MAYOR - OCTUBRE 2024;12;Recepción Conforme;;SE;CLP;;2;22;CL;2024-12-27T15:37:52.923;2024-12-27T16:13:41.797;2024-12-30T13:27:12.78;;2024-12-27T15:49:00;0.0;0;5100000.0;19.0;969000.0;6069000.0;1057532;Bienes y Servicios;61.607.600-0;Servicio Público;Av. Juan Mackenna N°825, Edificio Plaza Sur;* ;Región de los Lagos ;PAULINA NICOLE LONCOPAN CARRILLO;PROFESIONAL APOYO;;1964224;DELIAS HOME SPA;77.741.872-6;OTROS SERVICIOS DE ATENCION DE LA SALUD HUMANA PRE;BRASIL 952 MATTHEI;Osorno;Región de los Lagos ; ;;;DESDE TD /ADQUISICIÓN DE 6 CUPOS EN ESTABLECIMIENTO DE LARGA ESTADÍA DE ADULTO MAYOR (ELEAM)//RESOLUCIÓN EXENTA N°10078 DEL 03.07.2024//FORMULARIO DE SOLICITUD N°108  Nota: No se podrá emitir factura sin previa recepción conforme de O/C. La factura debe indicar el número de O/C asociada. Enviar factura en archivo xlms y pdf al correo dipresrecepcion@custodium.com.
1057532-2156-SE24;Reposición de luminarias Ed. Rodriguez;12;Recepción Conforme;1057532-47-LE24;SE;CLP;4962;2;22;CL;2024-12-10T11:11:18.61;2024-12-10T12:00:41.063;2024-12-12T15:52:40.147;;2024-12-10T11:13:00;5.0;2;2474000.0;19.0;470060.0;2944060.0;1057532;Bienes y Servicios;61.607.600-0;Servicio Público;Av. Juan Mackenna N°825, Edificio Plaza Sur;* ;Región de los Lagos ;PAULINA NICOLE LONCOPAN CARRILLO;PROFESIONAL APOYO;;80808;JUAN EDUARDO PINO SANHUEZA;7.998.516-3;OBRAS MENORES EN CONSTRUCCION (CONTRATISTAS, ALBAN;Santiago Montalva Nº 619;Osorno;Región de los Lagos ;Juan Eduardo   Pino Sanhueza;Propietario;;NOTA:NO SE PODRA EMITIR FACTURA SIN PREVIA RECEPCION CONFORME A OC / FACTURA DEBE SEÑALAR OC ASOCIADA / SE DEBEN ENVIAR DOCUMENTOS MERCANTILES EN ARCHIVO XLMS O PDF AL SIGUIENTE CORREO, dipresrecepcion@custodium.com
1057532-1722-AG24;F2-389//Arriendo de espacio físico con servicio de cafetería para capacitacion//Participacion Ciudadana;12;Recepción Conforme;;AG;CLP;;2;7;Other;2024-10-08T17:22:14.457;2024-10-10T11:25:16.05;2024-10-24T13:31:11.947;;2024-10-08T17:38:00;5.0;8;1080000.0;19.0;205200.0;1285200.0;1057532;Bienes y Servicios;61.607.600-0;Servicio Público;;Osorno;Región de los Lagos ;Alicia Vidal Paredes;Comprador Administrativo;;1105001;HOTELES DE LOS ANDES S.A.;76.048.022-3;HOTELES| RESTAURANTES| SERVICIOS DE BANQUETES, BODAS Y OTRAS CELEBRACIONES| OTROS SERVICIOS DE DIVERSION Y ESPARCIMIENTOS N.C.P.;Ejercito 395;Osorno;Región de los Lagos ;Johnny  Flores Lopez;Gerente General;;Orden de Compra codigo: 1057532-1722-AG24 dirigida a HOTELES DE LOS ANDES S.A.  Orden de Compra generada por invitación a compra ágil: 1057532-685-COT24//NOTA: NO SE PODRÁ EMITIR FACTURA SIN PREVIA RECEPCIÓN CONFORME DE O/C. //LA FACTURA DEBE INDICAR EL NÚMERO DE O/C ASOCIADA. DEBERAN: ENVIAR LOS DOCUMENTOS MERCANTILES EN ARCHIVO XLMS Y PDF AL CORREO dipresrecepcion@custodium.com
1057532-2191-AG23;CONVENIO SERVICIO DE CARTAS CERTIFICADAS//compra ágil: 1057532-1217-COT23;12;Recepción Conforme;;AG;CLP;;2;22;Other;2023-12-22T08:27:56.293;2023-12-22T11:03:39.8;2023-12-28T09:26:35.027;;2023-12-22T09:51:00;4.0;92;1000000.0;0.0;0.0;1000000.0;1057532;Bienes y Servicios;61.607.600-0;Servicio Público;;Osorno;Región de los Lagos ;JACQUELINE OYARZUN ALVAREZ;Comprador administrativo;;16120;EMPRESA DE CORREOS DE CHILE;60.503.000-9;OTROS SERVICIOS DE TELECOMUNICACIONES N.C.P.;Plaza de Armas S/NEdificio Correo C;Santiago;Región Metropolitana de Santiago;Sonia Llanos ;Soporte Licitaciones;;Convenio de Servicio de Cartas Certificadas para el año 2024//Orden de Compra: 1057532-2191-AG23 dirigida a EMPRESA DE CORREOS DE CHILE.  Enviar los documentos mercantiles en archivo xlms y pdf al correo dipresrecepcion@custodium.com
1077241-187-AG24;F1-631  Orden de Compra generada por invitación a compra ágil: 1077241-147-COT24;12;Recepción Conforme;;AG;CLP;;2;7;Other;2024-11-20T09:07:53.693;2024-11-20T10:52:17.657;2024-11-20T11:40:52.723;;2024-11-20T09:16:00;0.0;0;100830.0;19.0;19158.0;119988.0;1077241;Administración de Fondos;61.607.600-0;Servicio Público;;Osorno;Región de los Lagos ;Miguel Aro;Administrativo;;1914858;SOCIEDAD HOTELERA HACIENDA JUAREZ SPA;77.554.175-K;ACTIVIDADES DE HOTELES;pedro de valdivia N° 489;Río Negro;Región de los Lagos ; ;;;Orden de Compra codigo: 1077241-187-AG24 dirigida a SOCIEDAD HOTELERA HACIENDA JUAREZ SPA  NOTA: No se podrá emitir factura sin previa recepción conforme de O/C. La factura debe indicar el Número de O/C asociada.  Enviar los documentos mercantiles en archivo xlms y pdf al correo dipresrecepcion@custodium.com.  FOLIO N° 631 / DEPTO DE ARTICULACION DE LA RED.
1057532-2164-SE24;CONVENIO DE SERVICIOS DE MANTENCIÓN Y OBRAS MENORES DE LA INFRAESTRUCTURA DE LOS ESTABLECIMIENTOS DEPENDIENTES DEL SERVICIO DE SALUD OSORNO AÑO 2024, Licitación ID N°1057532-47-LE24;12;Recepción Conforme;1057532-47-LE24;SE;CLP;4984;2;22;CL;2024-12-10T14:59:26.99;2024-12-10T17:44:04.083;2024-12-12T15:52:02.48;;2024-12-10T16:27:00;5.0;2;5423035.0;19.0;1030377.0;6453412.0;1057532;Bienes y Servicios;61.607.600-0;Servicio Público;Av. Juan Mackenna N°825, Edificio Plaza Sur;Osorno;Región de los Lagos ;JUAN FELIPE ROJEL HUENTRO;PROFESIONAL DE APOYO;;80808;JUAN EDUARDO PINO SANHUEZA;7.998.516-3;OBRAS MENORES EN CONSTRUCCION (CONTRATISTAS, ALBAN;Santiago Montalva Nº 619;Osorno;Región de los Lagos ;Juan Eduardo   Pino Sanhueza;Propietario;;CONVENIO DE SERVICIOS DE MANTENCIÓN Y OBRAS MENORES DE LA INFRAESTRUCTURA DE LOS ESTABLECIMIENTOS DEPENDIENTES DEL SERVICIO DE SALUD OSORNO AÑO 2024, Licitación ID N°1057532-47-LE24    NOTA:NO SE PODRA EMITIR FACTURA SIN PREVIA RECEPCION CONFORME A OC / FACTURA DEBE SEÑALAR OC ASOCIADA / SE DEBEN ENVIAR DOCUMENTOS MERCANTILES EN ARCHIVO XLMS O PDF AL SIGUIENTE CORREO, dipresrecepcion@custodium.com
1057532-1221-AG24;FSC2-234/ ADQUISICIÓN DE VESTUARIO PARA FUNCIONARIOS;12;Recepción Conforme;;AG;CLP;;2;7;Other;2024-07-29T16:02:58.957;2024-08-09T16:04:26.39;2024-08-19T10:18:28.267;;2024-07-30T08:41:00;0.0;0;570870.0;19.0;108465.0;679335.0;1057532;Bienes y Servicios;61.607.600-0;Servicio Público;;Osorno;Región de los Lagos ;Bastian Miranda Coronado;PROFESIONAL;;1648177;COMERCIALIZADORA MOSAICO SPA;76.957.479-4;COMERCIALIZADORA DE ARTICULOS,ACCESORIOS Y OTROS;AV. LOS PAJARITOS 3195 OF 1013 N° No hay Dato;Maipú;Región Metropolitana de Santiago;Rossy Edith Millaman Cariman;Gerente Administraci;;FSC2-234 SUB. DPTO. GESTION DEL RIESGO EN EMERGENCIAS, DESASTRES Y TELECOMUNICACIONES  Orden de Compra código: 1057532-1221-AG24 dirigida a COMERCIALIZADORA MOSAICO SPA.  Orden de Compra generada por invitación a compra ágil: 1057532-480-COT24.  Nota: No se podrá emitir factura sin previa recepción conforme de O/C. La factura debe indicar el número de O/C asociada. Enviar factura  en archivo xlms y pdf al correo dipresrecepcion@custodium.com.
1057532-18-CM25;Seccion Administracion Interna//Orden de Compra: 1057532-18-CM25;12;Recepción Conforme;;CM;CLP;;2;12;CL;2025-01-07T14:42:29.07;2025-01-07T15:23:42.663;2025-01-07T15:49:37.017;;2025-01-07T14:55:00;4.576315789473684;152;3646879.0;0.0;0.0;3646879.0;1057532;Bienes y Servicios;61.607.600-0;Servicio Público;Av. Juan Mackenna N°825, Edificio Plaza Sur;Osorno;Región de los Lagos ;JACQUELINE  OYARZUN ALVAREZ;;;22090;ESMAX DISTRIBUCION LIMITADA;79.588.870-5;FABRICACION DE PRODUCTOS DE HORNOS DE COQUE| VENTA AL POR MAYOR DE COMBUSTIBLES SOLIDOS, LIQUIDOS Y GASEOSOS Y PROD| VENTA AL POR MAYOR NO ESPECIALIZADA| VENTA AL POR MENOR DE COMBUSTIBLES PARA VEHICULOS AUTOMOTORES EN COMER;RUTA 5 NORTE KM N° 860;;;;Contacto;;Factura Electrónica N°2326593, 2326594, 2326595 y 2326596 del 15.12.2024 y N°2331806, 2331807, 2331808 y 2331809 del 31.12.2024. Consumo de bencina y petróleo diésel móviles y ambulancia de D.S.S.O., desde 01 al 31 de diciembre de 2024.
1057532-1807-AG24;F1-629 / JORNADA DE CAPACITACIÓN INTERCULTURALIDAD EN SALUD/KÜMELEN;12;Recepción Conforme;;AG;CLP;4197;2;22;Other;2024-10-21T09:21:48.78;2024-10-22T16:59:38.35;2024-10-23T19:57:38.94;;2024-10-22T16:58:00;0.0;0;430000.0;13.75;68551.0;498551.0;1057532;Bienes y Servicios;61.607.600-0;Servicio Público;;Osorno;Región de los Lagos ;Bastian Miranda Coronado;PROFESIONAL;;1201160;CRISTINA YOANA ARON JEREZ;13.734.315-0;OTROS SERVICIOS DESARROLLADOS POR PROFESIONALES| OTROS PROFESIONALES DE LA SALUD;llifen s/n;Valdivia;Región de Los Ríos;cristina yoana aron jerez;trabajador social;;F1-629 / CDR KÜMELEN  Orden de Compra código: 1057532-1807-AG24 dirigida a CRISTINA YOANA ARON JEREZ.  Orden de Compra generada por invitación a compra ágil: 1057532-748-COT24.  NOTA: No se podrá emitir factura sin previa recepción conforme de O/C. La factura debe indicar el Número de O/C asociada.  Enviar los documentos mercantiles en archivo xlms y pdf al correo dipresrecepcion@custodium.com.
1077241-198-AG24;Orden de Compra generada por invitación a compra ágil: 1077241-154-COT24;12;Recepción Conforme;;AG;CLP;;2;7;Other;2024-11-26T15:42:50.567;2024-11-26T16:06:14.517;2024-11-27T08:45:42.763;;2024-11-26T15:47:00;4.7;6;275000.0;19.0;52250.0;327250.0;1077241;Administración de Fondos;61.607.600-0;Servicio Público;;Osorno;Región de los Lagos ;Rubén Uribe;Administrativo;;95554;imprenta montaris;76.098.470-1;IMPRESION PRINCIPALMENTE DE LIBROS| COMPRA, VENTA Y ALQUILER (EXCEPTO AMOBLADOS) DE INMUEBLES PROPIOS O AR;Yungay 710;Valdivia;Región de Los Ríos;Magaly Veronica  Riedel Avila;Administracion;;NOTA:NO SE PODRA EMITIR FACTURA SIN PREVIA RECEPCION CONFORME A OC / FACTURA DEBE SEÑALAR OC ASOCIADA / SE DEBEN ENVIAR DOCUMENTOS MERCANTILES EN ARCHIVO XLMS O PDF AL SIGUIENTE CORREO, dipresrecepcion@custodium.com
1057532-2198-SE24;Convenio Mantención//Instalación Piso Drogueria;12;Recepción Conforme;1057532-47-LE24;SE;CLP;;2;22;CL;2024-12-17T11:17:11.147;2024-12-18T11:32:32.717;2024-12-22T16:44:21.547;;2024-12-18T11:12:00;5.0;2;2136620.0;19.0;405958.0;2542578.0;1057532;Bienes y Servicios;61.607.600-0;Servicio Público;Av. Juan Mackenna N°825, Edificio Plaza Sur;Osorno;Región de los Lagos ;Rubén Uribe;Administrativo;;80808;JUAN EDUARDO PINO SANHUEZA;7.998.516-3;OBRAS MENORES EN CONSTRUCCION (CONTRATISTAS, ALBAN;Santiago Montalva Nº 619;Osorno;Región de los Lagos ;Juan Eduardo   Pino Sanhueza;Propietario;;NOTA: NO SE PODRA EMITIR FACTURA SIN PREVIA RECEPCION CONFORME A OC / FACTURA DEBE SEÑALAR OC ASOCIADA / SE DEBEN ENVIAR DOCUMENTOS MERCANTILES EN ARCHIVO XLMS O PDF AL SIGUIENTE CORREO, dipresrecepcion@custodium.com
1057532-912-CM24;ADQUISICION INSUMOS DE ASEO AÑO 2024//ACUERDO COMPLEMETARIO//SSO;12;Recepción Conforme;;CM;CLP;;2;12;CL;2024-06-10T12:19:20.85;2024-06-10T12:48:50.237;2024-06-10T13:43:16.323;;2024-10-01T12:51:00;4.811111111111111;36;8089776.0;19.0;1537057.0;9626833.0;1057532;Bienes y Servicios;61.607.600-0;Servicio Público;Av. Juan Mackenna N°825, Edificio Plaza Sur;Osorno;Región de los Lagos ;Alicia Vidal Paredes;;;1106123;PROVEEDORES INTEGRALES DEL SUR S.A.;76.041.579-0;MAYORISTAS DE VINOS Y BEBIDAS ALCOHOLICAS Y DE FANTASIA| VENTA AL POR MAYOR DE HUEVOS, LECHE, ABARROTES, Y OTROS ALIMENTOS N.C.| VENTA AL POR MAYOR DE OTROS ENSERES DOMESTICOS N.C.P.| VENTA AL POR MAYOR DE MATERIALES DE CONSTRUCCION, ARTICULOS DE FERRETE|;AV. MANUEL RECABARREN 02755 TEMUCO,NOVENA REGION;;;;Contacto;;Orden de Compra codigo: 1057532-912-CM24 dirigida a PROVEEDORES INTEGRALES DEL SUR S.A. NOTA: NO SE PODRÁ EMITIR FACTURA SIN PREVIA RECEPCIÓN CONFORME DE O/C. //LA FACTURA DEBE INDICAR EL NÚMERO DE O/C ASOCIADA. DEBERAN: ENVIAR LOS DOCUMENTOS MERCANTILES
1057532-2121-AG24;F2-258 / Materiales Higene Menstrual / APS / Orden de Compra generada por invitación a compra ágil: 1057532-877-COT24;12;Recepción Conforme;;AG;CLP;;2;7;Other;2024-12-05T15:53:11.303;2024-12-05T16:52:52.85;2024-12-07T13:13:59.78;;2024-12-05T16:16:00;0.0;0;415590.0;19.0;78962.0;494552.0;1057532;Bienes y Servicios;61.607.600-0;Servicio Público;;Osorno;Región de los Lagos ;NICOLAS ASENCIO MOREIRA;COMPRADOR;;1722007;IMMM IMPORTADORA COMERCIALIZADORA SPA;77.144.282-K;VENTA AL POR MAYOR DE OTROS ENSERES DOMESTICOS N.C.P.;ANTILHUE 01829 LOS ALERCES N° No hay Dato;Antofagasta;Región de Antofagasta ;Isabel Marin;Dueña;;F2-258 / Materiales Higene Menstrual / APS /   Orden de Compra codigo: 1057532-2121-AG24 dirigida a IMMM IMPORTADORA COMERCIALIZADORA SPA    Nota: No se podrá emitir factura sin previa recepción conforme de O/C.   La factura debe indicar el número de O/C asociada.   Enviar factura en archivo xlms y pdf al correo dipresrecepcion@custodium.com.
1057922-200-CM24;F2-472/ADQUISICION DE EQUIPOS DE AIRE ACONDICIONADO // PRAIS;12;Recepción Conforme;;CM;CLP;5153;2;12;CL;2024-12-17T12:07:19.013;2024-12-18T16:35:15.077;2025-01-07T11:36:01.39;;2025-01-07T11:36:00;5.0;2;2257184.0;19.0;428865.0;2686049.0;1057922;Activos Fijos;61.607.600-0;Servicio Público;M.A Matta 448;Osorno;Región de los Lagos ;Ivan Vargas Ojeda;;;1419871;COMERCIALIZADORA E IMPORTADORA SUPERTIENDA LIMITADA;76.426.447-9;VENTA AL POR MAYOR DE ARTICULOS DE PERFUMERIA, COSMETICOS, JABONES Y P| COMERCIO DE ARTICULOS DE SUMINISTROS DE OFICINAS Y ARTICULOS DE ESCRIT| COMERCIO AL POR MENOR DE COMPUTADORAS, SOFTWARES Y SUMINISTROS;VIRGINIA SUBERCASEAUX 2725;;;;Contacto;;F2-472/SUB. DPTO. DE INVERSIONES DE EQUIPOS Y EQUIPAMIENTO. Nota: No se podrá emitir factura sin previa recepción conforme de O/C. La factura debe indicar el número de O/C asociada. Enviar factura en archivo xlms y pdf al correo dipresrecepcion@custodium.
1057532-2101-AG24;F3-106//Artículos de Escritorio para stock de bodega general año 2024//Subdpto. de abastecimiento;12;Recepción Conforme;;AG;CLP;;2;7;Other;2024-12-03T10:14:05.293;2024-12-03T15:51:59.047;2024-12-26T11:47:14.99;;2024-12-03T10:39:00;4.674502712477396;553;325600.0;19.0;61864.0;387464.0;1057532;Bienes y Servicios;61.607.600-0;Servicio Público;;Osorno;Región de los Lagos ;Alicia Vidal Paredes;Comprador Administrativo;;49120;PROVEEDORES INTEGRALES PRISA S A;96.556.940-5;VENTA AL POR MAYOR DE MATERIAS PRIMAS AGRICOLAS| VENTA AL POR MAYOR DE HUEVOS, LECHE, ABARROTES, Y OTROS ALIMENTOS N.C.| VENTA AL POR MAYOR DE OTROS PRODUCTOS N.C.P.| VENTA AL POR MENOR DE OTROS PRODUCTOS EN PEQUENOS ALMACENES NO ESPECIA| VENTA AL POR MEN;Las rosas 5757;Cerrillos;Región Metropolitana de Santiago;M. Veronica Contreras Catalan;Asistente Comercio Electronico;;Orden de Compra codigo: 1057532-2101-AG24 dirigida a PROVEEDORES INTEGRALES PRISA S A//NOTA: NO SE PODRÁ EMITIR FACTURA SIN PREVIA RECEPCIÓN CONFORME DE O/C. //LA FACTURA DEBE INDICAR EL NÚMERO DE O/C ASOCIADA. DEBERAN: ENVIAR LOS DOCUMENTOS MERCANTILES EN ARCHIVO XLMS Y PDF AL CORREO dipresrecepcion@custodium.com
1077241-116-AG24;F2-340 / 2 BODEGAS JARDIN / COSAM RAHUE / Orden de Compra generada por invitación a compra ágil: 1077241-84-COT24;12;Recepción Conforme;;AG;CLP;;2;7;Other;2024-10-01T16:14:30.03;2024-11-27T10:32:08.997;2024-11-29T09:20:08.607;;2024-10-01T16:18:00;0.0;0;450000.0;19.0;85500.0;535500.0;1077241;Administración de Fondos;61.607.600-0;Servicio Público;;Osorno;Región de los Lagos ;NICOLAS ASENCIO MOREIRA;COMPRADOR;;1808679;COMERCIALIZADORA CELGREN SPA;77.529.681-K;VENTA AL POR MENOR DE JUEGOS Y JUGUETES EN COMERCIOS ESPECIALIZADOS;AVDA PROVIDENCIA 1650 OF 1004 10P N° No hay Dato;Providencia;Región Metropolitana de Santiago;HAYDEE TALAVERA;Gerente General;;F2-340 / 2 BODEGAS JARDIN / COSAM RAHUE /   Orden de Compra codigo: 1077241-116-AG24 dirigida a COMERCIALIZADORA CELGREN SPA    Nota: No se podrá emitir factura sin previa recepción conforme de O/C.   La factura debe indicar el número de O/C asociada.   Enviar factura en archivo xlms y pdf al correo dipresrecepcion@custodium.com.
1057532-2071-SE24;ORDEN DE COMPRA DESDE 1057532-97-LE24;12;Recepción Conforme;1057532-97-LE24;SE;CLP;;2;22;CL;2024-11-25T17:12:01.25;2024-11-26T10:39:34.633;2024-12-04T00:19:47.97;;2024-11-25T17:17:00;0.0;0;13600000.0;0.0;0.0;13600000.0;1057532;Bienes y Servicios;61.607.600-0;Servicio Público;Av. Juan Mackenna N°825, Edificio Plaza Sur;Osorno;Región de los Lagos ;Lesly Andrea Díaz Aburto;Administrativo;;1472061;Quinta Capacitación;76.532.024-0;Prestación de Servicios de Capacitación;Avenida Libertad 63, oficina 508;Viña del Mar;Región de Valparaíso ;Felipe Ignacio Rojas Aedo;Viña del Mar;;SERV. ADQ. CICLO DE CAPACITACIONES DESDE 1057532-97-LE24
1057532-2232-SE24;BAÑOS EX SEREMI SEGUNDO PISO Ed. Rodriguez;12;Recepción Conforme;1057532-47-LE24;SE;CLP;;2;22;CL;2024-12-23T11:11:44.767;2024-12-24T08:18:05.567;2024-12-24T14:22:45.37;;2024-12-23T11:26:00;5.0;2;2470755.0;19.0;469443.0;2940198.0;1057532;Bienes y Servicios;61.607.600-0;Servicio Público;Av. Juan Mackenna N°825, Edificio Plaza Sur;Osorno;Región de los Lagos ;JUAN FELIPE ROJEL HUENTRO;PROFESIONAL DE APOYO;;80808;JUAN EDUARDO PINO SANHUEZA;7.998.516-3;OBRAS MENORES EN CONSTRUCCION (CONTRATISTAS, ALBAN;Santiago Montalva Nº 619;Osorno;Región de los Lagos ;Juan Eduardo   Pino Sanhueza;Propietario;;BAÑOS EX SEREMI SEGUNDO PISO Ed. Rodriguez    NOTA:NO SE PODRA EMITIR FACTURA SIN PREVIA RECEPCION CONFORME A OC / FACTURA DEBE SEÑALAR OC ASOCIADA / SE DEBEN ENVIAR DOCUMENTOS MERCANTILES EN ARCHIVO XLMS O PDF AL SIGUIENTE CORREO, dipresrecepcion@custodium.com
1057532-2091-SE24;F3-92//TD CURSO PRN;12;Recepción Conforme;;SE;CLP;;2;22;CL;2024-12-02T11:38:50.7;2024-12-02T17:56:20.153;2024-12-03T16:31:03.91;;2024-12-04T09:05:00;5.0;2;2925000.0;0.0;0.0;2925000.0;1057532;Bienes y Servicios;61.607.600-0;Servicio Público;Av. Juan Mackenna N°825, Edificio Plaza Sur;Osorno;Región de los Lagos ;Lesly Andrea Díaz Aburto;Administrativo;;35275;CEFAV;78.167.310-2;OTRAS ACTIVIDADES PROFESIONALES, CIENTIFICAS Y TEC;M MONTT 1556 N° No hay Dato;Providencia;Región Metropolitana de Santiago;ANDREA CAMU;DIRECTORA;;CAPACITACIÓN FORMULARIO N°92//TRATO DIRECTO RESOL. EXENTA N°17163 DEL 29.11.2024//  Nota: No se podrá emitir factura sin previa recepción conforme de O/C. La factura debe indicar el número de O/C asociada. Enviar factura en archivo xlms y pdf al correo dipresrecepcion@custodium.com.
1057532-2168-AG24;Orden de Compra generada por invitación a compra ágil: 1057532-875-COT24;12;Recepción Conforme;;AG;CLP;4985;2;7;Other;2024-12-10T15:53:15.7;2024-12-10T17:44:29.083;2024-12-20T11:44:53.503;;2025-01-08T10:17:00;0.0;0;1022371.0;19.0;194250.0;1216621.0;1057532;Bienes y Servicios;61.607.600-0;Servicio Público;;Osorno;Región de los Lagos ;Rubén Uribe;Administrativo;;1738687;TOPSAFE SPA;77.184.417-0;VENTA AL POR MENOR DE PRODUCTOS FARMACEUTICOS Y MEDICINALES EN COMERCI;PINTOR GUSTAVO CABELLO OLGUÍN 925;Rancagua;Región del Libertador General Bernardo O´Higgins; ;;;NOTA:NO SE PODRA EMITIR FACTURA SIN PREVIA RECEPCION CONFORME A OC / FACTURA DEBE SEÑALAR OC ASOCIADA / SE DEBEN ENVIAR DOCUMENTOS MERCANTILES EN ARCHIVO XLMS O PDF AL SIGUIENTE CORREO, dipresrecepcion@custodium.com
1057532-530-AG24;F3-15/“ADQUISICION DE INSUMOS DE ASEO E HIGIENE DESTINADOS A USUARIOS DEL PROGRAMA DE TUBERCULOSIS DEL DPTO. ATENCION PRIMARIA DEL SSO”,;12;Recepción Conforme;;AG;CLP;;2;7;Other;2024-04-11T10:59:21.57;2024-04-11T12:43:26.653;2024-04-16T17:27:40.807;;2024-04-11T11:10:00;4.811111111111111;36;592480.0;19.0;112571.0;705051.0;1057532;Bienes y Servicios;61.607.600-0;Servicio Público;;Osorno;Región de los Lagos ;Alicia Vidal Paredes;Comprador Administrativo;;1106123;PROVEEDORES INTEGRALES DEL SUR S.A.;76.041.579-0;MAYORISTAS DE VINOS Y BEBIDAS ALCOHOLICAS Y DE FANTASIA| VENTA AL POR MAYOR DE HUEVOS, LECHE, ABARROTES, Y OTROS ALIMENTOS N.C.| VENTA AL POR MAYOR DE OTROS ENSERES DOMESTICOS N.C.P.| VENTA AL POR MAYOR DE MATERIALES DE CONSTRUCCION, ARTICULOS DE FERRETE|;AV. MANUEL RECABARREN 02755 TEMUCO,NOVENA REGION;Temuco;Región de la Araucanía ;PROVEEDORES  INTEGRALES DEL SUR PROVEEDORES INTEGRALES DEL SUR; DPTO.CHILE COMPRA;;Orden de Compra codigo: 1057532-530-AG24 dirigida a PROVEEDORES INTEGRALES DEL SUR S.A.//Orden de Compra generada por invitación a compra ágil: 1057532-180-COT24//NOTA: NO SE PODRÁ EMITIR FACTURA SIN PREVIA RECEPCIÓN CONFORME DE O/C. //LA FACTURA DEBE INDICAR EL NÚMERO DE O/C ASOCIADA. DEBERAN: ENVIAR LOS DOCUMENTOS MERCANTILES EN ARCHIVO XLMS Y PDF AL CORREO dipresrecepcion@custodium.com
1057532-2221-AG24;F2-429/compra ágil: 1057532-884-COT24/CURSO CUIDAD;12;Recepción Conforme;;AG;CLP;;2;22;CL;2024-12-18T12:22:22.36;2024-12-18T12:54:11.537;2024-12-18T13:03:32.35;;2024-12-18T12:38:00;0.0;0;1740000.0;0.0;0.0;1740000.0;1057532;Bienes y Servicios;61.607.600-0;Servicio Público;Av. Juan Mackenna N°825, Edificio Plaza Sur;* ;Región de los Lagos ;Lesly Andrea Díaz Aburto;Administrativo;;1911644;CONSULTORIA Y ASESORIA SYMBOLON II LIMITADA;76.701.577-1;ACTIVIDADES DE CONSULTORIA DE GESTION;E UNIDOS 237 DP C;Santiago;Región Metropolitana de Santiago; ;;;Orden de Compra codigo: 1057532-2197-AG24 dirigida a CONSULTORIA Y ASESORIA SYMBOLON II LIMITADA  Justificación selección de cotización menos económica: La Oferta cumple de mejor manera el desarrollo del curso y entrega curriculum de los relatores.  Nota: No se podrá emitir factura sin previa recepción conforme de O/C. La factura debe indicar el número de O/C asociada. Enviar factura en archivo xlms y pdf al correo dipresrecepcion@custodium.com.
1057532-1794-AG23;PAN CORRIENTE AÑO 2024//CTPEULLA;12;Recepción Conforme;;AG;CLP;1;2;7;Other;2023-10-31T17:14:36.737;2023-12-28T10:18:43.1;2023-12-28T16:30:40.027;;2023-12-27T15:47:00;0.0;0;1537200.0;0.0;0.0;1537200.0;1057532;Bienes y Servicios;61.607.600-0;Servicio Público;;Osorno;Región de los Lagos ;Alicia Vidal Paredes;Comprador Administrativo;;33645;Centro de Educación y Trabajo de Osorno;61.950.500-k;CULTIVO DE POROTOS O FRIJOL| CULTIVO TRADICIONAL DE HORTALIZAS FRESCAS| CRIA DE PORCINOS| CRIA DE AVES DE CORRAL PARA LA PRODUCCION DE HUEVOS| ELABORACION DE CECINAS, EMBUTIDOS Y CARNES EN CONSERVA.| ELABORACION DE QUESOS| FABRICACION DE PAN, PRODUCTOS DE;AMTAHUER N° 1399;Osorno;Región de los Lagos ;Juan   Imio;Encargado Adquisiciones;;Orden de Compra codigo: 1057532-1794-AG23 dirigida a GENDARMERIA DE CHILE CENTRO DE EDUCACION Y TRABAJO DE OSORNO//Orden de Compra generada por invitación a compra ágil: 1057532-1046-COT23  NOTA: NO SE PODRÁ EMITIR FACTURA SIN PREVIA RECEPCIÓN CONFORME DE O/C. //LA FACTURA DEBE INDICAR EL NÚMERO DE O/C ASOCIADA. DEBERAN: ENVIAR LOS DOCUMENTOS MERCANTILES EN ARCHIVO XLMS Y PDF AL CORREO dipresrecepcion@custodium.com
1077241-101-AG24;F2-342/ ADQUISICIÓN DE ADHESIVOS DE LAMINA PARA TERMOLAMINAR.;12;Recepción Conforme;;AG;CLP;;2;7;Other;2024-09-25T08:57:11.26;2024-09-25T09:59:27.347;2024-09-27T09:16:19.753;;2024-09-25T09:56:00;2.4;1;18000.0;19.0;3420.0;21420.0;1077241;Administración de Fondos;61.607.600-0;Servicio Público;;Osorno;Región de los Lagos ;Bastian Miranda Coronado;PROFESIONAL;;8793;OSVALDO ALFREDO ARAVENA BAEZ;10.732.730-4;IMPRESION PRINCIPALMENTE DE LIBROS| COMERCIO DE ARTICULOS DE SUMINISTROS DE OFICINAS Y ARTICULOS DE ESCRIT| COMERCIO AL POR MENOR DE COMPUTADORAS, SOFTWARES Y SUMINISTROS| SERVICIOS DE FOTOCOPIAS| OTRAS ACTIVIDADES DE SERVICIOS PERSONALES N.C.P.;PJE EL GALEON 5571 VERSALLES - MAIPU.;Maipú;Región Metropolitana de Santiago;Osvaldo Aravena Báez  ARAVENA BAEZ;dueño;;Orden de Compra código: 1077241-101-AG24 dirigida a OSVALDO ALFREDO ARAVENA BAEZ.  Orden de Compra generada por invitación a compra ágil: 1077241-72-COT24.  NOTA: No se podrá emitir factura sin previa recepción conforme de O/C. La factura debe indicar el Número de O/C asociada. Enviar los documentos mercantiles en archivo xlms y pdf al correo dipresrecepcion@custopdium.com.
1057532-1144-SE24;F3-31/PROGRAMA COACHING;12;Recepción Conforme;1057532-50-LE24;SE;CLP;;2;22;CL;2024-07-17T09:24:00.683;2024-07-17T12:07:15.23;2024-07-17T12:22:30.927;;2024-07-17T09:44:00;0.0;0;11580000.0;0.0;0.0;11580000.0;1057532;Bienes y Servicios;61.607.600-0;Servicio Público;Av. Juan Mackenna N°825, Edificio Plaza Sur;Osorno;Región de los Lagos ;Lesly Andrea Díaz Aburto;Administrativo;;44780;Cadesem Ltda.;78.855.250-5;OTRAS ACTIVIDADES EMPRESARIALES N.C.P.;Pedro de la Gasca N° 19;Concepción;Región del Biobío ;Luis Alberto Gundelach Enrione;Director General;;PROGRAMA DE COACHING PARA JEFATURAS INTERMEDIAS DESDE 1057532-50-LE24//FORMULARIO N°31//Nota: No se podrá emitir factura sin previa recepción conforme de O/C. La factura debe indicar el número de O/C asociada. Enviar factura en archivo xlms y pdf al correo dipresrecepcion@custodium.com.
1057532-1402-AG24;F1-464//Servicio de Cafeteria Salud Intercultural Huilliche// Dpto de Capapcitacion.;12;Recepción Conforme;;AG;CLP;;2;7;Other;2024-08-23T12:01:38.653;2024-08-23T14:41:14.217;2024-09-02T14:41:54.173;;2024-08-23T12:45:00;0.0;0;269500.0;19.0;51205.0;320705.0;1057532;Bienes y Servicios;61.607.600-0;Servicio Público;;Osorno;Región de los Lagos ;Alicia Vidal Paredes;Comprador Administrativo;;1796363;INVERSIONES MIRSON ADEMIR ANGULO NIETO E.I.R.L.;77.344.133-2;ACTIVIDADES DE RESTAURANTES Y DE SERVICIO MOVIL DE COMIDAS;AVDA ANGELMO 650 N° No hay Dato;Puerto Montt;Región de los Lagos ;MIRSON  ANGULO;PROPIETARIO;;Orden de Compra codigo: 1057532-1402-AG24 dirigida a INVERSIONES MIRSON ADEMIR ANGULO NIETO E.I.R.L.//Orden de Compra generada por invitación a compra ágil: 1057532-546-COT24//NOTA: NO SE PODRÁ EMITIR FACTURA SIN PREVIA RECEPCIÓN CONFORME DE O/C. //LA FACTURA DEBE INDICAR EL NÚMERO DE O/C ASOCIADA. DEBERAN: ENVIAR LOS DOCUMENTOS MERCANTILES EN ARCHIVO XLMS Y PDF AL CORREO dipresrecepcion@custodium.com
1077241-117-AG24;F2-385 / TOLDO VELA / COSAM RAHUE / Orden de Compra generada por invitación a compra ágil: 1077241-85-COT24;12;Recepción Conforme;;AG;CLP;;2;7;Other;2024-10-01T16:38:16.967;2024-11-27T09:35:33.887;2024-11-28T09:08:19.12;;2024-10-01T16:45:00;0.0;0;800000.0;19.0;152000.0;952000.0;1077241;Administración de Fondos;61.607.600-0;Servicio Público;;Osorno;Región de los Lagos ;NICOLAS ASENCIO MOREIRA;COMPRADOR;;1810109;COMERCIALIZADORA ROMINA EVELYN MUÑOZ E.I.R.L.;77.522.583-1;INSTALACIONES DE GASFITERIA, CALEFACCION Y AIRE ACONDICIONADO;PARQUE DEL VALLE  N° 2466;Puente Alto;Región Metropolitana de Santiago; ;;;F2-385 / TOLDO VELA / COSAM RAHUE /   Orden de Compra codigo: 1077241-117-AG24 dirigida a CLICK TIENDA SPA    Nota: No se podrá emitir factura sin previa recepción conforme de O/C.   La factura debe indicar el número de O/C asociada.   Enviar factura en archivo xlms y pdf al correo dipresrecepcion@custodium.com.
1077241-134-AG24;F2-420 / 7 TIMBRES / OBRAS INVERSIONES / Orden de Compra generada por invitación a compra ágil: 1077241-92-COT24;12;Recepción Conforme;;AG;CLP;;2;7;Other;2024-10-18T12:44:44.6;2024-10-21T12:33:28.42;2024-11-04T11:36:11.24;;2024-10-18T12:51:00;0.0;0;129500.0;19.0;24605.0;154105.0;1077241;Administración de Fondos;61.607.600-0;Servicio Público;;Osorno;Región de los Lagos ;NICOLAS ASENCIO MOREIRA;COMPRADOR;;1520531;VIVIAN PAZ CIFUENTES LEIVA;15.100.499-7;Fabricacion de venta de timbres de goma.;RIQUELME N° 1914;Quilpué;Región de Valparaíso ;Vivian Paz  Cifuentes Leiva;Quilpué;;F2-420 / 7 TIMBRES / OBRAS INVERSIONES /  Orden de Compra codigo: 1077241-134-AG24 dirigida a VIVIAN PAZ CIFUENTES LEIVA
1057532-964-AG24;F1-309/Orden de Compra generada por invitación a compra ágil: 1057532-372-COT24;12;Recepción Conforme;;AG;CLP;;2;12;Other;2024-06-14T14:51:35.14;2024-06-14T15:46:51.69;2024-06-25T12:32:10.133;;2024-06-14T15:34:00;0.0;0;280000.0;19.0;53200.0;333200.0;1057532;Bienes y Servicios;61.607.600-0;Servicio Público;;Osorno;Región de los Lagos ;Rubén Uribe;Administrativo;;143977;MAURICIO JAVIER OYARZO PAREDES;11.928.272-1;ACONDICIONAMIENTO DE EDIFICIOS| SERVICIOS DE INGENIERIA PRESTADOS POR EMPRESAS N.C.P.| OTRAS ACTIVIDADES EMPRESARIALES N.C.P.| OTRAS ACTIVIDADES DE SERVICIOS PERSONALES N.C.P.;Colo Colo 25;Calbuco;Región de los Lagos ;Mauricio Javier Oyarzo Paredes  ;Ingeniero;;NOTA:NO SE PODRA EMITIR FACTURA SIN PREVIA RECEPCION CONFORME A OC / FACTURA DEBE SEÑALAR OC ASOCIADA / SE DEBEN ENVIAR DOCUMENTOS MERCANTILES EN ARCHIVO XLMS O PDF AL SIGUIENTE CORREO, dipresrecepcion@custodium.com
1057532-1779-AG24;F2-378// Alojamiento que incluya desayuno, Almuerzo y cena para Jornada Toma de Decisiones Compartidas// DAP;12;Recepción Conforme;;AG;CLP;;2;22;Other;2024-10-15T12:22:21.437;2024-10-15T16:37:46.68;2025-01-09T10:46:50.76;;2025-01-09T10:47:00;0.0;0;292436.0;19.0;55563.0;347999.0;1057532;Bienes y Servicios;61.607.600-0;Servicio Público;;Osorno;Región de los Lagos ;Alicia Vidal Paredes;Comprador Administrativo;;1961322;SOCIEDAD DE INVERSIONES RUCAITUE SPA;77.438.478-2;ACTIVIDADES DE HOTELES;FREIRE 546;Osorno;Región de los Lagos ; ;;;Orden de Compra codigo: 1057532-1779-AG24 dirigida a SOCIEDAD DE INVERSIONES RUCAITUE SPA//Orden de Compra generada por invitación a compra ágil: 1057532-695-COT24//NOTA: NO SE PODRÁ EMITIR FACTURA SIN PREVIA RECEPCIÓN CONFORME DE O/C. //LA FACTURA DEBE INDICAR EL NÚMERO DE O/C ASOCIADA. DEBERAN: ENVIAR LOS DOCUMENTOS MERCANTILES EN ARCHIVO XLMS Y PDF AL CORREO dipresrecepcion@custodium.com
1057532-2233-AG24;F-2-500 Adquisición de medicamento/compra ágil: 1057532-886-COT24;12;Recepción Conforme;;AG;CLP;;2;7;Other;2024-12-23T11:32:43.107;2024-12-26T09:14:54.89;2025-01-06T11:21:46.073;;2024-12-26T09:15:00;4.5;14;3841470.0;19.0;729879.0;4571349.0;1057532;Bienes y Servicios;61.607.600-0;Servicio Público;;Osorno;Región de los Lagos ;JACQUELINE OYARZUN ALVAREZ;Comprador administrativo;;26963;JOHNSON Y JOHNSON DE CHILE S A;93.745.000-1;VENTA AL POR MAYOR DE PRODUCTOS QUIMICOS;AV CERRO COLORADO TORRE 1 N° 5240;Las Condes;Región Metropolitana de Santiago;Soledad Tapia Carvallo;Coordinadora Licitaciones;;F.S.C N°500 Adquisición de risperidona Polvo para Suspensión Inyectable de Liberación prolongada Orden de Compra N°1057532-2233-AG24 dirigida a JOHNSON Y JOHNSON DE CHILE S A.  Nota: No se podrá emitir factura sin previa recepción conforme de O/C. La factura debe indicar el Número de O/C asociada, de acuerdo Ley 20.727 de Enero del 2014.  Enviar los documentos mercantiles en archivo xlms y pdf al correo dipresrecepcion@custodium.com
1057532-535-SE24;Convenio Suministro Corresp. y Encom. ID 1057532-23-L124;12;Recepción Conforme;1057532-23-L124;SE;CLP;;2;22;CL;2024-04-12T16:46:00.97;2024-04-15T10:59:41.987;2024-05-22T10:22:11.277;;2024-04-15T08:11:00;4.0;92;5000000.0;0.0;0.0;5000000.0;1057532;Bienes y Servicios;61.607.600-0;Servicio Público;Av. Juan Mackenna N°825, Edificio Plaza Sur;Osorno;Región de los Lagos ;JACQUELINE OYARZUN ALVAREZ;Comprador administrativo;;16120;EMPRESA DE CORREOS DE CHILE;60.503.000-9;OTROS SERVICIOS DE TELECOMUNICACIONES N.C.P.;AUTOP.CONCEPC.TALCAHUANO N° 8671;Talcahuano;Región del Biobío ;Sonia Llanos ;Soporte Licitaciones;;F.S.C. N°162 CONVENIO SUMINISTRO DE CORRESPONDENCIA Y ENCOMIENDAS PARA EL S.S.O. DESDE 1057532-23-L124.  Nota: No se podrá emitir factura sin previa recepción conforme de O/C. La factura debe indicar el Número de O/C asociada, de acuerdo Ley 20.727 de Enero del 2014.  Enviar los documentos mercantiles en archivo xlms y pdf al correo dipresrecepcion@custodium.com
1057532-2111-AG24;F1-532 / TINTAS / COSAM RAHUE / Orden de Compra generada por invitación a compra ágil: 1057532-865-COT24;12;Recepción Conforme;;AG;CLP;;2;7;Other;2024-12-04T08:43:46.073;2024-12-04T09:08:08.207;2024-12-06T14:56:42.683;;2024-12-04T08:46:00;5.0;2;118952.0;19.0;22601.0;141553.0;1057532;Bienes y Servicios;61.607.600-0;Servicio Público;;Osorno;Región de los Lagos ;NICOLAS ASENCIO MOREIRA;COMPRADOR;;48141;I.I.A. Ltda.;79.882.360-4;VENTA AL POR MENOR DE OTROS PRODUCTOS EN PEQUENOS ALMACENES NO ESPECIA| ALQUILER DE OTROS EFECTOS PERSONALES Y ENSERES DOMESTICOS N.C.P.| OTRAS ACTIVIDADES EMPRESARIALES N.C.P.;AV  LIB  BERNARDO OHIGGINS 580 LOC. 23;Santiago;Región Metropolitana de Santiago;Patricia  Calderón;jefe de ventas;;F1-532 / TINTAS / COSAM RAHUE /  Orden de Compra codigo: 1057532-2111-AG24 dirigida a INGENIERIA E INFORMATICA ASOCIADA LIMITADA    Nota: No se podrá emitir factura sin previa recepción conforme de O/C.   La factura debe indicar el número de O/C asociada.   Enviar factura en archivo xlms y pdf al correo dipresrecepcion@custodium.com.
1057532-26-SE25;Movilización Peulla / Diciembre 2024;12;Recepción Conforme;1057532-94-LQ23;SE;CLP;44;2;22;CL;2025-01-08T17:23:46.167;2025-01-10T16:06:39.923;2025-01-12T19:47:57.747;;2025-01-10T16:05:00;5.0;1;1903000.0;0.0;0.0;1903000.0;1057532;Bienes y Servicios;61.607.600-0;Servicio Público;Av. Juan Mackenna N°825, Edificio Plaza Sur;Osorno;Región de los Lagos ;Bastian Miranda Coronado;PROFESIONAL;;107719;TEOBALDO HUENANTE BARRIGA;7.531.485-K;TRANSPORTE URBANO DE PASAJEROS VIA AUTOBUS (LOCOMO;ARAUCO 1641 VILLA JORGE ALESSANDRI;Osorno;Región de los Lagos ;Sandra Veronica  Gutierrez Loaiza;administradora;;Servicios de Movilización CT Peulla mes Diciembre 2024  NOTA: No se podrá emitir factura sin previa recepción conforme de O/C. La factura debe indicar el Número de O/C asociada. Enviar los documentos mercantiles en archivo xlms y pdf al correo dipresrecepcion@custodium.com.
1057532-2267-SE24;Servicio de licencia Medica / 30  sept a 30 de oct;12;Recepción Conforme;1057532-2-LE23;SE;CLP;;2;22;CL;2024-12-27T16:05:32.623;2024-12-30T10:36:40.943;2025-01-06T11:55:34.467;;2024-12-27T16:08:00;0.0;0;119466.0;19.0;22699.0;142165.0;1057532;Bienes y Servicios;61.607.600-0;Servicio Público;Av. Juan Mackenna N°825, Edificio Plaza Sur;* ;Región de los Lagos ;PAULINA NICOLE LONCOPAN CARRILLO;PROFESIONAL APOYO;;47799;I-MED S.A.;99.509.000-7;ACTIVIDADES DE ASESORAMIENTO EMPRESARIAL Y EN MATE;avda 11 de septiembre 1901 piso 3;Providencia;Región Metropolitana de Santiago;Bruno Grass;Jefe Control de Gestión y Soporte Comercial;;CONTRATACIÓN SERV. EMISIÓN DE LME PARA EL SSO 2° LLAMADO DESDE 1057532-2-LE23.  SERVICIOS EMISIÓN LICENCIA MEDICA ELECTRÓNICA ,(PERIODO DEL 31 DE AGOSTO AL 29 DE SEPTIEMBRE 2024)  Nota: No se podrá emitir factura sin previa recepción conforme de O/C. La factura debe indicar el número de O/C asociada. Enviar factura en archivo xlms y pdf al correo dipresrecepcion@custodium.com.
1057532-19-SE25;CC-RUA/TD-10 CUPOS R. P. ALTA COMPLEJIDAD OSORNO/;12;Recepción Conforme;;SE;CLP;;2;22;CL;2025-01-07T14:51:03.16;2025-01-07T15:23:43.49;2025-01-07T16:26:09.43;;2025-01-07T15:24:00;0.0;0;29546218.0;19.0;5613781.0;35160000.0;1057532;Bienes y Servicios;61.607.600-0;Servicio Público;Av. Juan Mackenna N°825, Edificio Plaza Sur;Osorno;Región de los Lagos ;Rubén Uribe;Administrativo;;1837778;SOCIALES TORRES SPA;77.625.119-4;ACTIVIDADES DE ATENCION EN INSTITUCIONES PARA PERS;P LYNCH 696;Hualqui;Región del Biobío ; ;;;TRATO DIRECTO ADQ. 10 CUPOS RESIDENCIA PROTEGIDA EN LA CIUDAD DE OSORNO//FORMULARIO N°40//RESOLUCIÓN EXENTA N°4729 del 19.03.2024//oc original 1057532-384-SE24    Nota: No se podrá emitir factura sin previa recepción conforme de O/C. La factura debe indicar el número de O/C asociada. Enviar factura en archivo xlms y pdf al correo dipresrecepcion@custodium.com.
1057532-5-AG25;F1-659   Orden de Compra generada por invitación a compra ágil: 1057532-2-COT25;12;Recepción Conforme;;AG;CLP;;2;7;Other;2025-01-03T10:34:42.983;2025-01-03T10:47:17.443;2025-01-07T08:31:47.657;;2025-01-03T10:42:00;4.680952380952381;126;44930.0;19.0;8537.0;53467.0;1057532;Bienes y Servicios;61.607.600-0;Servicio Público;;Osorno;Región de los Lagos ;Miguel Aro;Administrativo;;43128;RED OFFICE SUR LTDA.;77.806.000-0;VENTA AL POR MENOR DE OTROS PRODUCTOS EN PEQUENOS ALMACENES NO ESPECIA| VENTA AL POR MENOR DE PRODUCTOS DE CONFITERIAS, CIGARRILLOS, Y OTROS| VENTA AL POR MENOR DE APARATOS, ARTICULOS, EQUIPO DE USO DOMESTICO N.C| COMERCIO DE ARTICULOS DE SUMINISTROS DE O;AVDA.PDTE.E.FREI MONTALVA N° 4251;Conchalí;Región Metropolitana de Santiago;Patricio Farias;Jefe Canal Chilecompras ;;Orden de Compra codigo: 1057532-5-AG25 dirigida a COMERCIAL RED OFFICE SUR LIMITADA  NOTA: No se podrá emitir factura sin previa recepción conforme de O/C. La factura debe indicar el Número de O/C asociada.  Enviar los documentos mercantiles en archivo xlms y pdf al correo dipresrecepcion@custodium.com.  FOLIO N° 659 / DEPTO DE FINANZAS.
1057532-8-SE25;TD Soporte y Mantenimiento /Cuota 23;12;Recepción Conforme;;SE;CLP;;2;22;CL;2025-01-06T09:06:12.34;2025-01-06T11:49:58.253;2025-01-06T16:01:03.933;;2025-01-06T10:00:00;0.0;0;5057.0;19.0;961.0;6018.0;1057532;Bienes y Servicios;61.607.600-0;Servicio Público;Av. Juan Mackenna N°825, Edificio Plaza Sur;Osorno;Región de los Lagos ;Alicia Vidal Paredes;Comprador Administrativo;;33151;BIOSUB LTDA.;78.662.650-1;VENTA AL POR MENOR DE OTROS PRODUCTOS EN PEQUENOS;Manuel Rodriguez 245-A;Puerto Montt;Región de los Lagos ;Aram Mutis W. Aram Mutis W.;DUEÑO;;De Trato directo aprobado por resolución adjunta N° 1669 del 03 de febrero del 2023.  O/C TD 1057532-158-SE23// Cuota 23.  NOTA: NO SE PODRÁ EMITIR FACTURA SIN PREVIA RECEPCIÓN CONFORME DE O/C. //LA FACTURA DEBE INDICAR EL NÚMERO DE O/C ASOCIADA. DEBERAN: ENVIAR LOS DOCUMENTOS MERCANTILES EN ARCHIVO XLMS Y PDF AL CORREO   dipresrecepcion@custodium.com
1180747-26-SE24;F5-017/ORDEN DE COMPRA DESDE 1180747-7-LE24/PSR COSTA RÍO BLANCO;12;Recepción Conforme;1180747-7-LE24;SE;CLP;2721;2;7;Other;2024-11-18T16:55:13.987;2024-11-27T14:39:01.23;2024-12-04T15:07:34;;2024-11-18T16:58:00;4.0;5;340000.0;19.0;64600.0;404600.0;1180747;Compras Convenio GORE Region de Los Lagos;61.607.600-0;Servicio Público;Sin dirección Registrada para Unidad de Compra;Puerto Montt;Región de los Lagos ;Ariela Acevedo;PROFESIONAL APOYO;;31229;HEMISFERIO SUR S.A.;96.533.330-4;VENTA AL POR MAYOR DE OTROS PRODUCTOS N.C.P.;AVDA FCO BILBAO N° 2829;Providencia;Región Metropolitana de Santiago;Carlos Lagos Salas;Presidente Ejecutivo;;ADQUISICIÓN EQUIPOS Y EQUIPAMIENTO MÉDICO PARA HABILITACIÓN DE PSR CHAN CHAN Y PSR COSTA RÍO BLANCO DESDE 1180747-7-LE24.    NOTA: EN LA FACTURA NO SE DEBE ASOCIAR LA OC AL CAMPO 801. No se podrá emitir Factura sin previa Recepción Conforme de la OC. El o los documentos tributarios, deberán contener la información que permita tener datos de trazabilidad de los dispositivos médicos como por ejemplo N° de lote/serie, fecha de vencimiento, según lo establecido en la Norma Técnica 226.    Dirección de Despacho: Bodega de Inversiones ubicada en Amador Barrientos 2360, Osorno. Para el despacho contactar con D. Iván Vargas Ojeda al fono 64 2613580.
1057532-2235-SE24;Servicio de Aseo/Ed. Rodriguez/Octubre 2024;12;Recepción Conforme;1057532-96-LP23;SE;CLP;;2;22;CL;2024-12-24T08:49:23.323;2024-12-27T10:57:53.253;2024-12-27T11:03:50.913;;2024-12-24T09:05:00;0.0;0;1375000.0;19.0;261250.0;1636250.0;1057532;Bienes y Servicios;61.607.600-0;Servicio Público;Av. Juan Mackenna N°825, Edificio Plaza Sur;Osorno;Región de los Lagos ;JUAN FELIPE ROJEL HUENTRO;PROFESIONAL DE APOYO;;1151955;SERVICIO DE INGENIERIA SEGURIDAD Y TRANSPORTE TRANSCOM LIMITADA;76.060.259-0;OTRAS ACTIVIDADES CONEXAS AL TRANSPORTE N.C.P.| SE;MANUEL BULNES N° 45;Temuco;Región de la Araucanía ;Carlos Rojas Sanchez Carlos Rojas Sanchez;Gerente;;NOTA:NO SE PODRA EMITIR FACTURA SIN PREVIA RECEPCION CONFORME A OC / FACTURA DEBE SEÑALAR OC ASOCIADA / SE DEBEN ENVIAR DOCUMENTOS MERCANTILES EN ARCHIVO XLMS O PDF AL SIGUIENTE CORREO, dipresrecepcion@custodium.com
1057532-2274-AG24;Orden de Compra generada por invitación a compra ágil: 1057532-893-COT24;12;Recepción Conforme;;AG;CLP;;2;7;Other;2024-12-31T08:50:46.083;2025-01-02T09:22:25.523;2025-01-02T20:59:17.247;;2025-01-02T09:22:00;0.0;0;1280000.0;19.0;243200.0;1523200.0;1057532;Bienes y Servicios;61.607.600-0;Servicio Público;;Osorno;Región de los Lagos ;Rubén Uribe;Administrativo;;1555201;CRISTIAN;76.455.307-1;REPARACION DE OTROS TIPOS DE MAQUINARIA DE USO ESPECIAL;VALPARAISO N° 310;Temuco;Región de la Araucanía ;CRISTIAN ALVEAR REYES;INGENIERO EN PREVENC;;NOTA:NO SE PODRA EMITIR FACTURA SIN PREVIA RECEPCION CONFORME A OC / FACTURA DEBE SEÑALAR OC ASOCIADA / SE DEBEN ENVIAR DOCUMENTOS MERCANTILES EN ARCHIVO XLMS O PDF AL SIGUIENTE CORREO, dipresrecepcion@custodium.com
1057532-21-SE25;Convenio Movilización NEWEN /Diciembre 2024;12;Recepción Conforme;1057532-94-LQ23;SE;CLP;;2;22;CL;2025-01-08T07:35:40.25;2025-01-08T08:23:47.34;2025-01-08T09:46:05.24;;2025-01-08T07:59:00;5.0;1;1512000.0;0.0;0.0;1512000.0;1057532;Bienes y Servicios;61.607.600-0;Servicio Público;Av. Juan Mackenna N°825, Edificio Plaza Sur;Osorno;Región de los Lagos ;Rubén Uribe;Administrativo;;107719;TEOBALDO HUENANTE BARRIGA;7.531.485-K;TRANSPORTE URBANO DE PASAJEROS VIA AUTOBUS (LOCOMO;ARAUCO 1641 VILLA JORGE ALESSANDRI;Osorno;Región de los Lagos ;Sandra Veronica  Gutierrez Loaiza;administradora;;SERVICIO DE MOVILIZACION PARA DISPOSITIVOS DSSO DESDE 1057532-94-LQ23//    Nota: No se podrá emitir factura sin previa recepción conforme de O/C. La factura debe indicar el número de O/C asociada. Enviar factura en archivo xlms y pdf al correo dipresrecepcion@custodium.com
1057532-23-SE25;F3-50/TD 12 CUPOS R. PROTEGIDA OSORNO Diciembre 2024;12;Recepción Conforme;;SE;CLP;;2;22;CL;2025-01-08T10:15:29.847;2025-01-08T10:27:23.733;2025-01-08T12:55:07.987;;2025-01-08T10:24:00;0.0;0;24612000.0;19.0;4676280.0;29288280.0;1057532;Bienes y Servicios;61.607.600-0;Servicio Público;Av. Juan Mackenna N°825, Edificio Plaza Sur;Osorno;Región de los Lagos ;JUAN FELIPE ROJEL HUENTRO;PROFESIONAL DE APOYO;;1837778;SOCIALES TORRES SPA;77.625.119-4;ACTIVIDADES DE ATENCION EN INSTITUCIONES PARA PERS;P LYNCH 696;Hualqui;Región del Biobío ; ;;;TD ADQUISICIÓN 12 CUPOS RESIDENCIA PROTEGIDA PARA EL SERVICIO DE SALUD OSORNO EN LA PROVINCIA DE OSORNO POR 12 MESES/RESOL. N°5731 DEL 08.04.2024//
1057532-28-SE25;Movilización Kumelen / Dic 2024;12;Recepción Conforme;1057532-3-LE24;SE;CLP;;2;22;CL;2025-01-09T09:28:38.727;2025-01-09T10:31:18.28;2025-01-10T10:35:58.133;;2025-01-09T10:02:00;0.0;0;3213000.0;0.0;0.0;3213000.0;1057532;Bienes y Servicios;61.607.600-0;Servicio Público;Av. Juan Mackenna N°825, Edificio Plaza Sur;Osorno;Región de los Lagos ;JUAN FELIPE ROJEL HUENTRO;PROFESIONAL DE APOYO;;62282;SOC COMERCIAL OASIS LIMITADA;79.554.260-4;SERVICIOS DE TRANSPORTE A TURISTAS| AGENCIAS Y OR;OHiggins # 779;Osorno;Región de los Lagos ;Luis R. Costa Bahamonde Luis R. Costa Bahamonde;Representante Legal;;Convenio de Movilización para dispositivos DSSO DESDE 1057532-3-LE24  NOTA:NO SE PODRA EMITIR FACTURA SIN PREVIA RECEPCION CONFORME A OC / FACTURA DEBE SEÑALAR OC ASOCIADA / SE DEBEN ENVIAR DOCUMENTOS MERCANTILES EN ARCHIVO XLMS O PDF AL SIGUIENTE CORREO, dipresrecepcion@custodium.com
1057532-27-SE25;Convenio de Movilización Funcionarios CDR Kumelen;12;Recepción Conforme;1057532-94-LQ23;SE;CLP;;2;22;CL;2025-01-09T08:50:50.58;2025-01-09T11:19:29.84;2025-01-09T13:51:34.303;;2025-01-09T09:07:00;5.0;1;2200000.0;0.0;0.0;2200000.0;1057532;Bienes y Servicios;61.607.600-0;Servicio Público;Av. Juan Mackenna N°825, Edificio Plaza Sur;Osorno;Región de los Lagos ;JACQUELINE OYARZUN ALVAREZ;Comprador administrativo;;107719;TEOBALDO HUENANTE BARRIGA;7.531.485-K;TRANSPORTE URBANO DE PASAJEROS VIA AUTOBUS (LOCOMO;ARAUCO 1641 VILLA JORGE ALESSANDRI;Osorno;Región de los Lagos ;Sandra Veronica  Gutierrez Loaiza;administradora;;SERVICIO DE MOVILIZACION PARA DISPOSITIVOS DSSO DESDE ID 1057532-94-LQ23//De acuerdo a correo electrónico de fecha 08.01.2025.  Nota: No se podrá emitir factura sin previa recepción conforme de O/C. La factura debe indicar el número de O/C asociada. Enviar factura en archivo xlms y pdf al correo dipresrecepcion@custodium.com
1057532-58-SE25;3 Cupos Residencia / DIC 2024;12;Recepción Conforme;1057532-6-LP24;SE;CLP;;2;22;CL;2025-01-14T12:54:33.727;2025-01-15T10:58:56.81;2025-01-15T12:04:27.587;;2025-01-14T14:33:00;0.0;0;3255000.0;19.0;618450.0;3873450.0;1057532;Bienes y Servicios;61.607.600-0;Servicio Público;Av. Juan Mackenna N°825, Edificio Plaza Sur;* ;Región de los Lagos ;PAULINA NICOLE LONCOPAN CARRILLO;PROFESIONAL APOYO;;1837778;SOCIALES TORRES SPA;77.625.119-4;ACTIVIDADES DE ATENCION EN INSTITUCIONES PARA PERS;P LYNCH 696;Hualqui;Región del Biobío ; ;;;"ID N°1057532-6-LP24 ""ADQUISICIÓN 3 CUPOS RESIDENCIA PROTEGIDA PARA EL SERVICIO DE SALUD OSORNO EN LA PROVINCIA DE CONCEPCION, 2° LLAMADO”. (RES EXENTA N°5696/04.04.2024 Aprueba Contrato) // Correo Solicitud Emisión OC mes diciembre 2024  NOTA: NO SE PODRÁ EMITIR FACTURA SIN PREVIA RECEPCIÓN CONFORME DE O/C LAS FACTURAS DEBEN INDICAR Nº O/C ASOCIADA Ley 20.727 del Enero 2014 Enviar los documentos mercantiles en archivo xlms y pdf al correo dipresrecepcion@custodium.com"
1057532-24-AG25;F1-504  Orden de Compra generada por invitación a compra ágil: 1057532-3-COT25;12;Recepción Conforme;;AG;CLP;;2;7;Other;2025-01-08T10:43:58.137;2025-01-08T11:47:26.65;2025-01-08T12:09:40.617;;2025-01-08T10:49:00;0.0;0;44950.0;19.0;10440.0;65390.0;1057532;Bienes y Servicios;61.607.600-0;Servicio Público;;Osorno;Región de los Lagos ;Miguel Aro;Administrativo;;1501921;JHONNY ;76.604.623-1;VENTA REPARACION Y ARRIENDO DE EQUIPOS DE ILUMINACION Y SERVICIOS AUDIOVISUALES;PASAJE G N° 5246;San Miguel;Región Metropolitana de Santiago;JHONNY  VASQUEZ OSSANDON;DUEÑO;;Orden de Compra codigo: 1057532-24-AG25 dirigida a GRAPER CHILE SPA  NOTA: No se podrá emitir factura sin previa recepción conforme de O/C. La factura debe indicar el Número de O/C asociada.  Enviar los documentos mercantiles en archivo xlms y pdf al correo dipresrecepcion@custodium.com.  FOLIO N° 504 / DEPTO DE GESTION DE LAS PERSONAS.
1057532-61-SE25;Convenio Registro Clínico/CUOTA 29;12;Recepción Conforme;1057532-30-LR22;SE;CLP;;2;22;CL;2025-01-15T08:37:41.677;2025-01-15T09:34:22.913;2025-01-15T12:30:09.057;;2025-01-15T08:50:00;5.0;1;37106280.0;19.0;7050193.0;44156473.0;1057532;Bienes y Servicios;61.607.600-0;Servicio Público;Av. Juan Mackenna N°825, Edificio Plaza Sur;Osorno;Región de los Lagos ;Alicia Vidal Paredes;Comprador Administrativo;;69967;Rayen Salud SpA;77.917.240-6;VENTA AL POR MENOR DE OTROS PRODUCTOS EN PEQUENOS;Merced 480, piso 2, Santiago;Santiago;Región Metropolitana de Santiago;Emilia  Fuentes Salinas;Gerente Administracion;;Servicio de registro clínico electrónico para establecimientos de Atención Primaria de Salud (RCEAPS), Hospitales de baja complejidad y comunitarios del Servicio de Salud Osorno” LP 1057532-30-LR22, proveedor Sociedad de Ingeniería en Informática RAYEN SALUD SpA.  NOTA: No se podrá emitir factura sin previa recepción conforme de O/C. La factura debe indicar el Número de O/C asociada, de acuerdo   Ley 20.727 de Enero del 2014.  Enviar los documentos mercantiles en archivo xlms y pdf al correo dipresrecepcion@custodium.com
1180747-36-AG24;F5-026//ADQUISICION DE IMPRESORA PARA POSTA DE SALUD RURAL CHAN CHAN;12;Recepción Conforme;;AG;CLP;3218;2;7;Other;2024-12-26T13:09:05.64;2025-01-03T08:50:37.167;2025-01-05T22:28:21.227;;2025-01-03T08:46:00;0.0;0;149900.0;19.0;28481.0;178381.0;1180747;Compras Convenio GORE Region de Los Lagos;61.607.600-0;Servicio Público;Sin dirección Registrada para Unidad de Compra;Osorno;Región de los Lagos ;Ivan Vargas Ojeda;Comprador Administrativo;;1653685;MARJORIE ELIZABETH RÍOS ALARCÓN;15.345.901-0;Comercializadora de Equipos Electronicos, articulo de oficina, servicios;SAN JAVIER N° 679;Maule;Región del Maule ;Marjorie Elizabeth Rios Alarcon;Representante Legal;;FSC N° 26 DEPTO. TECNOLOGIAS DE LA INFORMACION Y COMUNICACION  Orden de Compra código: 1180747-34-AG24 dirigida a MARJORIE ELIZABETH RIOS ALARCON, Orden de Compra generada por invitación a compra ágil: 1180747-2-COT24. Nota: No se podrá emitir factura sin previa recepción conforme de O/C. La factura debe indicar el número de O/C asociada. Enviar factura en archivo xlms y pdf al correo dipresrecepcion@custodium.com. Los datos para la emisión del documento tributario son:  •	Gobierno Regional de Los Lagos  •	R.U.T.: 72.221.800-0  •	DIRECCIÓN: Av. Décima Región 480, 4° piso, Puerto Montt
1180747-35-AG24;F5-026//ADQUISICION DE IMPRESORA PARA POSTA DE SALUD RURAL COSTA RIO BLANCO;12;Recepción Conforme;;AG;CLP;3052;2;7;Other;2024-12-26T13:06:41.567;2024-12-27T13:12:31.943;2024-12-27T17:02:52.14;;2025-01-03T08:47:00;0.0;0;149900.0;19.0;28481.0;178381.0;1180747;Compras Convenio GORE Region de Los Lagos;61.607.600-0;Servicio Público;Sin dirección Registrada para Unidad de Compra;;;Ivan Vargas Ojeda;Comprador Administrativo;;1653685;MARJORIE ELIZABETH RÍOS ALARCÓN;15.345.901-0;Comercializadora de Equipos Electronicos, articulo de oficina, servicios;SAN JAVIER N° 679;Maule;Región del Maule ;Marjorie Elizabeth Rios Alarcon;Representante Legal;;FSC N° 27 DEPARTAMENTO DE TECNOLOGIAS DE LA INFORMACION Y COMUNICACION  Orden de Compra código: 1180747-33-AG24 dirigida a MARJORIE ELIZABETH RIOS ALARCON, Orden de Compra generada por invitación a compra ágil: 1180747-3-COT24. Nota: No se podrá emitir factura sin previa recepción conforme de O/C. La factura debe indicar el número de O/C asociada. Enviar factura en archivo xlms y pdf al correo dipresrecepcion@custodium.com.
1057532-29-SE25;CONVENIO SALA CUNA/DIC. 2024;12;Recepción Conforme;1057532-119-LP23;SE;CLP;;2;22;CL;2025-01-09T09:55:35.687;2025-01-10T13:58:51.107;2025-01-12T11:49:28.437;;2025-01-09T10:15:00;0.0;0;6050000.0;0.0;0.0;6050000.0;1057532;Bienes y Servicios;61.607.600-0;Servicio Público;Av. Juan Mackenna N°825, Edificio Plaza Sur;* ;Región de los Lagos ;Lesly Andrea Díaz Aburto;Administrativo;;1589609;LUZ ELIANA;76.796.544-3;EDUCACION;CERVANTES 1679;Osorno;Región de los Lagos ;LUZ ELIANA LONCON MARQUEZ;DIRECTORA;;CONTRATACION SERVICIO DE ADMINISTRACION DEL BENEFICIO DE SALA CUNA PARA HIJOS/AS FUNCIONARIOS DEPENDIENTES DEL S.S.O., AÑO 2024.  NOTA: NO SE PODRA EMITIR FACTURA SIN PREVIA RECEPCION CONFORME A OC / FACTURA DEBE SEÑALAR OC ASOCIADA /  SE DEBEN ENVIAR DOCUMENTOS MERCANTILES EN ARVHIVO XLMS O PDF AL SIGUIENTE CORREO:dipresrecepcion@custodium.com
1057532-43-SE25;ORDEN DE COMPRA DESDE 1057532-112-LP24;6;Aceptada;1057532-112-LP24;SE;CLP;;2;12;CL;2025-01-13T08:53:43.167;2025-01-13T10:58:15.36;2025-01-17T12:42:43.15;;2025-01-13T09:00:00;0.0;0;85322880.0;19.0;16211347.0;101534227.0;1057532;Bienes y Servicios;61.607.600-0;Servicio Público;Av. Juan Mackenna N°825, Edificio Plaza Sur;Osorno;Región de los Lagos ;Rubén Uribe;Administrativo;;1865435;SERVICIOS DE FABRICACION  MANTECION REPARACION EN CONSTRUCCION Y OBRAS CIVILES SPA;77.590.007-5;OTRAS INSTALACIONES PARA OBRAS DE CONSTRUCCION;LOS LAURELES 1358 CARLOS FOLLERT;Osorno;Región de los Lagos ; ;;;NOTA:NO SE PODRA EMITIR FACTURA SIN PREVIA RECEPCION CONFORME A OC / FACTURA DEBE SEÑALAR OC ASOCIADA / SE DEBEN ENVIAR DOCUMENTOS MERCANTILES EN ARCHIVO XLMS O PDF AL SIGUIENTE CORREO, dipresrecepcion@custodium.com
1057532-33-SE25;TD Soporte y Mantenimiento /Cuota 24;12;Recepción Conforme;;SE;CLP;;2;22;CL;2025-01-09T14:34:55.33;2025-01-10T09:53:17.363;2025-01-14T09:32:47.533;;2025-01-10T08:51:00;0.0;0;564725.0;19.0;107298.0;672023.0;1057532;Bienes y Servicios;61.607.600-0;Servicio Público;Av. Juan Mackenna N°825, Edificio Plaza Sur;Osorno;Región de los Lagos ;Ivan Vargas Ojeda;Comprador Administrativo;;33151;BIOSUB LTDA.;78.662.650-1;VENTA AL POR MENOR DE OTROS PRODUCTOS EN PEQUENOS;Manuel Rodriguez 245-A;Puerto Montt;Región de los Lagos ;Aram Mutis W. Aram Mutis W.;DUEÑO;;De Trato directo aprobado por resolución adjunta N° 1669 del 03 de febrero del 2023. O/C TD 1057532-158-SE23// Cuota 24.  NOTA: NO SE PODRÁ EMITIR FACTURA SIN PREVIA RECEPCIÓN CONFORME DE O/C. //LA FACTURA DEBE INDICAR EL NÚMERO DE O/C ASOCIADA. DEBERAN: ENVIAR LOS DOCUMENTOS MERCANTILES EN ARCHIVO XLMS Y PDF AL CORREO   dipresrecepcion@custodium.com
1057532-59-AG25;F1-681 Insumos enfermeria SAFU//compra ágil: 1057532-18-COT25;12;Recepción Conforme;;AG;CLP;;2;7;Other;2025-01-14T16:31:31.11;2025-01-15T09:29:20.203;2025-01-15T13:35:25.64;;2025-01-14T16:47:00;0.0;0;30000.0;19.0;5700.0;35700.0;1057532;Bienes y Servicios;61.607.600-0;Servicio Público;;Osorno;Región de los Lagos ;JACQUELINE OYARZUN ALVAREZ;Comprador administrativo;;1798212;COMERCIAL GBG SPA;77.316.253-0;VENTA AL POR MAYOR DE PRODUCTOS FARMACEUTICOS Y MEDICINALES;LOS VALLES N° 225;Pudahuel;Región Metropolitana de Santiago;GERMAN BEHNKE;GERENTE, VENDEDORES;;F.S.C. N°681 Adquisición de Insumos de enfermería SAFU//Orden de Compra N°1057532-59-AG25 dirigida a COMERCIAL GBG SPA.  Nota: No se podrá emitir factura sin previa recepción conforme de O/C. La factura debe indicar el Número de O/C asociada, de acuerdo Ley 20.727 de Enero del 2014.  Enviar los documentos mercantiles en archivo xlms y pdf al correo dipresrecepcion@custodium.com
1057532-53-SE25;DSSO Rodriguez/Convenio Suministro/ID 1057532-86-LE24.;12;Recepción Conforme;1057532-86-LE24;SE;CLP;;2;7;CL;2025-01-14T08:48:09.717;2025-01-14T12:38:06.417;2025-01-14T14:41:05.807;;2025-01-14T09:32:00;4.4222222222222225;18;2122000.0;0.0;0.0;1992000.0;1057532;Bienes y Servicios;61.607.600-0;Servicio Público;Av. Juan Mackenna N°825, Edificio Plaza Sur;Osorno;Región de los Lagos ;JACQUELINE OYARZUN ALVAREZ;Comprador administrativo;;24467;COOP AGRICOLA Y DE SERVICIOS LIMITADA;82.392.600-6;CRIA DE GANADO PARA PRODUCCION DE CARNE, O COMO GA;M RODRIGUEZ 1040;Osorno;Región de los Lagos ;Cristopher  Vidal Labbé;Analista de Ventas y Chilecompra;;CONVENIO SUMINISTRO PETROLEO DIESEL PARA CALDERAS DE DISPOSITIVOS DEPENDIENTES DEL SERVICIO DE SALUD OSORNO DE ENERO A DICIEMBRE 2025 ID 1057532-86-LE24//Según lo solicitado en correo electrónico del 13.01.2025.   Nota: No se podrá emitir factura sin previa recepción conforme de O/C. La factura debe indicar el Número de O/C asociada, de acuerdo Ley 20.727 de Enero del 2014.  Enviar los documentos mercantiles en archivo xlms y pdf al correo dipresrecepcion@custodium.com
1077241-188-AG24;FSC N°1 Int. 634_2024_Cuadernillo de Salud - C. Agil N°1077241-115-COT24;12;Recepción Conforme;;AG;CLP;4671;2;7;Other;2024-11-20T12:20:14.583;2024-11-20T15:00:08.137;2024-11-21T12:33:17.617;;2024-11-20T14:58:00;0.0;0;249000.0;19.0;47310.0;296310.0;1077241;Administración de Fondos;61.607.600-0;Servicio Público;;Osorno;Región de los Lagos ;Cecilia Garay Lemuy;;;1828808;IMPRESOS P&V LIMITADA;77.566.418-5;IMPRESION DE LIBROS;EL PINAR N° 205;San Joaquín;Región Metropolitana de Santiago; ;;;"FSC N°1 Int. 634_2024_100 Cuadernillo de Salud ""Programa es Cuidadarte"" - C. Agil N°1077241-115-COT24, para la entrega en Poli Oncologia HBSJO // NOTA: No se podrá emitir factura sin previa recepción conforme de O/C. La factura debe indicar el Número de O/C asociada. Enviar los documentos mercantiles en archivo xlms y pdf al correo dipresrecepcion@custopdium.com."
1057532-57-SE25;Convenio EKG/Enero a Diciembre 2024/APS;6;Aceptada;1057532-105-LR23;SE;CLP;;2;7;CL;2025-01-14T10:22:54.557;2025-01-15T11:29:04.003;2025-01-20T14:17:49.123;;2025-01-14T10:39:00;0.0;0;444.0;19.0;84.0;528.0;1057532;Bienes y Servicios;61.607.600-0;Servicio Público;Av. Juan Mackenna N°825, Edificio Plaza Sur;Osorno;Región de los Lagos ;JUAN FELIPE ROJEL HUENTRO;PROFESIONAL DE APOYO;;1150223;INSTITUTO DE SALUD Y TECNOLOGIA DE CHILE LIMITADA;76.077.047-7;OTROS PROFESIONALES DE LA SALUD| OTRAS ACTIVIDADES;Diagonal Paraguay 481, Oficina 48;Santiago Centro;Región Metropolitana de Santiago;Cristian Vidal;Jefe Post venta y Soporte;;ID 1057532-105-LR23, Convenio Servicio Arriendo e Informes Tele electrocardiografía a distancias para los establecimientos de salud de la red de APS de la provincia de Osorno , año 2024-2025. // Correo solicitud emisión OC mes Enero a Diciembre 2024.    Nota: No se podrá emitir factura sin previa recepción conforme de O/C. La factura debe indicar el Número de O/C asociada, de acuerdo Ley 20.727 de Enero del 2014.  Enviar los documentos mercantiles en archivo xlms y pdf al correo dipresrecepcion@custodium.com
1057532-55-SE25;Convenio EKG/ Enero a Diciembre 2024/PRAIS;6;Aceptada;1057532-105-LR23;SE;CLP;;2;7;CL;2025-01-14T10:04:01.58;2025-01-15T11:27:14.94;2025-01-20T13:30:34.07;;2025-01-14T10:42:00;0.0;0;10.0;19.0;2.0;12.0;1057532;Bienes y Servicios;61.607.600-0;Servicio Público;Av. Juan Mackenna N°825, Edificio Plaza Sur;Osorno;Región de los Lagos ;JUAN FELIPE ROJEL HUENTRO;PROFESIONAL DE APOYO;;1150223;INSTITUTO DE SALUD Y TECNOLOGIA DE CHILE LIMITADA;76.077.047-7;OTROS PROFESIONALES DE LA SALUD| OTRAS ACTIVIDADES;Diagonal Paraguay 481, Oficina 48;Santiago Centro;Región Metropolitana de Santiago;Cristian Vidal;Jefe Post venta y Soporte;;ID 1057532-105-LR23 CONVENIO SERVICIOS ARRIENDO E INFORMES TELE ELECTROCARDIOGRAFIA A DISTANCIAS PARA LOS ESTABLECIMIENTOS DE SALUD DE LA RED DE APS DE LA PROVINCIA DE OSORNO AÑO 2024-2025.//Correo electrónico de solicitud emisión de O/C Enero a Diciembre 2024    Nota: No se podrá emitir factura sin previa recepción conforme de O/C. La factura debe indicar el Número de O/C asociada, de acuerdo Ley 20.727 de Enero del 2014.  Enviar los documentos mercantiles en archivo xlms y pdf al correo dipresrecepcion@custodium.com
1057532-45-SE25;CC-RUA/Servicio de Alimentación Kümelen/ Diciembre;12;Recepción Conforme;1057532-103-LP23;SE;CLP;;2;7;CL;2025-01-13T12:46:30.73;2025-01-13T15:55:20.063;2025-01-21T11:25:21.28;;2025-01-13T12:52:00;0.0;0;1618904.0;19.0;307592.0;1926496.0;1057532;Bienes y Servicios;61.607.600-0;Servicio Público;Av. Juan Mackenna N°825, Edificio Plaza Sur;Osorno;Región de los Lagos ;Alicia Vidal Paredes;Comprador Administrativo;;1653039;YERKO GUSTAVO PÉREZ SUBIABRE;15.644.826-5;Comida al paso;Francisco Bilbao 1207;Osorno;Región de los Lagos ;Yerko Gustavo  Perez Subiabre;Dueño ;;NOTA: NO SE PODRÁ EMITIR FACTURA SIN PREVIA RECEPCIÓN CONFORME DE O/C. //LA FACTURA DEBE INDICAR EL NÚMERO DE O/C ASOCIADA. DEBERAN: ENVIAR LOS DOCUMENTOS MERCANTILES EN ARCHIVO XLMS Y PDF AL CORREO dipresrecepcion@custodium.com
1057532-51-SE25;Insumos Hospital Purranque;12;Recepción Conforme;1057532-48-LP24;SE;CLP;;2;7;CL;2025-01-13T15:21:45.493;2025-01-13T16:25:07.733;2025-01-13T17:11:32.457;;2025-01-13T15:28:00;4.9818181818181815;11;1304000.0;19.0;247760.0;1551760.0;1057532;Bienes y Servicios;61.607.600-0;Servicio Público;Av. Juan Mackenna N°825, Edificio Plaza Sur;Osorno;Región de los Lagos ;Rubén Uribe;Administrativo;;22062;VALTEK  S.A.;79.568.850-1;FABRICACION DE OTROS PRODUCTOS QUIMICOS N.C.P.| VE;Av. Marathón 1943;Ñuñoa;Región Metropolitana de Santiago;Erick Pastén;Analista de Mercado Público;;Convenio de Suministro Kit POC y análisis sanguine DESDE 1057532-48-LP24  Pedido Hospital de Purranque.    Hospital Purranque: Calle 21 de Mayo N°468, Purranque.  At.: Héctor Astudillo Salas – Jefe de Laboratorio      NOTA: No se podrá emitir factura sin previa recepción conforme de O/C. La factura debe indicar el Número de O/C asociada. Enviar los documentos mercantiles en archivo xlms y pdf al correo dipresrecepcion@custopdium.com.
1057532-15-SE25;8 Cupos Hogar Protegido Hombres / Dic 2024;12;Recepción Conforme;1057532-131-LP23;SE;CLP;;2;22;CL;2025-01-07T12:07:47.783;2025-01-07T12:26:33.087;2025-01-09T20:07:40.907;;2025-01-07T12:13:00;0.0;0;7379829.0;0.0;0.0;7379829.0;1057532;Bienes y Servicios;61.607.600-0;Servicio Público;Av. Juan Mackenna N°825, Edificio Plaza Sur;* ;Región de los Lagos ;PAULINA NICOLE LONCOPAN CARRILLO;PROFESIONAL APOYO;;111112;AMORE;65.129.460-6;OTRAS ACTIVIDADES EMPRESARIALES RELACIONADAS CON L;Ayacucho esq. Caracas s/n;Osorno;Región de los Lagos ;Roxana   Ríos Aburto;Representante Legal de la Agrupación AMORE;;Adquisición 8 cupos Día Hogar Protegido para hombres para el Servicio de Salud Osorno en la Provincia de Osorno” (RES EXENTA N°17422/29.12.2023)    Nota: No se podrá emitir factura sin previa recepción conforme de O/C. La factura debe indicar el número de O/C asociada. Enviar factura en archivo xlms y pdf al correo dipresrecepcion@custodium.com.
1057532-44-AG25;F3-146//“CONVENIO DE ALIMENTOS PERECIBLES PARA COMUNIDAD TERAPEUTICA PEULLA AÑO 2025”;12;Recepción Conforme;;AG;CLP;;2;7;Other;2025-01-13T10:20:23.35;2025-01-13T10:30:10.477;2025-01-13T11:21:03.95;;2025-01-13T10:27:00;0.0;0;677100.0;19.0;128649.0;805749.0;1057532;Bienes y Servicios;61.607.600-0;Servicio Público;;Osorno;Región de los Lagos ;Alicia Vidal Paredes;Comprador Administrativo;;1492725;Owatch Servicios Integrales;76.585.252-8;Servicios Generales;Lautaro 089;Fresia;Región de los Lagos ;Claudio Andres  Pincheira Moran;Sales Manger;;Orden de Compra codigo: 1057532-44-AG25 dirigida a Marketing & Eventos Claudio Andres Pincheira Moran//Orden de Compra generada por invitación a compra ágil: 1057532-19-COT25//NOTA: NO SE PODRÁ EMITIR FACTURA SIN PREVIA RECEPCIÓN CONFORME DE O/C. //LA FACTURA DEBE INDICAR EL NÚMERO DE O/C ASOCIADA. DEBERAN: ENVIAR LOS DOCUMENTOS MERCANTILES EN ARCHIVO XLMS Y PDF AL CORREO dipresrecepcion@custodium.com
1057727-50-AG24;Vistiendonos de nuestro Folclore Telas;12;Recepción Conforme;;AG;CLP;49;2;7;Other;2024-09-25T09:15:07.57;2024-09-25T15:59:52.467;2024-09-25T17:47:26.193;;2024-09-25T15:59:00;0.0;0;377700.0;19.0;71763.0;449463.0;1057727;Bienestar;61.607.600-0;Servicio Público;;Osorno;Región de los Lagos ;ALEJANDRA NICOLE ALMONACID LEVINIERE;PROFESIONAL HPU;;240663;JOSÉ ALFREDO BAEZ CASTRO;8.977.390-3;CRIA DE GANADO PARA PRODUCCION DE CARNE, O COMO GANADO REPRODUCTOR| OTROS PRODUCTOS EN PEQUENOS ALMACENES NO ESPECIALIZADOS| COMERCIO POR MENOR TEXTILES PARA EL HOGAR Y OTROS PROD. TEXT. N.C.P.;Esmeralda 1295;Río Bueno;Región de Los Ríos;Jose   baez castro;dueño;;Orden de Compra codigo: 1057727-50-AG24 dirigida a JOSÉ ALFREDO BAEZ CASTRO.  *Favor aceptar OC en portal antes de emitir factura, completar en campo 801 el número de OC en factura y enviar factura a casilla dipresrecepcion@custodium.com antes de 48 horas de emitida.  *Indicar en factura número de cuenta bancaría para el pago.  * Si el producto fue facturado y la factura al día 8 de emitida esta no ha llegado al hospital, la factura será rechaza en sistema acepta
1057532-36-SE25;CC-IVO/Mantención Correctiva Aire Acondicionado Cosam Rahue;12;Recepción Conforme;1057532-91-LE23;SE;CLP;;2;22;CL;2025-01-09T15:37:17.56;2025-01-10T09:53:00.143;2025-01-12T20:49:47.493;;2025-01-09T15:55:00;0.0;0;580000.0;19.0;110200.0;690200.0;1057532;Bienes y Servicios;61.607.600-0;Servicio Público;Av. Juan Mackenna N°825, Edificio Plaza Sur;* ;Región de los Lagos ;Ivan Vargas Ojeda;Comprador Administrativo;;1739484;SERVICIOS Y ADQUISICIONES  DURAN SPA;77.143.365-0;INSTALACIONES ELECTRICAS;Arlegui 440 OF 910;Viña del Mar;Región de Valparaíso ; ;;;MANTENCION DE AIRE ACONDICIONADO DEL SERVICIO DE SALUD OSORNO PERIODO 2024-2025 DESDE 1057532-91-LE23, MANTENCION CORRECTIVA , LP 1057532-91-LE23 (COSAM RAHUE).NOTA:NO SE PODRA EMITIR FACTURA SIN PREVIA RECEPCION CONFORME A OC / FACTURA DEBE SEÑALAR OC ASOCIADA / SE DEBEN ENVIAR DOCUMENTOS MERCANTILES EN ARCHIVO XLMS O PDF AL SIGUIENTE CORREO, dipresrecepcion@custodium.com
1077241-58-SE24;Servicio de movilización equipo profesionales de Ruta Médica para Personas en Situación de Calle, proveniente de licitación ID N°1077241-15-L124;12;Recepción Conforme;1077241-15-L124;SE;CLP;;2;22;CL;2024-08-02T16:10:00.803;2024-08-02T16:19:57.82;2024-08-02T16:51:14.307;;2024-08-02T16:17:00;0.0;0;5740000.0;0.0;0.0;5740000.0;1077241;Administración de Fondos;61.607.600-0;Servicio Público;Av. Juan Mackenna N°825, Edificio Plaza Sur;Osorno;Región de los Lagos ;JUAN FELIPE ROJEL HUENTRO;PROFESIONAL DE APOYO;;1424458;JUAN EDGARDO ÁLVAREZ QUEULO;10.116.752-6;arriendo de vehiculos;los maitenes 2373, eleutrio ramirez;Osorno;Región de los Lagos ;Juan Edgardo Alvarez Queulo;Dueño;;Servicio de movilización equipo profesionales de Ruta Médica para Personas en Situación de Calle, proveniente de licitación ID N°1077241-15-L124, aprobado por Resolución Exenta N°11400/02.08.2024     Nota: No se podrá emitir factura sin previa recepción conforme de O/C. La factura debe indicar el número de O/C asociada. Enviar factura en archivo xlms y pdf al correo dipresrecepcion@custodium.com
1057532-30-CM25;F2-321/ADQUISICION DE INSUMOS DENTALES UNIDAD SAFU;12;Recepción Conforme;;CM;CLP;;2;12;CL;2025-01-09T10:06:37.38;2025-01-09T10:40:22.877;2025-01-14T14:58:37.753;;2025-01-09T10:38:00;3.6823529411764704;17;571535.0;19.0;112582.0;705117.0;1057532;Bienes y Servicios;61.607.600-0;Servicio Público;Av. Juan Mackenna N°825, Edificio Plaza Sur;Osorno;Región de los Lagos ;Ivan Vargas Ojeda;;;69059;COMERCIAL EXPRESS DENT LIMITADA;78.378.160-3;VENTA AL POR MAYOR DE OTROS PRODUCTOS N.C.P.| VENTA AL POR MENOR DE OTROS PRODUCTOS EN PEQUENOS ALMACENES NO ESPECIA| VENTAS AL POR MENOR DE OTROS PRODUCTOS EN ALMACENES ESPECIALIZADOS N.C| ALQUILER DE OTROS TIPOS DE MAQUINARIAS Y EQUIPOS N.C.P.| INSTITUT;Av. Presidente Errazuriz 4335 - Las Condes;;;;Contacto;;Nota: No se podrá emitir factura sin previa recepción conforme de O/C. La factura debe indicar el número de O/C asociada. Enviar factura en archivo xlms y pdf al correo dipresrecepcion@custodium.com.
1057532-47-SE25;Movilización Ayekan / Diciembre 2024;12;Recepción Conforme;1057532-3-LE24;SE;CLP;137;2;22;CL;2025-01-13T14:26:04.15;2025-01-14T09:10:59.793;2025-01-14T09:43:36.58;;2025-01-14T09:05:00;0.0;0;1785000.0;0.0;0.0;1785000.0;1057532;Bienes y Servicios;61.607.600-0;Servicio Público;Av. Juan Mackenna N°825, Edificio Plaza Sur;Osorno;Región de los Lagos ;Bastian Miranda Coronado;PROFESIONAL;;62282;SOC COMERCIAL OASIS LIMITADA;79.554.260-4;SERVICIOS DE TRANSPORTE A TURISTAS| AGENCIAS Y OR;OHiggins # 779;Osorno;Región de los Lagos ;Luis R. Costa Bahamonde Luis R. Costa Bahamonde;Representante Legal;;Convenio de Servicios de Movilización AYEKAN Mes Diciembre 2024.  NOTA:NO SE PODRA EMITIR FACTURA SIN PREVIA RECEPCION CONFORME A OC / FACTURA DEBE SEÑALAR OC ASOCIADA / SE DEBEN ENVIAR DOCUMENTOS MERCANTILES EN ARCHIVO XLMS O PDF AL SIGUIENTE CORREO, dipresrecepcion@custodium.com
1057532-63-SE25;F3-118 / MANTENCIÓN CORRECTIVA AMBULANCIA MERCEDES BENZ SPRINTER. PPU: JB.CY-47 DE DOTACION DE LA BASE SAMU OSORNO // OT 204713504;12;Recepción Conforme;1057532-101-LQ24;SE;CLP;168;2;22;CL;2025-01-15T09:51:54.33;2025-01-15T11:10:52.71;2025-01-17T10:02:56.317;;2025-01-15T11:07:00;4.0;44;259391.0;19.0;49284.0;308675.0;1057532;Bienes y Servicios;61.607.600-0;Servicio Público;Av. Juan Mackenna N°825, Edificio Plaza Sur;Osorno;Región de los Lagos ;Bastian Miranda Coronado;PROFESIONAL;;26855;KAUFMANN S A VEHICULOS MOTORIZADOS;92.475.000-6;VENTA AL POR MAYOR DE VEHICULOS AUTOMOTORES (IMPOR;Sebastopol # 2205, Parque Industrial Anticura;Ancud;Región de los Lagos ;Eduardo  Mansilla (Servicio);Jefe Taller;;"F3-118/SECCION DE MANTENIMIENTO DE VEHICULOS.  Orden de Compra desde Licitación 1057532-101-LQ24:""CONVENIO DE SERVICIOS DE MANTENCION PREVENTIVA, CORRECTIVA Y/O REPARATIVA VEHICULOS MERCEDES BENZ DE LA DIRECCION DEL SSO Y HOSPITALES DEPENDIENTES.  NOTA: No se podrá emitir factura sin previa recepción conforme de O/C. La factura debe indicar el Número de O/C asociada. Enviar los documentos mercantiles en archivo xlms y pdf al correo dipresrecepcion@custopdium.com."
1057532-46-SE25;Arriendo Catres Clínicos/cuota 2 de 12;12;Recepción Conforme;1057532-69-LE24;SE;CLP;;2;12;CL;2025-01-13T14:23:37.817;2025-01-13T16:00:55.2;2025-01-13T17:35:30.513;;2025-01-13T14:37:00;4.109090909090909;33;2224074.0;19.0;422574.0;2646648.0;1057532;Bienes y Servicios;61.607.600-0;Servicio Público;Av. Juan Mackenna N°825, Edificio Plaza Sur;Osorno;Región de los Lagos ;Rubén Uribe;Administrativo;;39998;DROGUERIA HOFMANN SAC;92.288.000-k;VENTA AL POR MAYOR DE PRODUCTOS QUIMICOS| VENTA AL;LOS GOBELINOS N° 2507;Renca;Región Metropolitana de Santiago;CLAUDIA ZAMORANO;LICITACIONES;;NOTA: No se podrá emitir Factura sin previa Recepción Conforme de la OC./ La factura debe indicar N° de OC asociada. Enviar los  documentos mercantiles en archivo xlms y pdf al correo dipresrecepcion@custodium.com
1057532-850-SE24;ID 1057532-35-L124 Actualización y Reformulación Proy. Climatiz y Elect. Mejoramiento H. Rio Negro;12;Recepción Conforme;1057532-35-L124;SE;CLP;2021;2;22;CL;2024-05-30T11:42:02.61;2024-05-30T14:28:05.917;2024-05-31T11:22:49.277;;2024-05-30T12:17:00;0.0;0;4000000.0;19.0;760000.0;4760000.0;1057532;Bienes y Servicios;61.607.600-0;Servicio Público;Av. Juan Mackenna N°825, Edificio Plaza Sur;Osorno;Región de los Lagos ;Cecilia Garay Lemuy;;;1778387;SYS INGENIERÍA SPA;77.389.867-7;CONSTRUCCION DE OTRAS OBRAS DE INGENIERIA CIVIL;LT 6 -G COLLICO N° No hay Dato;Los Lagos;Región de Los Ríos; ;;;ID 1057532-35-L124 Consultoría para la Actualización y Reformulación Proyecto de Climatización y Electricidad Mejoramiento Hospital Rio Negro. NOTA:  NO SE PODRÁ EMITIR FACTURA SIN PREVIA RECEPCIÓN CONFORME DE O/C LAS FACTURAS DEBEN INDICAR Nº O/C ASOCIADA Ley 20.727 del Enero 2014 Enviar los documentos mercantiles en archivo xlms y pdf al correo dipresrecepcion@custodium.com
1057532-75-SE25;CC-RUA/Servicio Reloj Control/DSSO Diciembre 2024;12;Recepción Conforme;1057532-8-LP24;SE;CLP;;2;7;CL;2025-01-17T07:33:05.24;2025-01-17T12:30:39.467;2025-01-17T15:24:23.26;;2025-01-17T07:55:00;3.6333333333333333;6;484374.0;19.0;92031.0;576405.0;1057532;Bienes y Servicios;61.607.600-0;Servicio Público;Av. Juan Mackenna N°825, Edificio Plaza Sur;Osorno;Región de los Lagos ;Rubén Uribe;Administrativo;;81899;PRODUCTORA DE TARJETAS DE IDENTIFICACION E-MACH CARD LIMITADA;77.500.240-9;OTRAS ACTIVIDADES DE EDICION| VENTA AL POR MENOR D;Fanor Velasco #85, Esquina Moneda, Piso 11;Concepción;Región del Biobío ;Paul Stengel Pinto  Stengel;Gerente General;;"“SERVICIO DE REGISTRO DE INFORMACIÓN DE CONTROL DE ASISTENCIA RELOJ CONTROL BIOMETRICO PARA EL SERVICIO DE SALUD OSORNO Y SUS ESTABLECIMIENTOS DEPENDIENTES, POR 36 MESES""..NOTA: No se podrá emitir factura sin previa recepción conforme de O/C. La factura debe indicar el Número de O/C asociada. Enviar los documentos mercantiles en archivo xlms y pdf al correo dipresrecepcion@custodium.com."
1057532-76-SE25;CC-RUA//Servicio Reloj Control/SAMU/Diciembre 2024;12;Recepción Conforme;1057532-8-LP24;SE;CLP;;2;7;CL;2025-01-17T07:36:10.87;2025-01-17T12:30:50.153;2025-01-17T15:24:42.993;;2025-01-17T08:05:00;3.6333333333333333;6;80729.0;19.0;15339.0;96068.0;1057532;Bienes y Servicios;61.607.600-0;Servicio Público;Av. Juan Mackenna N°825, Edificio Plaza Sur;Osorno;Región de los Lagos ;Rubén Uribe;Administrativo;;81899;PRODUCTORA DE TARJETAS DE IDENTIFICACION E-MACH CARD LIMITADA;77.500.240-9;OTRAS ACTIVIDADES DE EDICION| VENTA AL POR MENOR D;Fanor Velasco #85, Esquina Moneda, Piso 11;Concepción;Región del Biobío ;Paul Stengel Pinto  Stengel;Gerente General;;"“SERVICIO DE REGISTRO DE INFORMACIÓN DE CONTROL DE ASISTENCIA RELOJ CONTROL BIOMETRICO PARA EL SERVICIO DE SALUD OSORNO Y SUS ESTABLECIMIENTOS DEPENDIENTES, POR 36 MESES""..NOTA: No se podrá emitir factura sin previa recepción conforme de O/C. La factura debe indicar el Número de O/C asociada. Enviar los documentos mercantiles en archivo xlms y pdf al correo dipresrecepcion@custodium.com."
1057532-1-AG25;F1-664 Orden de Compra generada por invitación a compra ágil: 1057532-897-COT24;12;Recepción Conforme;;AG;CLP;;2;7;Other;2025-01-02T08:22:04.31;2025-01-02T09:18:58.61;2025-01-02T21:13:23.25;;2025-01-02T09:11:00;0.0;0;168387.0;19.0;31994.0;200381.0;1057532;Bienes y Servicios;61.607.600-0;Servicio Público;;Osorno;Región de los Lagos ;Miguel Aro;Administrativo;;1703583;DISTRIBUIDORA BLUE SPA;77.083.053-2;Articulos de libreria y oficina;A CIFUENTES 701 N° No hay Dato;San Felipe;Región de Valparaíso ;Javiera Leiva Silva;Gerente Comercial;;Orden de Compra codigo: 1057532-1-AG25 dirigida a DISTRIBUIDORA BLUE SPA  NOTA: No se podrá emitir factura sin previa recepción conforme de O/C. La factura debe indicar el Número de O/C asociada.  Enviar los documentos mercantiles en archivo xlms y pdf al correo dipresrecepcion@custodium.com.  FOLIO N° 664 / DEPTO DE PROYECTOS.
1077241-3-SE25;JFR/Convenio Movilización Refuerzo Atención Domicilaria / Diciembre 2024;12;Recepción Conforme;1077241-9-LE24;SE;CLP;;2;22;CL;2025-01-21T10:28:38.467;2025-01-21T12:32:36.42;2025-01-21T13:58:11.237;;2025-01-21T10:40:00;0.0;0;2438000.0;0.0;0.0;2438000.0;1077241;Administración de Fondos;61.607.600-0;Servicio Público;Av. Juan Mackenna N°825, Edificio Plaza Sur;Osorno;Región de los Lagos ;JUAN FELIPE ROJEL HUENTRO;PROFESIONAL DE APOYO;;1424458;JUAN EDGARDO ÁLVAREZ QUEULO;10.116.752-6;arriendo de vehiculos;los maitenes 2373, eleutrio ramirez;Osorno;Región de los Lagos ;Juan Edgardo Alvarez Queulo;Dueño;;Convenio Servicio de Movilización por 08 meses DESDE 1077241-9-LE24.   Nota: No se podrá emitir factura sin previa recepción conforme de O/C. La factura debe indicar el número de O/C asociada. Enviar factura en archivo xlms y pdf al correo dipresrecepcion@custodium.com
1057532-1079-CM24;F3-79//Insumos de Aseo para Stock de bodega general para SSO y Dispositivos;12;Recepción Conforme;;CM;CLP;;2;12;CL;2024-07-03T15:10:25.68;2024-07-03T16:03:38.407;2024-07-03T17:00:28.413;;2024-07-03T16:02:00;0.0;0;38755512.0;19.0;7363547.0;46119059.0;1057532;Bienes y Servicios;61.607.600-0;Servicio Público;Av. Juan Mackenna N°825, Edificio Plaza Sur;Osorno;Región de los Lagos ;Alicia Vidal Paredes;;;20519;SOCIEDAD COMERCIAL OFIMASTER  SPA;78.307.160-6;Distribucion de Articulos de Aseo y de Oficina;Lord Cochranne 627;;;;Contacto;;Orden de Compra codigo: 1057532-1079-CM24 dirigida a SOCIEDAD COMERCIAL OFIMASTER  SPA
1057532-636-SE24;F3-030 ARRIENDO DE VEHÍCULOS SIN CONDUCTOR PARA CONDUCCIÓN DE FUNCIONARIOS DE LA SUBDIRECCIÓN ADMINISTRATIVA DEL SERVICIO DE SALUD OSORNO;12;Recepción Conforme;1057532-31-LE24;SE;CLP;;2;22;CL;2024-04-26T12:39:04.657;2024-04-26T14:40:36.78;2024-04-26T15:37:33.837;;2024-04-26T12:58:00;0.0;0;5625000.0;19.0;1068750.0;6693750.0;1057532;Bienes y Servicios;61.607.600-0;Servicio Público;Av. Juan Mackenna N°825, Edificio Plaza Sur;Osorno;Región de los Lagos ;JUAN FELIPE ROJEL HUENTRO;PROFESIONAL DE APOYO;;1736289;"BARRÍA &amp; MEDINA TRANSPORTES LIMITADA";77.172.073-0;SERVICIOS DE TRANSPORTE DE ESCOLARES;Del Salvador 587;Puerto Varas;Región de los Lagos ;Pablo Barria;Representante Legal;;ARRIENDO DE VEHÍCULOS SIN CONDUCTOR DE ABRIL A DICIEMBRE 2024 DESDE 1057532-31-LE24.     Nota: No se podrá emitir factura sin previa recepción conforme de O/C. La factura debe indicar el número de O/C asociada. Enviar factura en archivo xlms y pdf al correo dipresrecepcion@custodium.com
1057532-80-SE25;CC-RUA/Servicio Reloj Control COSAM ORIENTE/Diciembre 2024;12;Recepción Conforme;1057532-8-LP24;SE;CLP;5144;2;7;CL;2025-01-17T07:39:57.617;2025-01-17T12:31:32.27;2025-01-17T15:25:57.017;;2025-01-17T08:30:00;3.6333333333333333;6;80729.0;19.0;15339.0;96068.0;1057532;Bienes y Servicios;61.607.600-0;Servicio Público;Av. Juan Mackenna N°825, Edificio Plaza Sur;Osorno;Región de los Lagos ;Rubén Uribe;Administrativo;;81899;PRODUCTORA DE TARJETAS DE IDENTIFICACION E-MACH CARD LIMITADA;77.500.240-9;OTRAS ACTIVIDADES DE EDICION| VENTA AL POR MENOR D;Fanor Velasco #85, Esquina Moneda, Piso 11;Concepción;Región del Biobío ;Paul Stengel Pinto  Stengel;Gerente General;;"“SERVICIO DE REGISTRO DE INFORMACIÓN DE CONTROL DE ASISTENCIA RELOJ CONTROL BIOMETRICO PARA EL SERVICIO DE SALUD OSORNO Y SUS ESTABLECIMIENTOS DEPENDIENTES, POR 36 MESES""..NOTA: No se podrá emitir factura sin previa recepción conforme de O/C. La factura debe indicar el Número de O/C asociada. Enviar los documentos mercantiles en archivo xlms y pdf al correo dipresrecepcion@custodium.com."
1057532-32-AG25;F2-395/ADQUISICION DE LINTERNAS FRONTALES CON CINTILLO / BASE SAMU;12;Recepción Conforme;;AG;CLP;42;2;7;Other;2025-01-09T12:46:04.757;2025-01-10T15:57:20.64;2025-01-13T10:35:51.6;;2025-01-09T13:10:00;0.0;0;196200.0;19.0;37278.0;233478.0;1057532;Bienes y Servicios;61.607.600-0;Servicio Público;;Osorno;Región de los Lagos ;Bastian Miranda Coronado;PROFESIONAL;;1822480;MANÁ PRODUCTOS Y SERVICIOS SPA;77.579.171-3;VENTA AL POR MENOR DE ARTICULOS DE PAPELERIA Y ESCRITORIO EN COMERCIOS;PROVIDENCIA 1017 OF 41 N° No hay Dato;Providencia;Región Metropolitana de Santiago; ;;;F2-395 / SAMU - SERVICIO DE ATENCION MEDICO DE URGENCIAS  Orden de Compra codigo: 1057532-32-AG25 dirigida a MANÁ PRODUCTOS Y SERVICIOS SPA  Orden de Compra generada por invitación a compra ágil: 1057532-5-COT25  Justificación selección de cotización menos económica: Proveedor cumple con las EETT´S, las ofertas más económicas no usan pilas o no especifica.
1057532-635-SE24;F3-026 ARRIENDO DE VEHÍCULOS SIN CONDUCTOR PARA CONDUCCIÓN DE FUNCIONARIOS DE LA SUBDIRECCIÓN DE GESTION ASISTENCIAL DEL SERVICIO DE SALUD OSORNO;12;Recepción Conforme;1057532-31-LE24;SE;CLP;;2;22;CL;2024-04-26T12:02:00.467;2024-04-26T14:40:27.987;2024-04-26T15:36:57.03;;2024-04-26T12:58:00;0.0;0;5625000.0;19.0;1068750.0;6693750.0;1057532;Bienes y Servicios;61.607.600-0;Servicio Público;Av. Juan Mackenna N°825, Edificio Plaza Sur;Osorno;Región de los Lagos ;JUAN FELIPE ROJEL HUENTRO;PROFESIONAL DE APOYO;;1736289;"BARRÍA &amp; MEDINA TRANSPORTES LIMITADA";77.172.073-0;SERVICIOS DE TRANSPORTE DE ESCOLARES;Del Salvador 587;Puerto Varas;Región de los Lagos ;Pablo Barria;Representante Legal;;ARRIENDO DE VEHÍCULOS SIN CONDUCTOR DE ABRIL A DICIEMBRE 2024 DESDE 1057532-31-LE24.     Nota: No se podrá emitir factura sin previa recepción conforme de O/C. La factura debe indicar el número de O/C asociada. Enviar factura en archivo xlms y pdf al correo dipresrecepcion@custodium.com
1057532-77-SE25;CC-RUA//Servicio Reloj Control PRAIS/Diciembre 2024;12;Recepción Conforme;1057532-8-LP24;SE;CLP;;2;7;CL;2025-01-17T07:37:22.18;2025-01-17T12:31:02.08;2025-01-17T15:25:01.077;;2025-01-17T08:09:00;3.6333333333333333;6;80729.0;19.0;15339.0;96068.0;1057532;Bienes y Servicios;61.607.600-0;Servicio Público;Av. Juan Mackenna N°825, Edificio Plaza Sur;Osorno;Región de los Lagos ;Rubén Uribe;Administrativo;;81899;PRODUCTORA DE TARJETAS DE IDENTIFICACION E-MACH CARD LIMITADA;77.500.240-9;OTRAS ACTIVIDADES DE EDICION| VENTA AL POR MENOR D;Fanor Velasco #85, Esquina Moneda, Piso 11;Concepción;Región del Biobío ;Paul Stengel Pinto  Stengel;Gerente General;;"“SERVICIO DE REGISTRO DE INFORMACIÓN DE CONTROL DE ASISTENCIA RELOJ CONTROL BIOMETRICO PARA EL SERVICIO DE SALUD OSORNO Y SUS ESTABLECIMIENTOS DEPENDIENTES, POR 36 MESES""..NOTA: No se podrá emitir factura sin previa recepción conforme de O/C. La factura debe indicar el Número de O/C asociada. Enviar los documentos mercantiles en archivo xlms y pdf al correo dipresrecepcion@custodium.com."
1057532-103-SE25;Devolución Retenciones, LP 1057532-58-LR22;6;Aceptada;1057532-58-LR22;SE;CLP;;2;22;CL;2025-01-22T15:50:22.417;2025-01-23T08:29:06.483;2025-01-23T10:34:28.207;;2025-01-22T16:00:00;0.0;0;57059949.0;19.0;10841390.0;67901339.0;1057532;Bienes y Servicios;61.607.600-0;Servicio Público;Av. Juan Mackenna N°825, Edificio Plaza Sur;Osorno;Región de los Lagos ;JUAN FELIPE ROJEL HUENTRO;PROFESIONAL DE APOYO;;1405175;StandarHosue Ltda.;76.295.583-0;CONSTRUCCION DE EDIFICIOS COMPLETOS O DE PARTES DE;lemosin 3155;Osorno;Región de los Lagos ;Antonio Parra;;;Devolución retenciones del contrato de la obra “HABILITACIÓN DE LA UNIDAD DE HOSPITALIZACIÓN DE CUIDADOS INTENSIVOS PSIQUIÁTRICOS (UHCIP) DEL HBSJO”, ID 1057532-58-LR22    Correo de solicitud adjunto de fecha 22-01-2025.
1057532-78-SE25;CC-RUA/Servicio Reloj Control/KUMELEN/Diciembre 2024;12;Recepción Conforme;1057532-8-LP24;SE;CLP;;2;7;CL;2025-01-17T07:38:32.837;2025-01-17T12:31:12.08;2025-01-17T15:25:19.52;;2025-01-17T08:15:00;3.6333333333333333;6;80729.0;19.0;15339.0;96068.0;1057532;Bienes y Servicios;61.607.600-0;Servicio Público;Av. Juan Mackenna N°825, Edificio Plaza Sur;Osorno;Región de los Lagos ;Rubén Uribe;Administrativo;;81899;PRODUCTORA DE TARJETAS DE IDENTIFICACION E-MACH CARD LIMITADA;77.500.240-9;OTRAS ACTIVIDADES DE EDICION| VENTA AL POR MENOR D;Fanor Velasco #85, Esquina Moneda, Piso 11;Concepción;Región del Biobío ;Paul Stengel Pinto  Stengel;Gerente General;;"“SERVICIO DE REGISTRO DE INFORMACIÓN DE CONTROL DE ASISTENCIA RELOJ CONTROL BIOMETRICO PARA EL SERVICIO DE SALUD OSORNO Y SUS ESTABLECIMIENTOS DEPENDIENTES, POR 36 MESES""..NOTA: No se podrá emitir factura sin previa recepción conforme de O/C. La factura debe indicar el Número de O/C asociada. Enviar los documentos mercantiles en archivo xlms y pdf al correo dipresrecepcion@custodium.com."
1057532-81-SE25;CC/RUA/Servicio Reloj Control /COSAM RAHUE/Diciembre 2024;12;Recepción Conforme;1057532-8-LP24;SE;CLP;;2;7;CL;2025-01-17T07:42:13.443;2025-01-17T12:12:55.78;2025-01-17T15:23:58.37;;2025-01-17T08:51:00;3.6333333333333333;6;161458.0;19.0;30677.0;192135.0;1057532;Bienes y Servicios;61.607.600-0;Servicio Público;Av. Juan Mackenna N°825, Edificio Plaza Sur;Osorno;Región de los Lagos ;Rubén Uribe;Administrativo;;81899;PRODUCTORA DE TARJETAS DE IDENTIFICACION E-MACH CARD LIMITADA;77.500.240-9;OTRAS ACTIVIDADES DE EDICION| VENTA AL POR MENOR D;Fanor Velasco #85, Esquina Moneda, Piso 11;Concepción;Región del Biobío ;Paul Stengel Pinto  Stengel;Gerente General;;"“SERVICIO DE REGISTRO DE INFORMACIÓN DE CONTROL DE ASISTENCIA RELOJ CONTROL BIOMETRICO PARA EL SERVICIO DE SALUD OSORNO Y SUS ESTABLECIMIENTOS DEPENDIENTES, POR 36 MESES""..NOTA: No se podrá emitir factura sin previa recepción conforme de O/C. La factura debe indicar el Número de O/C asociada. Enviar los documentos mercantiles en archivo xlms y pdf al correo dipresrecepcion@custodium.com."
1057532-79-SE25;CC-RUA//Servicio Reloj Control PEULLA/Diciembre 2024;12;Recepción Conforme;1057532-8-LP24;SE;CLP;;2;7;CL;2025-01-17T07:39:17.057;2025-01-17T12:31:22.11;2025-01-17T15:25:38.407;;2025-01-17T08:25:00;3.6333333333333333;6;161458.0;19.0;30677.0;192135.0;1057532;Bienes y Servicios;61.607.600-0;Servicio Público;Av. Juan Mackenna N°825, Edificio Plaza Sur;Osorno;Región de los Lagos ;Rubén Uribe;Administrativo;;81899;PRODUCTORA DE TARJETAS DE IDENTIFICACION E-MACH CARD LIMITADA;77.500.240-9;OTRAS ACTIVIDADES DE EDICION| VENTA AL POR MENOR D;Fanor Velasco #85, Esquina Moneda, Piso 11;Concepción;Región del Biobío ;Paul Stengel Pinto  Stengel;Gerente General;;"“SERVICIO DE REGISTRO DE INFORMACIÓN DE CONTROL DE ASISTENCIA RELOJ CONTROL BIOMETRICO PARA EL SERVICIO DE SALUD OSORNO Y SUS ESTABLECIMIENTOS DEPENDIENTES, POR 36 MESES""..NOTA: No se podrá emitir factura sin previa recepción conforme de O/C. La factura debe indicar el Número de O/C asociada. Enviar los documentos mercantiles en archivo xlms y pdf al correo dipresrecepcion@custodium.com."
1057532-83-AG25;F1-674/Adquisición de papeleria para envío de correspondencia// Oficina de Partes;12;Recepción Conforme;;AG;CLP;;2;7;Other;2025-01-20T08:51:06.357;2025-01-20T17:29:31.763;2025-01-21T18:03:32.99;;2025-01-20T08:59:00;4.218181818181818;11;89500.0;19.0;17005.0;106505.0;1057532;Bienes y Servicios;61.607.600-0;Servicio Público;;Osorno;Región de los Lagos ;Alicia Vidal Paredes;Comprador Administrativo;;22219;DISTRIBUIDORA ABSA LIMITADA;79.668.170-5;VENTA AL POR MAYOR DE HUEVOS, LECHE, ABARROTES, Y OTROS ALIMENTOS N.C.| VENTA AL POR MAYOR DE OTROS PRODUCTOS N.C.P.| VENTA AL POR MENOR DE OTROS PRODUCTOS EN PEQUENOS ALMACENES NO ESPECIA| VENTA AL POR MENOR DE APARATOS, ARTICULOS, EQUIPO DE USO DOMESTIC;INDEPENDENCIA N° 1162;Río Bueno;Región de Los Ríos;Berta Aurelia Abdon Sanchez;Repr Legal;;Orden de Compra codigo: 1057532-83-AG25 dirigida a DISTRIBUIDORA ABSA SPA//Orden de Compra generada por invitación a compra ágil: 1057532-22-COT25//NOTA: NO SE PODRÁ EMITIR FACTURA SIN PREVIA RECEPCIÓN CONFORME DE O/C. //LA FACTURA DEBE INDICAR EL NÚMERO DE O/C ASOCIADA. DEBERAN: ENVIAR LOS DOCUMENTOS MERCANTILES EN ARCHIVO XLMS Y PDF AL CORREO dipresrecepcion@custodium.com    Justificación selección de cotización menos económica: Distribuidora en la ciudad de osorno, empresa local
1057532-11-CM25;PA-RUA/Héctor Alarcón;12;Recepción Conforme;;CM;CLP;;2;12;CL;2025-01-06T10:41:37.077;2025-01-06T15:58:03.69;2025-01-06T15:58:03.767;;2025-01-06T16:01:00;4.0;270;68391.0;19.0;0.0;74087.0;1057532;Bienes y Servicios;61.607.600-0;Servicio Público;Av. Juan Mackenna N°825, Edificio Plaza Sur;;;Rubén Uribe;;;71217;SKY AIRLINE S A;88.417.000-1;TRANSPORTE REGULAR POR VIA AEREA DE PASAJEROS| TRANSPORTE REGULAR POR VIA AEREA DE CARGA| OTRAS ACTIVIDADES CONEXAS AL TRANSPORTE N.C.P.;Santa Elena 1763;;;;Contacto;;Invitación FHIR Connectathon-cl Osorno - Santiago: 07-01-2025l
1057532-10-CM25;PA-RUA/Rodrigo Alarcón;12;Recepción Conforme;;CM;CLP;;2;12;CL;2025-01-06T10:32:36.99;2025-01-06T14:31:51.567;2025-01-06T14:31:51.603;;2025-01-27T12:53:00;4.704738154613466;401;51291.0;19.0;0.0;58763.0;1057532;Bienes y Servicios;61.607.600-0;Servicio Público;Av. Juan Mackenna N°825, Edificio Plaza Sur;Osorno;Región de los Lagos ;Rubén Uribe;;;25638;LATAM AIRLINES GROUP S.A.;89.862.200-2;TRANSPORTE REGULAR POR VIA AEREA DE PASAJEROS| TRANSPORTE REGULAR POR VIA AEREA DE CARGA| OTRAS ACTIVIDADES CONEXAS AL TRANSPORTE N.C.P.| ARRIENDO DE INMUEBLES AMOBLADOS O CON EQUIPOS Y MAQUINARIAS| ALQUILER DE AUTOS Y CAMIONETAS SIN CHOFER;Estado 10, Piso 3;;;;Contacto;;Invitación FHIR Connectathon-CL Santiago - Pto. Montt. 08-01-2025
1057532-93-SE25;Servicio Aseo SAMU/Octubre 2024;12;Recepción Conforme;1057532-96-LP23;SE;CLP;;2;22;CL;2025-01-21T07:36:29.673;2025-01-21T09:06:52.817;2025-01-21T09:20:17.097;;2025-01-21T09:06:00;0.0;0;1329166.0;19.0;252542.0;1581708.0;1057532;Bienes y Servicios;61.607.600-0;Servicio Público;Av. Juan Mackenna N°825, Edificio Plaza Sur;Osorno;Región de los Lagos ;Rubén Uribe;Administrativo;;1151955;SERVICIO DE INGENIERIA SEGURIDAD Y TRANSPORTE TRANSCOM LIMITADA;76.060.259-0;OTRAS ACTIVIDADES CONEXAS AL TRANSPORTE N.C.P.| SE;MANUEL BULNES N° 45;Temuco;Región de la Araucanía ;Carlos Rojas Sanchez Carlos Rojas Sanchez;Gerente;;NOTA:NO SE PODRA EMITIR FACTURA SIN PREVIA RECEPCION CONFORME A OC / FACTURA DEBE SEÑALAR OC ASOCIADA / SE DEBEN ENVIAR DOCUMENTOS MERCANTILES EN ARCHIVO XLMS O PDF AL SIGUIENTE CORREO, dipresrecepcion@custodium.com
1057532-12-CM25;PA-RUA/Héctor Alarcón;12;Recepción Conforme;;CM;CLP;;2;12;CL;2025-01-06T10:48:14.837;2025-01-06T16:00:03.917;2025-01-06T16:00:03.997;;2025-01-06T16:01:00;4.704738154613466;401;51291.0;19.0;0.0;58763.0;1057532;Bienes y Servicios;61.607.600-0;Servicio Público;Av. Juan Mackenna N°825, Edificio Plaza Sur;Osorno;Región de los Lagos ;Rubén Uribe;;;25638;LATAM AIRLINES GROUP S.A.;89.862.200-2;TRANSPORTE REGULAR POR VIA AEREA DE PASAJEROS| TRANSPORTE REGULAR POR VIA AEREA DE CARGA| OTRAS ACTIVIDADES CONEXAS AL TRANSPORTE N.C.P.| ARRIENDO DE INMUEBLES AMOBLADOS O CON EQUIPOS Y MAQUINARIAS| ALQUILER DE AUTOS Y CAMIONETAS SIN CHOFER;Estado 10, Piso 3;;;;Contacto;;Invitación FHIR Connectathon-cl Santiago - Pto. Montt: 08-01-2025
1057532-64-SE25;Servicio Licencia Medica 31 de oct al 29 de nov 20;12;Recepción Conforme;1057532-2-LE23;SE;CLP;;2;22;CL;2025-01-15T11:01:19.413;2025-01-15T11:14:15.627;2025-01-16T09:51:28.107;;2025-01-15T11:11:00;0.0;0;105836.0;19.0;20109.0;125945.0;1057532;Bienes y Servicios;61.607.600-0;Servicio Público;Av. Juan Mackenna N°825, Edificio Plaza Sur;* ;Región de los Lagos ;PAULINA NICOLE LONCOPAN CARRILLO;PROFESIONAL APOYO;;47799;I-MED S.A.;99.509.000-7;ACTIVIDADES DE ASESORAMIENTO EMPRESARIAL Y EN MATE;avda 11 de septiembre 1901 piso 3;Providencia;Región Metropolitana de Santiago;Bruno Grass;Jefe Control de Gestión y Soporte Comercial;;CONTRATACIÓN SERV. EMISIÓN DE LME PARA EL SSO 2° LLAMADO DESDE 1057532-2-LE23.  SERVICIOS EMISIÓN LICENCIA MEDICA ELECTRÓNICA ,(PERIODO DEL 31 DE AGOSTO AL 29 DE SEPTIEMBRE 2024)  Nota: No se podrá emitir factura sin previa recepción conforme de O/C. La factura debe indicar el número de O/C asociada. Enviar factura en archivo xlms y pdf al correo dipresrecepcion@custodium.com.
1057532-38-CM25;PA-RUA/Rodrigo Alarcón, Ana Sepulveda, Victor Andrade, Eduardo Barrientos y Ximena Carrasco;12;Recepción Conforme;;CM;CLP;;2;12;CL;2025-01-09T17:02:37.607;2025-01-09T17:23:49.123;2025-01-09T17:23:49.23;;2025-01-10T08:41:00;4.0;270;224955.0;19.0;0.0;253435.0;1057532;Bienes y Servicios;61.607.600-0;Servicio Público;Av. Juan Mackenna N°825, Edificio Plaza Sur;Osorno;Región de los Lagos ;Rubén Uribe;;;71217;SKY AIRLINE S A;88.417.000-1;TRANSPORTE REGULAR POR VIA AEREA DE PASAJEROS| TRANSPORTE REGULAR POR VIA AEREA DE CARGA| OTRAS ACTIVIDADES CONEXAS AL TRANSPORTE N.C.P.;Santa Elena 1763;;;;Contacto;;Jornada de escuela de verano CRR 2025 Osorno - Santiago: 14.01.2025
1057532-1464-CM24;F3-106//Artículos de Oficina para stock de Bodega General año 2024-2025//Subdepto Abastecimiento;12;Recepción Conforme;;CM;CLP;;2;12;CL;2024-08-30T12:52:09.33;2024-08-31T14:38:50.42;2024-09-02T09:48:02.083;;2024-08-31T14:30:00;4.811111111111111;36;24541932.0;19.0;4662967.0;29204899.0;1057532;Bienes y Servicios;61.607.600-0;Servicio Público;Av. Juan Mackenna N°825, Edificio Plaza Sur;Osorno;Región de los Lagos ;Alicia Vidal Paredes;;;1106123;PROVEEDORES INTEGRALES DEL SUR S.A.;76.041.579-0;MAYORISTAS DE VINOS Y BEBIDAS ALCOHOLICAS Y DE FANTASIA| VENTA AL POR MAYOR DE HUEVOS, LECHE, ABARROTES, Y OTROS ALIMENTOS N.C.| VENTA AL POR MAYOR DE OTROS ENSERES DOMESTICOS N.C.P.| VENTA AL POR MAYOR DE MATERIALES DE CONSTRUCCION, ARTICULOS DE FERRETE|;AV. MANUEL RECABARREN 02755 TEMUCO,NOVENA REGION;;;;Contacto;;Orden de Compra codigo: 1057532-1464-CM24 dirigida a PROVEEDORES INTEGRALES DEL SUR S.A.
1057532-70-SE25;Convenio EKG / Diciembre 2024;12;Recepción Conforme;1057532-120-LE23;SE;CLP;;2;22;CL;2025-01-16T12:27:31.613;2025-01-17T10:11:14.237;2025-01-17T10:52:16.853;;2025-01-16T12:44:00;4.9;4;713250.0;0.0;0.0;713250.0;1057532;Bienes y Servicios;61.607.600-0;Servicio Público;Av. Juan Mackenna N°825, Edificio Plaza Sur;* ;Región de los Lagos ;PAULINA NICOLE LONCOPAN CARRILLO;PROFESIONAL APOYO;;66175;INTERNATIONAL TELEMEDICAL SYSTEMS CHILE SPA;96.995.590-3;VENTA AL POR MAYOR DE OTROS PRODUCTOS N.C.P.| ALQU;CALLAO N° 3341;Las Condes;Región Metropolitana de Santiago;Evelyn  Alfaro;Jefe de Licitaciones ;;LP 1057532-120-LE23 por “SERVICIO DE INFORMES DE TELEELECTROCARDIOGRAFÍA A DISTANCIA PARA 12 ESTABLECIMIENTOS DE LA PROVINCIA DE OSORNO 2024”  Nota: No se podrá emitir factura sin previa recepción conforme de O/C. La factura debe indicar el Número de O/C asociada, de acuerdo Ley 20.727 de Enero del 2014.  Enviar los documentos mercantiles en archivo xlms y pdf al correo dipresrecepcion@custodium.com
1077241-6-SE25;ORDEN DE COMPRA DESDE 1077241-24-L124;6;Aceptada;1077241-24-L124;SE;CLP;;2;7;CL;2025-01-24T10:38:00.953;2025-01-27T11:19:43.377;2025-01-27T14:03:44.823;;2025-01-27T11:16:00;4.47;20;162450.0;19.0;30866.0;193316.0;1077241;Administración de Fondos;61.607.600-0;Servicio Público;Av. Juan Mackenna N°825, Edificio Plaza Sur;Osorno;Región de los Lagos ;Rubén Uribe;Administrativo;;26931;COMERCIAL LBF LIMITADA;93.366.000-1;VENTA AL POR MAYOR DE OTROS PRODUCTOS N.C.P.| COMP;AVENIDA LA ORACION N° 1299;Pudahuel;Región Metropolitana de Santiago;Anais Pereira López;Jefe Licitaciones;;NOTA:NO SE PODRA EMITIR FACTURA SIN PREVIA RECEPCION CONFORME A OC / FACTURA DEBE SEÑALAR OC ASOCIADA / SE DEBEN ENVIAR DOCUMENTOS MERCANTILES EN ARCHIVO XLMS O PDF AL SIGUIENTE CORREO, dipresrecepcion@custodium.com
1057532-16-SE25;8 Cupos Hogar protegido Mujeres / Dic 2024;12;Recepción Conforme;1057532-1-LP24;SE;CLP;;2;22;CL;2025-01-07T12:44:44.173;2025-01-07T14:48:26.293;2025-01-27T17:03:09.683;;2025-01-27T17:03:00;0.0;0;6206628.0;0.0;0.0;6206628.0;1057532;Bienes y Servicios;61.607.600-0;Servicio Público;Av. Juan Mackenna N°825, Edificio Plaza Sur;* ;Región de los Lagos ;PAULINA NICOLE LONCOPAN CARRILLO;PROFESIONAL APOYO;;111112;AMORE;65.129.460-6;OTRAS ACTIVIDADES EMPRESARIALES RELACIONADAS CON L;Ayacucho esq. Caracas s/n;Osorno;Región de los Lagos ;Roxana   Ríos Aburto;Representante Legal de la Agrupación AMORE;;“Adquisición 8 cupos Día Hogar Protegido para mujeres para el Servicio de Salud Osorno en la Provincia de Osorno, 2° llamado” (RES EXENTA N°5323/02.04.2024).     NOTA:NO SE PODRA EMITIR FACTURA SIN PREVIA RECEPCION CONFORME A OC / FACTURA DEBE SEÑALAR OC ASOCIADA / SE  DEBEN ENVIAR DOCUMENTOS MERCANTILES EN ARCHIVO XLMS O PDF AL SIGUIENTE CORREO, dipresrecepcion@custodium.com
1057532-67-AG25;F2-395 ADQUISICION FERULAS Y LINTERNAS DE DILATACIÓN PUPILAR - SAMU;12;Recepción Conforme;;AG;CLP;182;2;7;Other;2025-01-15T15:40:57.37;2025-01-16T09:33:06.133;2025-01-16T09:48:41.52;;2025-01-16T09:28:00;0.0;0;539000.0;19.0;102410.0;641410.0;1057532;Bienes y Servicios;61.607.600-0;Servicio Público;;Osorno;Región de los Lagos ;Bastian Miranda Coronado;PROFESIONAL;;1095822;PROYECTOS PROEMER S.A.;76.056.023-5;VENTA AL POR MAYOR DE OTROS PRODUCTOS N.C.P.| OTROS DISENADORES N.C.P.;Av. Eliodoro Yañez # 1070 Of. 32-33;Providencia;Región Metropolitana de Santiago;PATRICIA  PATRICIA ;Socia Directora de Proyectos;;F2-395 SAMU - SERVICIO DE ATENCION MEDICO DE URGENCIAS  Orden de Compra generada por invitación a compra ágil: 1057532-11-COT25  Orden de Compra código: 1057532-67-AG25 dirigida a PROYECTOS PROEMER S.A.  Justificación selección de cotización menos económica: Primer proveedor IMPORTCHILE, no presenta producto linterna DILATACIÓN pupilar.  NOTA: No se podrá emitir factura sin previa recepción conforme de O/C. La factura debe indicar el Número de O/C asociada. Enviar los documentos mercantiles en archivo xlms y pdf al correo dipresrecepcion@custopdium.com.
1077241-15-SE25;ORDEN DE COMPRA DESDE 1077241-24-L124;4;Enviada a proveedor;1077241-24-L124;SE;CLP;;2;7;CL;2025-01-24T10:38:02.897;2025-01-27T11:14:11.26;;;2025-01-27T10:59:00;3.0;2;34000.0;19.0;6460.0;40460.0;1077241;Administración de Fondos;61.607.600-0;Servicio Público;Av. Juan Mackenna N°825, Edificio Plaza Sur;Osorno;Región de los Lagos ;Rubén Uribe;Administrativo;;134257;CEGAMED CHILE S A;99.593.170-2;VENTA AL POR MAYOR DE MATERIAS PRIMAS AGRICOLAS| V;Duque de Kent 0433;Alhué;Región Metropolitana de Santiago;Eduardo  Moreno Deformes;Gerente General;;Adquisición insumos clínicos para la realización de atenciones y procedimientos del Equipo Ruta Médica para Personas en Situación de Calle. DESDE 1077241-24-L124
1057532-66-AG25;F2-395 ADQUISICION BOTIQUIN DE PARTO - SAMU;12;Recepción Conforme;;AG;CLP;183;2;7;Other;2025-01-15T14:50:02.147;2025-01-16T09:32:50.233;2025-01-20T11:17:37.693;;2025-01-16T09:20:00;0.0;0;60000.0;19.0;13300.0;83300.0;1057532;Bienes y Servicios;61.607.600-0;Servicio Público;;Osorno;Región de los Lagos ;Bastian Miranda Coronado;PROFESIONAL;;1095822;PROYECTOS PROEMER S.A.;76.056.023-5;VENTA AL POR MAYOR DE OTROS PRODUCTOS N.C.P.| OTROS DISENADORES N.C.P.;Av. Eliodoro Yañez # 1070 Of. 32-33;Providencia;Región Metropolitana de Santiago;PATRICIA  PATRICIA ;Socia Directora de Proyectos;;F2-395 / SAMU - SERVICIO DE ATENCION MEDICO DE URGENCIAS  Orden de Compra código: 1057532-66-AG25 dirigida a PROYECTOS PROEMER S.A.  Orden de Compra generada por invitación a compra ágil: 1057532-13-COT25.  NOTA: No se podrá emitir factura sin previa recepción conforme de O/C. La factura debe indicar el Número de O/C asociada. Enviar los documentos mercantiles en archivo xlms y pdf al correo dipresrecepcion@custopdium.com.
1077241-13-SE25;ORDEN DE COMPRA DESDE 1077241-24-L124;4;Enviada a proveedor;1077241-24-L124;SE;CLP;;2;7;CL;2025-01-24T10:38:02.317;2025-01-27T11:13:51.143;;;2025-01-27T10:39:00;5.0;1;9540.0;19.0;1813.0;11353.0;1077241;Administración de Fondos;61.607.600-0;Servicio Público;Av. Juan Mackenna N°825, Edificio Plaza Sur;Osorno;Región de los Lagos ;Rubén Uribe;Administrativo;;1303524;BSN Medical;76.186.732-6;OTRAS ACTIVIDADES EMPRESARIALES N.C.P.| OTRAS ACTI;ALC FDO CASTILLO VELASCO N° 9100;La Reina;Región Metropolitana de Santiago;Maria Pia Lorca;Coordinadora ATC;;NOTA:NO SE PODRA EMITIR FACTURA SIN PREVIA RECEPCION CONFORME A OC / FACTURA DEBE SEÑALAR OC ASOCIADA / SE DEBEN ENVIAR DOCUMENTOS MERCANTILES EN ARCHIVO XLMS O PDF AL SIGUIENTE CORREO, dipresrecepcion@custodium.com
1057532-90-SE25;Convenio REAS / Base SAMU Dic 2024;12;Recepción Conforme;1057532-41-LR22;SE;CLP;;2;22;CL;2025-01-20T15:45:02.547;2025-01-21T10:01:52.6;2025-01-23T14:07:59.01;;2025-01-20T15:47:00;4.533333333333333;18;27200.0;19.0;5168.0;32368.0;1057532;Bienes y Servicios;61.607.600-0;Servicio Público;Av. Juan Mackenna N°825, Edificio Plaza Sur;Osorno;Región de los Lagos ;JUAN FELIPE ROJEL HUENTRO;PROFESIONAL DE APOYO;;27533;PROCESOS SANITARIOS S P A;96.697.710-8;OTRAS ACTIVIDADES EMPRESARIALES N.C.P.| RECOGIDA Y;Cerro el Roble 9661;Quilicura;Región Metropolitana de Santiago;Betzabe Uribe;Ejecutivo;;ID 1057532-41-LR22 Servicios de Manejo, Retiro, Transporte y Disposición final de Residuos Peligrosos y Especiales. Correo Solicitud Emisión OC Diciembre 2024     Nota: No se podrá emitir factura sin previa recepción conforme de O/C. La factura debe indicar el Número de O/C asociada, de acuerdo Ley 20.727 de Enero del 2014.  Enviar los documentos mercantiles en archivo xlms y pdf al correo dipresrecepcion@custodium.com
1057532-98-SE25;Convenio EKG Dic 2024 / PRAIS;12;Recepción Conforme;1057532-105-LR23;SE;CLP;;2;7;CL;2025-01-21T16:36:31.187;2025-01-21T17:24:58.19;2025-01-22T08:57:56.037;;2025-01-21T16:45:00;0.0;0;14070.0;0.0;0.0;14070.0;1057532;Bienes y Servicios;61.607.600-0;Servicio Público;Av. Juan Mackenna N°825, Edificio Plaza Sur;* ;Región de los Lagos ;PAULINA NICOLE LONCOPAN CARRILLO;PROFESIONAL APOYO;;1150223;INSTITUTO DE SALUD Y TECNOLOGIA DE CHILE LIMITADA;76.077.047-7;OTROS PROFESIONALES DE LA SALUD| OTRAS ACTIVIDADES;Diagonal Paraguay 481, Oficina 48;Santiago Centro;Región Metropolitana de Santiago;Cristian Vidal;Jefe Post venta y Soporte;;ID 1057532-105-LR23 CONVENIO SERVICIOS ARRIENDO E INFORMES TELE ELECTROCARDIOGRAFIA A DISTANCIAS PARA LOS ESTABLECIMIENTOS DE SALUD DE LA RED DE APS DE LA PROVINCIA DE OSORNO AÑO 2024-2025.//Correo electrónico de solicitud emisión de O/C   Nota: No se podrá emitir factura sin previa recepción conforme de O/C. La factura debe indicar el Número de O/C asociada, de acuerdo Ley 20.727 de Enero del 2014.  Enviar los documentos mercantiles en archivo xlms y pdf al correo dipresrecepcion@custodium.com
1057532-34-AG25;F1-261//ADQUISICION DE ELEMENTOS DE PROTECCION PERSONAL;12;Recepción Conforme;;AG;CLP;;2;7;Other;2025-01-09T15:10:18.847;2025-01-10T15:27:28.11;2025-01-14T11:34:20.337;;2025-01-09T15:23:00;0.0;0;38078.0;19.0;11985.0;75063.0;1057532;Bienes y Servicios;61.607.600-0;Servicio Público;;Osorno;Región de los Lagos ;Ivan Vargas Ojeda;Comprador Administrativo;;1936647;COMERCIAL INDUSWORK SPA;77.900.394-9;VENTA AL POR MAYOR DE PRODUCTOS TEXTILES, PRENDAS DE VESTIR Y CALZADO;LOS MILITARES 5620 OF 905 PS 9;Las Condes;Región Metropolitana de Santiago; ;;;FSC N° 261 SUBDEPTO DE PREVENCION DE RIESGOS  Orden de Compra código: 1057532-34-AG25 dirigida a COMERCIAL INDUSWORK SPA, Orden de Compra generada por invitación a compra ágil: 1057532-14-COT25, NOTA: NO SE PODRÁ EMITIR FACTURA SIN PREVIA RECEPCIÓN CONFORME DE O/C. //LA FACTURA DEBE INDICAR EL NÚMERO DE O/C ASOCIADA. DEBERAN: ENVIAR LOS DOCUMENTOS MERCANTILES EN ARCHIVO XLMS Y PDF AL CORREO dipresrecepcion@custodium.com
1057532-85-AG25;F3-146/“ADQUISICION DE ALIMENTOS PERECIBLES Y NO PERECIBLES PARA EL AÑO 2025, DESTINADOS A LA COMUNIDAD TERAPEUTICA PEULLA”;12;Recepción Conforme;;AG;CLP;;2;7;Other;2025-01-20T09:32:54.557;2025-01-21T09:43:25.047;2025-01-21T13:45:12.783;;2025-01-20T17:24:00;0.0;0;1758600.0;19.0;334134.0;2092734.0;1057532;Bienes y Servicios;61.607.600-0;Servicio Público;;Osorno;Región de los Lagos ;Alicia Vidal Paredes;Comprador Administrativo;;1804675;VIVIANA ALEJANDRA CARRASCO MORENO;15.310.803-K;VENTA AL POR MAYOR DE HUEVOS, LACTEOS, ABARROTES Y DE OTROS ALIMENTOS;PIEDRAS NEGRAS 2022, VILLA HACIENDA;Osorno;Región de los Lagos ; ;;;Orden de Compra codigo: 1057532-85-AG25 dirigida a VIVIANA ALEJANDRA CARRASCO MORENO//Orden de Compra generada por invitación a compra ágil: 1057532-25-COT25//NOTA: NO SE PODRÁ EMITIR FACTURA SIN PREVIA RECEPCIÓN CONFORME DE O/C. //LA FACTURA DEBE INDICAR EL NÚMERO DE O/C ASOCIADA. DEBERAN: ENVIAR LOS DOCUMENTOS MERCANTILES EN ARCHIVO XLMS Y PDF AL CORREO dipresrecepcion@custodium.com    Justificación selección de cotización menos económica: Empresa local de la ciudad de Osorno
1057532-99-SE25;Convenio EKG / Dic 2024 APS;12;Recepción Conforme;1057532-105-LR23;SE;CLP;;2;7;CL;2025-01-21T16:36:49.723;2025-01-21T17:23:35.893;2025-01-22T08:57:45.063;;2025-01-21T16:40:00;0.0;0;5224660.0;0.0;0.0;5224660.0;1057532;Bienes y Servicios;61.607.600-0;Servicio Público;Av. Juan Mackenna N°825, Edificio Plaza Sur;* ;Región de los Lagos ;PAULINA NICOLE LONCOPAN CARRILLO;PROFESIONAL APOYO;;1150223;INSTITUTO DE SALUD Y TECNOLOGIA DE CHILE LIMITADA;76.077.047-7;OTROS PROFESIONALES DE LA SALUD| OTRAS ACTIVIDADES;Diagonal Paraguay 481, Oficina 48;Santiago Centro;Región Metropolitana de Santiago;Cristian Vidal;Jefe Post venta y Soporte;;ID 1057532-105-LR23, Convenio Servicio Arriendo e Informes Tele electrocardiografía a distancias para los establecimientos de salud de la red de APS de la provincia de Osorno , año 2024-2025. // Correo solicitud emisión OC mes Octubre 2024.  Nota: No se podrá emitir factura sin previa recepción conforme de O/C. La factura debe indicar el Número de O/C asociada, de acuerdo Ley 20.727 de Enero del 2014.  Enviar los documentos mercantiles en archivo xlms y pdf al correo dipresrecepcion@custodium.com
1077241-9-SE25;ORDEN DE COMPRA DESDE 1077241-24-L124;12;Recepción Conforme;1077241-24-L124;SE;CLP;;2;12;CL;2025-01-24T10:38:01.443;2025-01-27T11:14:36.59;2025-01-28T12:24:50.763;;2025-01-27T10:31:00;4.0;31;345000.0;19.0;65550.0;410550.0;1077241;Administración de Fondos;61.607.600-0;Servicio Público;Av. Juan Mackenna N°825, Edificio Plaza Sur;Osorno;Región de los Lagos ;Rubén Uribe;Administrativo;;24141;MUNNICH PHARMA MEDICAL SPA;80.447.400-5;VENTA AL POR MAYOR DE PRODUCTOS FARMACEUTICOS| VEN;;;; ;;;Adquisición insumos clínicos para la realización de atenciones y procedimientos del Equipo Ruta Médica para Personas en Situación de Calle. DESDE 1077241-24-L124
1057532-106-SE25;Arriendo de vehículo / Dic 2024;12;Recepción Conforme;1057532-34-LE24;SE;CLP;;2;22;CL;2025-01-23T10:37:31.37;2025-01-27T17:42:24.887;2025-01-27T17:48:22.963;;2025-01-23T10:41:00;0.0;0;621849.0;19.0;118151.0;740000.0;1057532;Bienes y Servicios;61.607.600-0;Servicio Público;Av. Juan Mackenna N°825, Edificio Plaza Sur;* ;Región de los Lagos ;PAULINA NICOLE LONCOPAN CARRILLO;PROFESIONAL APOYO;;1736289;"BARRÍA &amp; MEDINA TRANSPORTES LIMITADA";77.172.073-0;SERVICIOS DE TRANSPORTE DE ESCOLARES;Del Salvador 587;Puerto Varas;Región de los Lagos ; ;;;ARRIENDO DE VEHICULO PARA TRASLADO DE FUNCIONARIOS DEL SERVICIO DE SALUD OSORNO DESDE 1057532-34-LE24//  NOTA:NO SE PODRA EMITIR FACTURA SIN PREVIA RECEPCION CONFORME A OC / FACTURA DEBE SEÑALAR OC ASOCIADA / SE  DEBEN ENVIAR DOCUMENTOS MERCANTILES EN ARCHIVO XLMS O PDF AL SIGUIENTE CORREO, dipresrecepcion@custodium.com
1077241-17-SE25;ORDEN DE COMPRA DESDE 1077241-24-L124;12;Recepción Conforme;1077241-24-L124;SE;CLP;;2;7;CL;2025-01-24T10:38:03.72;2025-01-27T11:13:07.643;2025-01-27T11:51:24.947;;2025-01-27T11:08:00;4.109090909090909;33;99980.0;19.0;18996.0;118976.0;1077241;Administración de Fondos;61.607.600-0;Servicio Público;Av. Juan Mackenna N°825, Edificio Plaza Sur;Osorno;Región de los Lagos ;Rubén Uribe;Administrativo;;39998;DROGUERIA HOFMANN SAC;92.288.000-k;VENTA AL POR MAYOR DE PRODUCTOS QUIMICOS| VENTA AL;LOS GOBELINOS N° 2507;Renca;Región Metropolitana de Santiago;CLAUDIA ZAMORANO;LICITACIONES;;NOTA:NO SE PODRA EMITIR FACTURA SIN PREVIA RECEPCION CONFORME A OC / FACTURA DEBE SEÑALAR OC ASOCIADA / SE DEBEN ENVIAR DOCUMENTOS MERCANTILES EN ARCHIVO XLMS O PDF AL SIGUIENTE CORREO, dipresrecepcion@custodium.com
1057532-102-SE25;CUPOS SALA CUNA//MATRICULA ENE 2025;12;Recepción Conforme;1057532-127-LQ24;SE;CLP;;2;22;CL;2025-01-22T11:50:26.917;2025-01-23T12:08:48.413;2025-01-23T23:59:35.677;;2025-01-22T11:53:00;0.0;0;5320000.0;0.0;0.0;5320000.0;1057532;Bienes y Servicios;61.607.600-0;Servicio Público;Av. Juan Mackenna N°825, Edificio Plaza Sur;Osorno;Región de los Lagos ;Lesly Andrea Díaz Aburto;Administrativo;;1589609;LUZ ELIANA;76.796.544-3;EDUCACION;CERVANTES 1679;Osorno;Región de los Lagos ;LUZ ELIANA LONCON MARQUEZ;DIRECTORA;;CONTRATACION DE CUPOS PARA EL SERVICIO DE ADMINISTRACIÓN DEL BENEFICIO DE SALA CUNA PARA HIJOS/AS FUNCIONARIAS DEPENDIENTES DEL SERVICIO DE SALUD OSORNO, AÑO 2025//Resolución Exenta N°252/2025
1057532-97-SE25;Arriendo de Catres Clínicos / Cuota 3 de 12;12;Recepción Conforme;1057532-69-LE24;SE;CLP;;2;22;CL;2025-01-21T12:25:48.937;2025-01-21T17:06:59.52;2025-01-21T18:06:07.763;;2025-01-21T12:37:00;4.109090909090909;33;2224074.0;19.0;422574.0;2646648.0;1057532;Bienes y Servicios;61.607.600-0;Servicio Público;Av. Juan Mackenna N°825, Edificio Plaza Sur;* ;Región de los Lagos ;PAULINA NICOLE LONCOPAN CARRILLO;PROFESIONAL APOYO;;39998;DROGUERIA HOFMANN SAC;92.288.000-k;VENTA AL POR MAYOR DE PRODUCTOS QUIMICOS| VENTA AL;LOS GOBELINOS N° 2507;Renca;Región Metropolitana de Santiago;CLAUDIA ZAMORANO;LICITACIONES;;NOTA: No se podrá emitir Factura sin previa Recepción Conforme de la OC./ La factura debe indicar N° de OC asociada. Enviar los  documentos mercantiles en archivo xlms y pdf al correo dipresrecepcion@custodium.com
1077241-10-SE25;ORDEN DE COMPRA DESDE 1077241-24-L124;12;Recepción Conforme;1077241-24-L124;SE;CLP;;2;7;CL;2025-01-24T10:38:01.593;2025-01-27T11:14:47.993;2025-01-27T14:50:01.05;;2025-01-27T10:33:00;5.0;1;212000.0;19.0;40280.0;252280.0;1077241;Administración de Fondos;61.607.600-0;Servicio Público;Av. Juan Mackenna N°825, Edificio Plaza Sur;Osorno;Región de los Lagos ;Rubén Uribe;Administrativo;;1383978;SCHONFELDT VIDAMEDICA SPA;76.352.414-0;VENTA AL POR MAYOR DE PRODUCTOS FARMACEUTICOS| VEN;AV.GENERAL SAN MARTIN N° 8000;Quilicura;Región Metropolitana de Santiago;Victor Schönfeldt ;Gerente;;NOTA:NO SE PODRA EMITIR FACTURA SIN PREVIA RECEPCION CONFORME A OC / FACTURA DEBE SEÑALAR OC ASOCIADA / SE DEBEN ENVIAR DOCUMENTOS MERCANTILES EN ARCHIVO XLMS O PDF AL SIGUIENTE CORREO, dipresrecepcion@custodium.com
1077241-12-SE25;ORDEN DE COMPRA DESDE 1077241-24-L124;12;Recepción Conforme;1077241-24-L124;SE;CLP;;2;7;CL;2025-01-24T10:38:02.077;2025-01-27T11:15:02.787;2025-01-27T12:00:55.08;;2025-01-27T10:37:00;4.677777777777778;18;126822.0;19.0;24096.0;150918.0;1077241;Administración de Fondos;61.607.600-0;Servicio Público;Av. Juan Mackenna N°825, Edificio Plaza Sur;Osorno;Región de los Lagos ;Rubén Uribe;Administrativo;;62749;SOC IMPORTADORA OPTIVISION LIMITADA;77.190.880-2;VENTA AL POR MAYOR DE OTROS PRODUCTOS N.C.P.| COME;Cerro el Plomo N° 5630;Las Condes;Región Metropolitana de Santiago;Esteban Muñoz;Atencion a Cliente;;NOTA:NO SE PODRA EMITIR FACTURA SIN PREVIA RECEPCION CONFORME A OC / FACTURA DEBE SEÑALAR OC ASOCIADA / SE DEBEN ENVIAR DOCUMENTOS MERCANTILES EN ARCHIVO XLMS O PDF AL SIGUIENTE CORREO, dipresrecepcion@custodium.com
1077241-11-SE25;ORDEN DE COMPRA DESDE 1077241-24-L124;12;Recepción Conforme;1077241-24-L124;SE;CLP;;2;7;CL;2025-01-24T10:38:01.773;2025-01-27T11:15:33.59;2025-01-31T07:50:12.89;;2025-01-31T07:50:00;4.477777777777778;18;55600.0;19.0;10564.0;66164.0;1077241;Administración de Fondos;61.607.600-0;Servicio Público;Av. Juan Mackenna N°825, Edificio Plaza Sur;Osorno;Región de los Lagos ;Rubén Uribe;Administrativo;;27380;TECNIKA S A;96.625.950-7;VENTA AL POR MAYOR DE OTROS PRODUCTOS N.C.P.| VENT;LOS OLIVOS 1270 LT B 1 ENEA FASE III N° No hay Dat;Pudahuel;Región Metropolitana de Santiago;ADRIANA  RIVEROS CONTRERAS;Gerente de Ventas;;NOTA:NO SE PODRA EMITIR FACTURA SIN PREVIA RECEPCION CONFORME A OC / FACTURA DEBE SEÑALAR OC ASOCIADA / SE DEBEN ENVIAR DOCUMENTOS MERCANTILES EN ARCHIVO XLMS O PDF AL SIGUIENTE CORREO, dipresrecepcion@custodium.com
1057532-5645-AG25;F2-371-NAM / SERVICIO DE PRODUCCIÓN PARA JORNADA DE SALUD / ATENCIÓN PRIMARIA / Orden de Compra generada por invitación a compra ágil: 1057532-913-COT25;12;Recepción Conforme;;AG;CLP;;2;22;Other;2025-12-02T16:22:39.34;2025-12-03T14:54:20.28;2025-12-05T11:19:37.58;;2025-12-02T16:25:00;0.0;0;2100000.0;19.0;399000.0;2499000.0;1057532;Bienes y Servicios;61.607.600-0;Servicio Público;;Osorno;Región de los Lagos ;NICOLAS ASENCIO MOREIRA;COMPRADOR;;1640434;Ingrid Loreto;76.924.693-2;Produccion de Eventos, Servicio de Banquetes, Casino, Restaurant.;O'higgins 563;Osorno;Región de los Lagos ;Ingrid Loreto Sube Almonacid ;Gerente;;F2-371-NAM / SERVICIO DE PRODUCCIÓN PARA JORNADA DE SALUD / ATENCIÓN PRIMARIA /  Orden de Compra codigo: 1057532-5645-AG25 dirigida a GASTRONIMIA INGRID SUBE ALMONACID SPA    Nota:   No se podrá emitir factura sin previa recepción conforme de O/C.   La factura debe indicar el número de O/C asociada.   Enviar factura en archivo xlms y pdf al correo dipresrecepcion@custodium.com.
1057532-5763-SE25;CC-DCR/Servicio de Aseo/Edif. Plaza Sur/Noviembre;12;Recepción Conforme;1057532-44-LP25;SE;CLP;;2;22;CL;2025-12-24T11:22:37.603;2025-12-24T11:36:42.26;2025-12-29T11:48:26.6;;2025-12-24T11:29:00;5.0;3;2730000.0;19.0;518700.0;3248700.0;1057532;Bienes y Servicios;61.607.600-0;Servicio Público;Av. Juan Mackenna N°825, Edificio Plaza Sur;Osorno;Región de los Lagos ;Daniela Cona Rios;ADMINISTRATIVO;;222251;Fumiservi Sur Ltda.;77.997.300-k;OBRAS MENORES EN CONSTRUCCION (CONTRATISTAS, ALBAN;YERBAS BUENAS N° 475;Valdivia;Región de Los Ríos;Patricia  Marquez Oyarzun;Secretaria;;CONVENIO DE SERVICIO DE ASEO POR 18 MESES AÑOS 2025-2026 PARA LA DIRECCION DEL SERVICIO DE SALUD OSORNO Y ESTABLECIMIENTOS DEPENDIENTES DE LA RED ASISTENCIAL DE SALUD Y EN LOS QUE EL SSO ACTUÉ COMO UNIDAD TÉCNICA EN EJECUCIÓN DE OBRAS” DESDE 1057532-44-LP25    Nota: No se podrá emitir factura sin previa recepción conforme de O/C. La factura debe indicar el número de O/C asociada. Enviar factura en archivo xlms y pdf al correo dipresrecepcion@custodium.com.
1057532-5610-AG25;F2-296-VMA-CIRCUITO DE MOTRICIDAD Y PISO DE GOMA EVA;12;Recepción Conforme;;AG;CLP;;2;7;Other;2025-11-27T09:09:20.163;2025-11-27T10:43:21.923;2025-11-28T08:59:34.227;;2025-11-27T09:14:00;3.92;5;1487630.0;19.0;282650.0;1770280.0;1057532;Bienes y Servicios;61.607.600-0;Servicio Público;;Osorno;Región de los Lagos ;Verónica Aracely Márquez Aguila;Comprador;;1410024;PLASTIMAR LIMITADA;76.354.051-0;Imp.,Exp., y Com. de Productos para el Area Educ.,Deport. y Recreativa;5 ORIENTE N° 134;Viña del Mar;Región de Valparaíso ;Laura  Navarro Arostegui;Viña del Mar;;F2-296-VMA-DEPARTAMENTO ATENCION PRIMARIA  Orden de Compra código: 1057532-5610-AG25 dirigida a PLASTIMAR LIMITADA  Orden de Compra generada por invitación a compra ágil: 1057532-899-COT25    NOTA: NO SE PODRÁ EMITIR FACTURA SIN PREVIA RECEPCIÓN CONFORME DE O/C. LA FACTURA DEBE INDICAR EL NÚMERO DE O/C ASOCIADA.  ENVIAR LOS DOCUMENTOS MERCANTILES EN ARCHIVO XLMS Y PDF AL CORREO DIPRESRECEPCION@CUSTODIUM.COM    10 DÍAS HÁBILES
1057532-5764-SE25;CC-DCR/Servicio de Aseo/Edif. Rodriguez/Noviembre;12;Recepción Conforme;1057532-44-LP25;SE;CLP;;2;22;CL;2025-12-24T11:22:48.81;2025-12-24T11:36:47.55;2025-12-29T11:49:03.08;;2025-12-24T11:31:00;5.0;3;2000000.0;19.0;380000.0;2380000.0;1057532;Bienes y Servicios;61.607.600-0;Servicio Público;Av. Juan Mackenna N°825, Edificio Plaza Sur;Osorno;Región de los Lagos ;Daniela Cona Rios;ADMINISTRATIVO;;222251;Fumiservi Sur Ltda.;77.997.300-k;OBRAS MENORES EN CONSTRUCCION (CONTRATISTAS, ALBAN;YERBAS BUENAS N° 475;Valdivia;Región de Los Ríos;Patricia  Marquez Oyarzun;Secretaria;;CONVENIO DE SERVICIO DE ASEO POR 18 MESES AÑOS 2025-2026 PARA LA DIRECCION DEL SERVICIO DE SALUD OSORNO Y ESTABLECIMIENTOS DEPENDIENTES DE LA RED ASISTENCIAL DE SALUD Y EN LOS QUE EL SSO ACTUÉ COMO UNIDAD TÉCNICA EN EJECUCIÓN DE OBRAS” DESDE 1057532-44-LP25    Nota: No se podrá emitir factura sin previa recepción conforme de O/C. La factura debe indicar el número de O/C asociada. Enviar factura en archivo xlms y pdf al correo dipresrecepcion@custodium.com.
1057532-5752-TD25;Orden de Compra generada por Trato Directo ID 1057532-24-FTD25;12;Recepción Conforme;;TD;CLP;;2;7;Other;2025-12-22T08:21:06;2025-12-22T10:37:38.413;2025-12-22T17:45:22.913;;2025-12-31T08:48:00;0.0;0;18779339.0;19.0;3107896.0;19465242.0;1057532;Bienes y Servicios;61.607.600-0;Servicio Público;;Osorno;Región de los Lagos ;Bastian Miranda Coronado;PROFESIONAL;;1490987;SIEMENS HEALTHCARE EQUIPOS MEDICOS SPA;76.481.921-7;OTROS TIPOS DE VENTA AL POR MENOR NO REALIZADA EN ALMACENES N.C.P.| OTRAS ACTIVIDADES EMPRESARIALES RELACIONADAS CON LA SALUD HUMANA;A  DE CORDOVA 4580 OF 41 PS 4 SEC VISTA 360 N° No hay Dato;María Elena;Región Metropolitana de Santiago;German Morales;RL;;F3-234-DPTO. ARTICULACION DE LA RED ASISTENCIAL. Proviene de Trato Directo ID 1057532-24-FTD25 NOTA: No se podrá emitir Factura sin previa Recepción Conforme de la OC./ La factura debe indicar N° de OC asociada. Enviar los  documentos mercantiles en archivo xlms y pdf al correo dipresrecepcion@custodium.com.
1057532-5408-AG25;F2-369-RVM/Depto. At. Primaria-Capacitación Atención inclusiva y humanizada en salud para población LGBTIQA+ en contexto de Atención Primaria.;12;Recepción Conforme;;AG;CLP;;2;22;Other;2025-10-27T09:59:59.88;2025-10-28T10:44:52.313;2025-11-13T13:37:21.803;;2025-10-28T10:43:00;0.0;0;1889000.0;0.0;0.0;1889000.0;1057532;Bienes y Servicios;61.607.600-0;Servicio Público;;Osorno;Región de los Lagos ;Rosa Vasquez;Jefe S Subdepartamento Abastecimiento SSO;;1472061;Quinta Capacitación;76.532.024-0;Prestación de Servicios de Capacitación;Avenida Libertad 63, oficina 508;Viña del Mar;Región de Valparaíso ;Felipe Ignacio Rojas Aedo;Viña del Mar;;Orden de Compra codigo: 1057532-5408-AG25 dirigida a Quinta Capacitación SpA  Capacitación Atención inclusiva y humanizada en salud para población LGBTIQA+ en contexto de Atención Primaria.  Nota: No se podrá emitir factura sin previa recepción conforme de O/C. La factura debe indicar el número de O/C asociada. Enviar factura  en archivo xlms y pdf al correo dipresrecepcion@custodium.com.
1057532-5785-SE25;CC-DCR/Adquisición Prestaciones de Rehabilitación Integral TEA /Diciembre 2025;12;Recepción Conforme;1057532-66-LE25;SE;CLP;;2;12;CL;2025-12-29T15:44:51.767;2025-12-29T16:24:20.133;2025-12-30T11:42:25.183;;2025-12-29T15:49:00;0.0;0;17058370.0;0.0;0.0;17058370.0;1057532;Bienes y Servicios;61.607.600-0;Servicio Público;Av. Juan Mackenna N°825, Edificio Plaza Sur;* ;Región de los Lagos ;Daniela Cona Rios;ADMINISTRATIVO;;1976543;CENTRO TERAPÉUTICO NEUROINCLUSIVO NEUROCRECE SPA;77.874.665-4;OTROS SERVICIOS DE ATENCION DE LA SALUD HUMANA PRE;CESAR ERCILLA 1967;Osorno;Región de los Lagos ; ;;;PRESTACIONES DE REHABILITACIÓN INTEGRAL TEA 2° LLAMADO DESDE 1057532-66-LE25    NOTA: NO SE PODRA EMITIR FACTURA SIN PREVIA RECEPCION CONFORME A OC.  FACTURA DEBE SEÑALAR OC ASOCIADA.  SE DEBEN ENVIAR DOCUMENTOS MERCANTILES EN ARCHIVO XLMS O PDF AL SIGUIENTE CORREO,  dipresrecepcion@custodium.com
1057532-5569-SE25;CC-DCR/Convenio de Accesorios SAMU;12;Recepción Conforme;1057532-18-LE25;SE;CLP;;2;7;CL;2025-11-19T10:29:51.513;2025-11-19T12:21:41.437;2025-11-20T10:23:56.97;;2025-11-19T12:15:00;4.0;17;2390800.0;19.0;454252.0;2845052.0;1057532;Bienes y Servicios;61.607.600-0;Servicio Público;Av. Juan Mackenna N°825, Edificio Plaza Sur;* ;Región de los Lagos ;Daniela Cona Rios;ADMINISTRATIVO;;30766;PV EQUIP  SA;79.895.670-1;VENTA AL POR MAYOR DE MAQUINARIA, HERRAMIENTAS, EQ;Santa Elena de Huechuraba N° 1160;Huechuraba;Región Metropolitana de Santiago;Juan Enrique Moreno Hodar;Gerente de Ventas;;F3-147 CONVENIO DE ACCESORIOS COMPATIBLES CON EQUIPOS MARCA ZOLL, BASE SAMU   OSORNO, PERIODO 2025 ID Nº1057532-18-LE25/ De acuerdo a correo electrónico de fecha 19.11.2025 solicita emisión de O/C.    NOTA: No se podrá emitir factura sin previa recepción conforme de O/C. La factura debe indicar el Número de O/C asociada, de acuerdo Ley 20.727 de enero del 2014.  Enviar los documentos mercantiles en archivo xlms y pdf al correo dipresrecepcion@custodium.com
1057532-4807-AG25;F1-146-IVO/ADQUISICION DE PROTECTORES SOLARES;12;Recepción Conforme;;AG;CLP;;2;7;Other;2025-07-28T11:24:58.807;2025-07-28T15:01:58.117;2025-07-31T16:21:50.893;;2025-07-28T11:30:00;2.9363636363636365;44;25000.0;19.0;5890.0;36890.0;1057532;Bienes y Servicios;61.607.600-0;Servicio Público;;Osorno;Región de los Lagos ;Ivan Vargas Ojeda;Comprador Administrativo;;139257;EDUARDO AWAD MANZUR;76.205.148-6;Comercial;AV. COLORADO 921;Quilicura;Región Metropolitana de Santiago;Eduardo  Awad;Gerente de Venta;;FSC N° 146 SECCION MANTENIMIENTO DE VEHICULOS  Orden de Compra código: 1057532-4807-AG25 dirigida a Awad Artículos Médicos LTDA., Orden de Compra generada por invitación a compra ágil: 1057532-525-COT25. Nota: No se podrá emitir factura sin previa recepción conforme de O/C. La factura debe indicar el número de O/C asociada. Enviar factura en archivo xlms y pdf al correo dipresrecepcion@custodium.com.
1057532-5762-SE25;CC-DCR/Servicio de Aseo/Base SAMU/Noviembre;12;Recepción Conforme;1057532-44-LP25;SE;CLP;;2;22;CL;2025-12-24T11:22:23.307;2025-12-24T11:36:37.37;2025-12-29T11:46:04.257;;2025-12-24T11:26:00;5.0;3;1110000.0;19.0;210900.0;1320900.0;1057532;Bienes y Servicios;61.607.600-0;Servicio Público;Av. Juan Mackenna N°825, Edificio Plaza Sur;Osorno;Región de los Lagos ;Daniela Cona Rios;ADMINISTRATIVO;;222251;Fumiservi Sur Ltda.;77.997.300-k;OBRAS MENORES EN CONSTRUCCION (CONTRATISTAS, ALBAN;YERBAS BUENAS N° 475;Valdivia;Región de Los Ríos;Patricia  Marquez Oyarzun;Secretaria;;CONVENIO DE SERVICIO DE ASEO POR 18 MESES AÑOS 2025-2026 PARA LA DIRECCION DEL SERVICIO DE SALUD OSORNO Y ESTABLECIMIENTOS DEPENDIENTES DE LA RED ASISTENCIAL DE SALUD Y EN LOS QUE EL SSO ACTUÉ COMO UNIDAD TÉCNICA EN EJECUCIÓN DE OBRAS” DESDE 1057532-44-LP25    Nota: No se podrá emitir factura sin previa recepción conforme de O/C. La factura debe indicar el número de O/C asociada. Enviar factura en archivo xlms y pdf al correo dipresrecepcion@custodium.com.
1057727-58-AG25;PROYECTO BIENESTAR HBSJO / ESTIMULANDO LOS PRIMEROS PASOS;12;Recepción Conforme;;AG;CLP;;2;7;Other;2025-11-10T10:45:49.247;2025-11-13T17:46:29.66;2025-11-14T09:55:52.26;;2025-11-13T17:42:00;3.92;5;379455.0;19.0;72096.0;451551.0;1057727;Bienestar;61.607.600-0;Servicio Público;;Osorno;Región de los Lagos ;Jonathan Salvo Currin;Profesional;;1410024;PLASTIMAR LIMITADA;76.354.051-0;Imp.,Exp., y Com. de Productos para el Area Educ.,Deport. y Recreativa;5 ORIENTE N° 134;Viña del Mar;Región de Valparaíso ;Laura  Navarro Arostegui;Viña del Mar;;Orden de Compra codigo: 1057727-58-AG25 dirigida a PLASTIMAR LIMITADA    Justificación selección de cotización menos económica: Los productos o servicios cotizados cumplen de mejor manera con los requisitos técnicos solicitados.
1057532-5620-AG25;F2-198-LDA/compra ágil:1057532-833-COT25/CURSO GESTOR INCLUSIÓN LABORAL;12;Recepción Conforme;;AG;CLP;;2;22;Other;2025-11-27T17:44:13.643;2025-12-02T11:13:23.557;2025-12-02T13:58:33.16;;2025-12-01T10:20:00;0.0;0;1200000.0;0.0;0.0;1200000.0;1057532;Bienes y Servicios;61.607.600-0;Servicio Público;;Osorno;Región de los Lagos ;Lesly Andrea Díaz Aburto;Administrativo;;1770673;AVANZA INCLUSION CAPACITACIONES SPA;77.276.963-6;OTROS TIPOS DE ENSEÑANZA N.C.P.;LIMACHE 1985;Viña del Mar;Región de Valparaíso ;Evelyn Contreras;Directora OTEC;;Orden de Compra codigo: 1057532-5620-AG25 dirigida a AVANZA INCLUSION CAPACITACIONES SPA//FORMULARIO N°198//  Nota: No se podrá emitir factura sin previa recepción conforme de O/C. La factura debe indicar el número de O/C asociada. Enviar factura en archivo xlms y pdf al correo dipresrecepcion@custodium.com.
1057532-5741-SE25;CC-DCR/Mantención Preventiva Anual en Clínica Mamógrafo Mercedes Benz Atego, PPU: LV.KR-60/DSSO.;12;Recepción Conforme;1057532-101-LQ24;SE;CLP;;2;22;CL;2025-12-18T15:47:18.313;2025-12-18T16:17:01.86;2025-12-29T11:25:11.32;;2025-12-18T16:14:00;4.0;44;1700411.0;19.0;323078.0;2023489.0;1057532;Bienes y Servicios;61.607.600-0;Servicio Público;Av. Juan Mackenna N°825, Edificio Plaza Sur;Osorno;Región de los Lagos ;Daniela Cona Rios;ADMINISTRATIVO;;26855;KAUFMANN S A VEHICULOS MOTORIZADOS;92.475.000-6;VENTA AL POR MAYOR DE VEHICULOS AUTOMOTORES (IMPOR;Sebastopol # 2205, Parque Industrial Anticura;Ancud;Región de los Lagos ;Eduardo  Mansilla (Servicio);Jefe Taller;;"F3-118/SECCION DE MANTENIMIENTO DE VEHICULOS.    Orden de Compra desde Licitación 1057532-101-LQ24:""CONVENIO DE SERVICIOS DE MANTENCION PREVENTIVA, CORRECTIVA Y/O REPARATIVA VEHICULOS MERCEDES BENZ DE LA DIRECCION DEL SSO Y HOSPITALES DEPENDIENTES.    NOTA: No se podrá emitir factura sin previa recepción conforme de O/C. La factura debe indicar el Número de O/C asociada. Enviar los documentos mercantiles en archivo xlms y pdf al correo dipresrecepcion@custopdium.com."
1057532-5747-SE25;CC-DCR/Convenio Suministro de Ayudas Técnicas;12;Recepción Conforme;1057532-9-LE25;SE;CLP;;2;7;CL;2025-12-19T11:42:38.027;2025-12-19T11:50:04.29;2025-12-22T11:56:15.75;;2025-12-19T11:46:00;4.683333333333334;12;4050000.0;19.0;769500.0;4819500.0;1057532;Bienes y Servicios;61.607.600-0;Servicio Público;Av. Juan Mackenna N°825, Edificio Plaza Sur;* ;Región de los Lagos ;Daniela Cona Rios;ADMINISTRATIVO;;90783;GLOBAL HEALTHCARE CHILE L P OFICINA DE REPRESENTACION EN CHILE;59.106.780-k;VENTA AL POR MAYOR DE OTROS PRODUCTOS N.C.P.| VENT;LAS ACACIAS 02655 MOD 4 N° No hay Dato;San Bernardo;Región Metropolitana de Santiago;Iván Vera;administrador;;L.P. ID 1057532-9-LE25 CONVENIO SUMINISTRO DE AYUDAS TÉCNICAS GES Y PILOTO NO GES PROVEER A LA RED ASISTENCIAL DEL S.S.O., AÑO 2025.   De acuerdo a correo electrónico de fecha 18.12.2025 por solicitud emisión O/C.    NOTA: NO SE PODRÁ EMITIR FACTURA SIN PREVIA RECEPCIÓN CONFORME DE O/C LAS FACTURAS DEBEN INDICAR Nº O/C ASOCIADA Ley 20.727 del Enero 2014.  Enviar los documentos mercantiles en archivo xlms y pdf al correo dipresrecepcion@custodium.com    DESPACHAR A: Av. Manuel Rodríguez 759, Osorno.  Contacto Q.F. Leonor Araneda A., Director Técnico Droguería, Fono 64-2-335651.  Lunes a jueves entre las 08:00 a 12:30 hrs. y de 14:00 hrs. a 16:30 hrs. y  Viernes de 08:00 hrs. a 12:30 hrs. y de 14:00 hrs. a 15:30 hrs.
1057532-4057-AG25;MAR.041 Orden de Compra generada por invitación a compra ágil: 1057532-155-COT25;12;Recepción Conforme;;AG;CLP;;2;7;Other;2025-03-26T09:03:57.043;2025-03-26T10:29:05.61;2025-03-26T11:53:45.68;;2025-03-26T10:28:00;0.0;0;71000.0;19.0;13490.0;84490.0;1057532;Bienes y Servicios;61.607.600-0;Servicio Público;;Osorno;Región de los Lagos ;Miguel Aro;Administrativo;;1776346;MATERIALES EDUCATIVOS Y OTROS MASLOVA SOLEDAD CASTRO NUÑEZ E.I.R.L.;77.285.806-K;FABRICACION DE INSTRUMENTOS MUSICALES;PJE RAMON BARROS 510 LOS PRESIDENTES N° No hay Dato;Cauquenes;Región del Maule ;soledad  castro;administrativo mercado publico;;Orden de Compra codigo: 1057532-4057-AG25 dirigida a MATERIALES EDUCATIVOS Y OTROS MASLOVA SOLEDAD CASTRO NUÑEZ E.I.R.L.  NOTA: No se podrá emitir factura sin previa recepción conforme de O/C. La factura debe indicar el Número de O/C asociada.  Enviar los documentos mercantiles en archivo xlms y pdf al correo dipresrecepcion@custodium.com.  FOLIO N° 41 / COSAM RAHUE.
1057532-4061-AG25;MAR-041 Orden de Compra generada por invitación a compra ágil: 1057532-154-COT25;12;Recepción Conforme;;AG;CLP;;2;7;Other;2025-03-26T09:25:40.843;2025-03-26T10:22:36.957;2025-03-26T10:59:42.16;;2025-03-26T10:22:00;0.0;0;37815.0;19.0;7185.0;45000.0;1057532;Bienes y Servicios;61.607.600-0;Servicio Público;;Osorno;Región de los Lagos ;Miguel Aro;Administrativo;;1776346;MATERIALES EDUCATIVOS Y OTROS MASLOVA SOLEDAD CASTRO NUÑEZ E.I.R.L.;77.285.806-K;FABRICACION DE INSTRUMENTOS MUSICALES;PJE RAMON BARROS 510 LOS PRESIDENTES N° No hay Dato;Cauquenes;Región del Maule ;soledad  castro;administrativo mercado publico;;Orden de Compra codigo: 1057532-4061-AG25 dirigida a MATERIALES EDUCATIVOS Y OTROS MASLOVA SOLEDAD CASTRO NUÑEZ E.I.R.L.  NOTA: No se podrá emitir factura sin previa recepción conforme de O/C. La factura debe indicar el Número de O/C asociada.  Enviar los documentos mercantiles en archivo xlms y pdf al correo dipresrecepcion@custodium.com.  FOLIO N°41 / COSAM RAHUE.
1057532-1-TD26;Orden de Compra generada por Trato Directo ID 1057532-17-FTD25;9;Cancelada;;TD;CLP;;2;7;Other;2026-01-02T10:10:15;2026-01-02T10:17:53.107;;2026-01-05T16:20:54.39;2026-01-02T10:13:00;0.0;0;2395550.0;0.0;0.0;2395550.0;1057532;Bienes y Servicios;61.607.600-0;Servicio Público;;Osorno;Región de los Lagos ;Bastian Miranda Coronado;PROFESIONAL;;30185;MEGASALUD SPA;96.942.400-2;ESTABLECIMIENTOS MEDICOS DE ATENCION AMBULATORIA (CENTROS MEDICOS);LOS CONQUISTADORES N° 1730;María Elena;Región Metropolitana de Santiago;Gerardo  Valenzuela;Sub-Gerente Comercial;;Mantener la disponibilidad de exámenes de la especialidad de ecotomografía abdominal y mamaria para los usuarios requirentes de los Hospitales dependientes del Servicio de Salud Osorno.
1057532-4815-CM25;F3-134-AVP//Adquisición de Alimentos para usuarios con enfermedad o infección de tuberculosis latente//DAP;12;Recepción Conforme;;CM;CLP;;2;12;CL;2025-07-30T08:37:21.66;2025-07-30T17:01:00.58;2025-07-31T09:05:17.947;;2025-07-30T09:32:00;0.0;0;6580920.0;19.0;0.0;6580920.0;1057532;Bienes y Servicios;61.607.600-0;Servicio Público;Av. Juan Mackenna N°825, Edificio Plaza Sur;Osorno;Región de los Lagos ;Alicia Vidal Paredes;;;1653536;SOCIEDAD PROCESADORA DE PARTES Y PIEZAS LIMITADA;76.178.855-8;OTRAS ACTIVIDADES DE VENTA POR MENOR;Avenida providencia 1208 OF 1603;;;;Contacto;;Orden de Compra codigo: 1057532-4815-CM25 dirigida a SOCIEDAD PROCESADORA DE PARTES Y PIEZAS LIMITADA
1057532-5770-AG25;F3-146/LDA/compra ágil:1057532-932-COT25/Fieltro de Descarga Clínica;12;Recepción Conforme;;AG;CLP;;2;7;Other;2025-12-29T10:29:10.547;2025-12-29T11:14:52.427;2025-12-29T16:56:06.707;;2025-12-29T10:37:00;0.0;0;4116000.0;19.0;782040.0;4898040.0;1057532;Bienes y Servicios;61.607.600-0;Servicio Público;;Osorno;Región de los Lagos ;Lesly Andrea Díaz Aburto;Administrativo;;1918544;HOSPIMEDICA SPA;76.706.567-1;VENTA AL POR MAYOR DE PRODUCTOS FARMACEUTICOS Y MEDICINALES;BOMB NUNEZ 181;Recoleta;Región Metropolitana de Santiago; ;;;Orden de Compra codigo: 1057532-5770-AG25 dirigida a HOSPIMEDICA SPA//FORMULARIO Nº146//  Nota: No se podrá emitir factura sin previa recepción conforme de O/C. La factura debe indicar el número de O/C asociada. Enviar factura en archivo xlms y pdf al correo dipresrecepcion@custodium.com.
1057532-4797-AG25;F2-216-RUA /compra ágil: 1057532-495-COT25;12;Recepción Conforme;;AG;CLP;;2;12;Other;2025-07-24T15:36:02.91;2025-07-28T09:19:00.99;2025-07-29T11:27:55.59;;2025-07-24T15:45:00;0.0;0;1008403.0;19.0;191597.0;1200000.0;1057532;Bienes y Servicios;61.607.600-0;Servicio Público;;Osorno;Región de los Lagos ;Rubén Uribe;Administrativo;;1541334;Radio Sinergia;76.584.365-0;ACTIVIDAD DE RADIO Y PUBLICIDAD;Bernardo OHiggins 580 Dpto 43;Osorno;Región de los Lagos ;WALESKA ANDREA arevalo heitzer;Osorno;;NOTA: No se podrá emitir factura sin previa recepción conforme de O/C. La factura debe indicar el Número de O/C asociada. Enviar los documentos mercantiles en archivo xlms y pdf al correo dipresrecepcion@custopdium.com.
1057532-5802-SE25;CC-DCR/Mant. Correctiva Ambulancia Ford Transit, PPU. KX.SL-77/ SAMU;12;Recepción Conforme;1057532-136-LQ24;SE;CLP;12;2;22;CL;2025-12-31T09:58:05.687;2025-12-31T11:03:25.947;2026-01-05T15:07:21.48;;2026-01-05T15:07:00;0.0;0;4727350.0;19.0;898196.0;5625546.0;1057532;Bienes y Servicios;61.607.600-0;Servicio Público;Av. Juan Mackenna N°825, Edificio Plaza Sur;* ;Región de los Lagos ;Daniela Cona Rios;ADMINISTRATIVO;;1703723;FRANCISCO ALEJANDRO ARRIAGADA NAHUELPÁN;16.906.109-2;MANTENIMIENTO Y REPARACION DE VEHICULOS AUTOMOTORE;GOLFO DE ANCUD 1133;Osorno;Región de los Lagos ;FRANCISCO ALEJANDRO ARRIAGADA NAHUELPAN;gerente ;;“SERVICIOS DE MANTENCION PREVENTIVA, CORRECTIVA Y/O REPARATIVAS PARA LAS CONVERSIONES EN AMBULANCIAS Y VEHÍCULOS CON EQUIPOS ESPECIALES DEL SERVICIO DE SALUD OSORNO AÑO 2025”. Licitación Pública ID N°1057532-136-LQ24.    Nota: No se podrá emitir factura sin previa recepción conforme de O/C. La factura debe indicar el número de O/C asociada. Enviar factura en archivo xlms y pdf al correo dipresrecepcion@custodium.com.
1057532-4582-AG25;Orden de Compra generada por invitación a compra ágil: 1057532-439-COT25;12;Recepción Conforme;;AG;CLP;;2;7;Other;2025-06-19T17:18:32.907;2025-06-19T17:28:43.21;2025-06-20T01:42:10.953;;2025-06-19T17:24:00;5.0;1;294105.0;19.0;55880.0;349985.0;1057532;Bienes y Servicios;61.607.600-0;Servicio Público;;Osorno;Región de los Lagos ;Alicia Vidal Paredes;Comprador Administrativo;;1234841;MARLENE ERFILIA ALARCÓN VILLARROEL;10.493.648-2;VENTA AL POR MENOR DE PRODUCTOS DE CONFITERIAS, CIGARRILLOS, Y OTROS| ESTABLECIMIENTOS DE COMIDA RAPIDA (BARES, FUENTES DE SODA, GELATERIAS,| CENTROS DE ACCESO A INTERNET;Callao 1527, Osorno;Osorno;Región de los Lagos ;Marlene Erfilia Alarcón Villarroel;Dueña;;Orden de Compra codigo: 1057532-4582-AG25 dirigida a MARLENE ERFILIA ALARCÓN VILLARROEL//Orden de Compra generada por invitación a compra ágil: 1057532-439-COT25//NOTA: NO SE PODRÁ EMITIR FACTURA SIN PREVIA RECEPCIÓN CONFORME DE O/C. //LA FACTURA DEBE INDICAR EL NÚMERO DE O/C ASOCIADA. DEBERAN: ENVIAR LOS DOCUMENTOS MERCANTILES EN ARCHIVO XLMS Y PDF AL CORREO dipresrecepcion@custodium.com
1057532-5034-CC25;CC-DCR/Servicio de Diplomado en Psicooncología Adulto y Pediatrico;12;Recepción Conforme;4127-43-LE25;CC;CLP;;2;12;CL;2025-09-04T12:35:46.89;2025-09-04T15:30:41.923;2025-09-05T09:41:35.24;;2025-09-04T14:56:00;5.0;4;1275000.0;0.0;0.0;1275000.0;1057532;Bienes y Servicios;61.607.600-0;Servicio Público;Av. Juan Mackenna N°825, Edificio Plaza Sur;Osorno;Región de los Lagos ;Daniela Cona Rios;ADMINISTRATIVO;;17932;UNIVERSIDAD MAYOR;71.500.500-k;UNIVERSIDADES;M MONTT 367 N° No hay Dato;Providencia;Región Metropolitana de Santiago;Paola Cerpa Sun;Jefe Comercial de Capacitacion Licitaciones y MP;;O/C Proveniente de Licitación 4127-43-LE24    NOTA: NO SE PODRA EMITIR FACTURA SIN PREVIA RECEPCION CONFORME A OC.  FACTURA DEBE SEÑALAR OC ASOCIADA.  SE DEBEN ENVIAR DOCUMENTOS MERCANTILES EN ARCHIVO XLMS O PDF AL SIGUIENTE CORREO,  dipresrecepcion@custodium.com
1057532-5609-AG25;F2-296-VMA-DEPARTAMENTO ATENCION PRIMARIA / JUEGOS DE MESA;12;Recepción Conforme;;AG;CLP;;2;7;Other;2025-11-27T08:42:32.013;2025-11-27T10:43:06.057;2026-01-05T12:06:40.3;;2026-01-05T12:07:00;5.0;1;348884.0;19.0;66288.0;415172.0;1057532;Bienes y Servicios;61.607.600-0;Servicio Público;;Osorno;Región de los Lagos ;Verónica Aracely Márquez Aguila;Comprador;;235736;Aula Editores;76.591.500-7;VENTA AL POR MAYOR DE LIBROS| VENTA AL POR MENOR DE OTROS PRODUCTOS EN PEQUENOS ALMACENES NO ESPECIA;HUELEN 95 DP 21 N° No hay Dato;Providencia;Región Metropolitana de Santiago;eduardo albornoz;gerente general;;F2-296-VMA-DEPARTAMENTO ATENCION PRIMARIA   Orden de Compra código: 1057532-5609-AG25 dirigida a AULA EDITORES S.A  Orden de Compra generada por invitación a compra ágil: 1057532-898-COT25    NOTA: NO SE PODRÁ EMITIR FACTURA SIN PREVIA RECEPCIÓN CONFORME DE O/C. LA FACTURA DEBE INDICAR EL NÚMERO DE O/C ASOCIADA.  ENVIAR LOS DOCUMENTOS MERCANTILES EN ARCHIVO XLMS Y PDF AL CORREO DIPRESRECEPCION@CUSTODIUM.COM    Despacho 5 días hábiles
1057532-5766-SE25;CC-DCR/Servicio Correctivo Ambulancia Base SAMU PPU JB.CY-47;12;Recepción Conforme;1057532-101-LQ24;SE;CLP;;2;22;CL;2025-12-26T11:22:59.58;2025-12-26T12:25:18.757;2026-01-05T15:02:56.5;;2026-01-05T15:03:00;4.0;44;1165070.0;19.0;221363.0;1386433.0;1057532;Bienes y Servicios;61.607.600-0;Servicio Público;Av. Juan Mackenna N°825, Edificio Plaza Sur;Osorno;Región de los Lagos ;Daniela Cona Rios;ADMINISTRATIVO;;26855;KAUFMANN S A VEHICULOS MOTORIZADOS;92.475.000-6;VENTA AL POR MAYOR DE VEHICULOS AUTOMOTORES (IMPOR;Sebastopol # 2205, Parque Industrial Anticura;Ancud;Región de los Lagos ;Eduardo  Mansilla (Servicio);Jefe Taller;;"F3-118/SECCION DE MANTENIMIENTO DE VEHICULOS.  Orden de Compra desde Licitación 1057532-101-LQ24:""CONVENIO DE SERVICIOS DE MANTENCION PREVENTIVA, CORRECTIVA Y/O REPARATIVA VEHICULOS MERCEDES BENZ DE LA DIRECCION DEL SSO Y HOSPITALES DEPENDIENTES.  NOTA: No se podrá emitir factura sin previa recepción conforme de O/C. La factura debe indicar el Número de O/C asociada. Enviar los documentos mercantiles en archivo xlms y pdf al correo dipresrecepcion@custopdium.com."
1057532-5-TD26;Orden de Compra generada por Trato Directo ID 1057532-2-FTD26;6;Aceptada;;TD;CLP;14;2;22;Other;2026-01-02T15:04:51;2026-01-02T15:51:51.22;2026-01-05T09:54:49.763;;2026-01-02T15:54:00;4.9;4;400000.0;0.0;0.0;400000.0;1057532;Bienes y Servicios;61.607.600-0;Servicio Público;;Osorno;Región de los Lagos ;JUAN FELIPE ROJEL HUENTRO;PROFESIONAL DE APOYO;;66175;INTERNATIONAL TELEMEDICAL SYSTEMS CHILE SPA;96.995.590-3;VENTA AL POR MAYOR DE OTROS PRODUCTOS N.C.P.| ALQUILER DE OTROS TIPOS DE MAQUINARIAS Y EQUIPOS N.C.P.| OTRAS ACTIVIDADES EMPRESARIALES N.C.P.| OTROS PROFESIONALES DE LA SALUD;Apoquindo N° 2929;María Elena;Región Metropolitana de Santiago;Evelyn  Alfaro;Jefe de Licitaciones ;;TD Suministro arriendo de electrocardiógrafos e informe de electrocardiogramas para establecimientos de salud de la Red de Urgencia Osorno.
1057532-4418-AG25;F2-154-RUA/Avisos Radiales Campaña Invierno;12;Recepción Conforme;;AG;CLP;;2;7;Other;2025-05-20T14:29:02.85;2025-05-20T15:33:55.05;2025-05-22T10:20:26.37;;2025-05-20T15:33:00;5.0;1;630252.0;19.0;119748.0;750000.0;1057532;Bienes y Servicios;61.607.600-0;Servicio Público;;Osorno;Región de los Lagos ;Rubén Uribe;Administrativo;;1177087;Labra y Gonzalez S.A.;76.096.095-0;EMPRESAS DE PUBLICIDAD| OTRAS ACTIVIDADES EMPRESARIALES N.C.P.| CENTROS DE FORMACION TECNICA| ACTIVIDADES DE TELEVISION| ACTIVIDADES DE RADIO| AGENCIAS DE NOTICIAS;Eleuterio Ramirez 324;Purranque;Región de los Lagos ;Cristián Andres Labra ;Gerente General;;NOTA:NO SE PODRA EMITIR FACTURA SIN PREVIA RECEPCION CONFORME A OC / FACTURA DEBE SEÑALAR OC ASOCIADA / SE DEBEN ENVIAR DOCUMENTOS MERCANTILES EN ARCHIVO XLMS O PDF AL SIGUIENTE CORREO, dipresrecepcion@custodium.com
1057532-5796-SE25;CC-DCR/Servicios Correctivos Furgón Mercedes Benz Sprinter PPU RH.ZJ-31/DSSO;12;Recepción Conforme;1057532-101-LQ24;SE;CLP;;2;22;CL;2025-12-30T15:43:43.133;2025-12-30T17:09:46.577;2026-01-05T15:09:47.7;;2026-01-05T15:10:00;4.0;44;167106.0;19.0;31750.0;198856.0;1057532;Bienes y Servicios;61.607.600-0;Servicio Público;Av. Juan Mackenna N°825, Edificio Plaza Sur;* ;Región de los Lagos ;Daniela Cona Rios;ADMINISTRATIVO;;26855;KAUFMANN S A VEHICULOS MOTORIZADOS;92.475.000-6;VENTA AL POR MAYOR DE VEHICULOS AUTOMOTORES (IMPOR;Sebastopol # 2205, Parque Industrial Anticura;Ancud;Región de los Lagos ;Eduardo  Mansilla (Servicio);Jefe Taller;;"F3-118/SECCION DE MANTENIMIENTO DE VEHICULOS.  Orden de Compra desde Licitación 1057532-101-LQ24:""CONVENIO DE SERVICIOS DE MANTENCION PREVENTIVA, CORRECTIVA Y/O REPARATIVA VEHICULOS MERCEDES BENZ DE LA DIRECCION DEL SSO Y HOSPITALES DEPENDIENTES.    NOTA: No se podrá emitir factura sin previa recepción conforme de O/C. La factura debe indicar el Número de O/C asociada. Enviar los documentos mercantiles en archivo xlms y pdf al correo dipresrecepcion@custopdium.com."
1057532-5734-SE25;CC-DCR/Mantención Correctiva Ambulancia Mercedes-Benz Sprinter 314 CDI Base SAMU PPU PC.VF-21;12;Recepción Conforme;1057532-101-LQ24;SE;CLP;;2;22;CL;2025-12-18T08:40:29.667;2025-12-18T14:59:55.513;2026-01-05T15:10:37.377;;2026-01-05T15:11:00;4.0;44;1312628.0;19.0;249399.0;1562027.0;1057532;Bienes y Servicios;61.607.600-0;Servicio Público;Av. Juan Mackenna N°825, Edificio Plaza Sur;* ;Región de los Lagos ;Daniela Cona Rios;ADMINISTRATIVO;;26855;KAUFMANN S A VEHICULOS MOTORIZADOS;92.475.000-6;VENTA AL POR MAYOR DE VEHICULOS AUTOMOTORES (IMPOR;Sebastopol # 2205, Parque Industrial Anticura;Ancud;Región de los Lagos ;Eduardo  Mansilla (Servicio);Jefe Taller;;"F3-118/SECCION DE MANTENIMIENTO DE VEHICULOS.  Orden de Compra desde Licitación 1057532-101-LQ24:""CONVENIO DE SERVICIOS DE MANTENCION PREVENTIVA, CORRECTIVA Y/O REPARATIVA VEHICULOS MERCEDES BENZ DE LA DIRECCION DEL SSO Y HOSPITALES DEPENDIENTES.    NOTA: No se podrá emitir factura sin previa recepción conforme de O/C. La factura debe indicar el Número de O/C asociada. Enviar los documentos mercantiles en archivo xlms y pdf al correo dipresrecepcion@custopdium.com."
1057532-7-TD26;Orden de Compra generada por Trato Directo ID 1057532-17-FTD25;9;Cancelada;;TD;CLP;;2;7;Other;2026-01-05T16:22:48;2026-01-05T16:29:26.007;;2026-01-05T16:38:29.15;2026-01-05T16:24:00;0.0;0;2395550.0;0.0;0.0;2395550.0;1057532;Bienes y Servicios;61.607.600-0;Servicio Público;;Osorno;Región de los Lagos ;Bastian Miranda Coronado;PROFESIONAL;;30185;MEGASALUD SPA;96.942.400-2;ESTABLECIMIENTOS MEDICOS DE ATENCION AMBULATORIA (CENTROS MEDICOS);LOS CONQUISTADORES N° 1730;María Elena;Región Metropolitana de Santiago;Gerardo  Valenzuela;Sub-Gerente Comercial;;Mantener la disponibilidad de exámenes de la especialidad de ecotomografía abdominal y mamaria para los usuarios requirentes de los Hospitales dependientes del Servicio de Salud Osorno.
1057532-5769-SE25;F1-551-MAR//ADQUISICION DE LENTES / PRAIS;12;Recepción Conforme;;SE;CLP;;2;7;CL;2025-12-29T07:48:50.577;2025-12-29T08:28:55.573;2025-12-31T12:52:30.86;;2025-12-29T08:14:00;0.0;0;360000.0;19.0;68400.0;428400.0;1057532;Bienes y Servicios;61.607.600-0;Servicio Público;Av. Juan Mackenna N°825, Edificio Plaza Sur;Osorno;Región de los Lagos ;MIGUEL ARO ROA;Comprador Administrativo;;2066037;VISION NATURAL SPA;78.256.545-1;VENTA AL POR MENOR DE ARTICULOS OPTICOS EN COMERCI;SAN ANTONIO 19 OF 404 , DEPARTAMENTO 404;Santiago;Región Metropolitana de Santiago; ;;;O/C Reemplaza a la 1057532-5751-AG25, problema en el compromiso cierto en sigfe  ( presupuesto no se puede cargar),   no se podra emitir factura sin previa recepcion conforme a O/C, factura debe indicar el N° de O/C asociada. enviar dctos, mercantiles en archivo xlms y pdf al correo: dipresrecepcion@custodium.com
1057532-5414-AG25;F1-537-MAR Orden de Compra generada por invitación a compra ágil: 1057532-793-COT25;12;Recepción Conforme;;AG;CLP;;2;7;Other;2025-10-27T14:29:40.653;2025-10-27T14:51:35.453;2025-10-28T09:06:03.04;;2025-10-27T14:33:00;0.0;0;236000.0;0.0;0.0;236000.0;1057532;Bienes y Servicios;61.607.600-0;Servicio Público;;Osorno;Región de los Lagos ;Miguel Aro;Administrativo;;1659191;Andes Sur Spa;76.945.433-0;centros medicos, atención ambulatoria;cristobal colon Nº781;Osorno;Región de los Lagos ;Paola  Aguilar Aviles;Administradora;;Orden de Compra codigo: 1057532-5414-AG25 dirigida a SOCIEDAD MEDICA ANDES SUR SPA  NOTA: No se podrá emitir factura sin previa recepción conforme de O/C. La factura debe indicar el Número de O/C asociada.  Enviar los documentos mercantiles en archivo xlms y pdf al correo dipresrecepcion@custodium.com  FOLIO N° 537 / PRAIS.
1057727-36-SE25;F1-403-RUA/compra ágil: 1057532-711-COT25;12;Recepción Conforme;;SE;CLP;;2;12;CL;2025-10-03T08:39:04.723;2025-10-03T13:51:59.473;2025-10-03T23:51:00.547;;2025-10-03T13:50:00;0.0;0;427500.0;14.5;72500.0;500000.0;1057727;Bienestar;61.607.600-0;Servicio Público;Av. Juan Mackenna N°825, Edificio Plaza Sur;Osorno;Región de los Lagos ;Rubén Uribe;Administrativo;;2059840;JEANS MICHAEL REYES CEA;20.314.374-5;ENSEÑANZA CULTURAL;PHILLIPPI 932;Valdivia;Región de Los Ríos; ;;;Esta orden de compra proviene de CA 1057532-711-COT25//  NOTA: No se podrá emitir factura sin previa recepción conforme de O/C. La factura debe indicar el Número de O/C asociada. Enviar los  documentos mercantiles en archivo xlms y pdf al correo dipresrecepcion@custodium.com
1057532-5777-SE25;CC-DCR/Servicio Plagas/SAMU/Octubre 2025;12;Recepción Conforme;1057532-84-LE23;SE;CLP;;2;7;CL;2025-12-29T12:43:54.387;2025-12-29T16:31:48.213;2026-01-06T09:52:20.37;;2026-01-06T09:52:00;0.0;0;38000.0;19.0;7220.0;45220.0;1057532;Bienes y Servicios;61.607.600-0;Servicio Público;Av. Juan Mackenna N°825, Edificio Plaza Sur;Osorno;Región de los Lagos ;Daniela Cona Rios;ADMINISTRATIVO;;1497623;QUARTO CONSULTORES Y SERVICIOS  LIMITADA;76.596.219-6;ASESORIAS EMPRESARIALES;ELEUTERIO RAMIREZ OF 300;Osorno;Región de los Lagos ;MAURICIO ALEJANDRO  PACHECO MUÑOZ;OSORNO;;NOTA:NO SE PODRA EMITIR FACTURA SIN PREVIA RECEPCION CONFORME A OC / FACTURA DEBE SEÑALAR OC ASOCIADA / SE DEBEN ENVIAR DOCUMENTOS MERCANTILES EN ARCHIVO XLMS O PDF AL SIGUIENTE CORREO, dipresrecepcion@custodium.com
1057532-5780-SE25;CC-DCR/Servicio Plagas/PEULLA/Noviembre 2025;12;Recepción Conforme;1057532-84-LE23;SE;CLP;;2;7;CL;2025-12-29T12:45:28.7;2025-12-29T17:05:41.177;2026-01-06T09:50:45.133;;2026-01-06T09:51:00;0.0;0;76000.0;19.0;14440.0;90440.0;1057532;Bienes y Servicios;61.607.600-0;Servicio Público;Av. Juan Mackenna N°825, Edificio Plaza Sur;Osorno;Región de los Lagos ;Daniela Cona Rios;ADMINISTRATIVO;;1497623;QUARTO CONSULTORES Y SERVICIOS  LIMITADA;76.596.219-6;ASESORIAS EMPRESARIALES;ELEUTERIO RAMIREZ OF 300;Osorno;Región de los Lagos ;MAURICIO ALEJANDRO  PACHECO MUÑOZ;OSORNO;;NOTA:NO SE PODRA EMITIR FACTURA SIN PREVIA RECEPCION CONFORME A OC / FACTURA DEBE SEÑALAR OC ASOCIADA / SE DEBEN ENVIAR DOCUMENTOS MERCANTILES EN ARCHIVO XLMS O PDF AL SIGUIENTE CORREO, dipresrecepcion@custodium.com
1057532-5665-CC25;CC-LDA/TALLER PROFUNDIZACIÓN DE DD.HH;12;Recepción Conforme;4127-103-LE25;CC;CLP;;2;22;CL;2025-12-03T17:34:58.98;2025-12-12T12:54:25.5;2025-12-12T15:34:19.507;;2025-12-03T17:40:00;0.0;0;334484.0;0.0;0.0;334484.0;1057532;Bienes y Servicios;61.607.600-0;Servicio Público;Av. Juan Mackenna N°825, Edificio Plaza Sur;Osorno;Región de los Lagos ;Lesly Andrea Díaz Aburto;Administrativo;;17929;UNIVERSIDAD ACADEMIA DE HUMANISMO CRISTIANO;71.470.400-1;VENTA AL POR MENOR DE OTROS PRODUCTOS EN PEQUENOS;Condell 343;Providencia;Región Metropolitana de Santiago;Leyla  Matamala Rozas;Unidad de Prestación de Servicios y Consultoría;;TALLER DE PROFUNDIZACIÓN DE DD.HH. Y SU APLICABILIDAD EN HOSPITALIZACIÓN PSIQUIATRICA//4127-103-LE25//  Nota: No se podrá emitir factura sin previa recepción conforme de O/C. La factura debe indicar el número de O/C asociada. Enviar factura en archivo xlms y pdf al correo dipresrecepcion@custodium.com.
1057532-8-TD26;Orden de Compra generada por Trato Directo ID 1057532-17-FTD25;6;Aceptada;;TD;CLP;;2;7;Other;2026-01-05T16:39:12;2026-01-05T16:47:10.143;2026-01-06T09:04:07.453;;2026-01-06T08:36:00;0.0;0;2395550.0;0.0;0.0;2395550.0;1057532;Bienes y Servicios;61.607.600-0;Servicio Público;;Osorno;Región de los Lagos ;Bastian Miranda Coronado;PROFESIONAL;;30185;MEGASALUD SPA;96.942.400-2;ESTABLECIMIENTOS MEDICOS DE ATENCION AMBULATORIA (CENTROS MEDICOS);LOS CONQUISTADORES N° 1730;María Elena;Región Metropolitana de Santiago;Gerardo  Valenzuela;Sub-Gerente Comercial;;Mantener la disponibilidad de exámenes de la especialidad de ecotomografía abdominal y mamaria para los usuarios requirentes de los Hospitales dependientes del Servicio de Salud Osorno.
1057532-4320-CM25;F3-141-JOA/ Convenio suministro combustible/Orden de Compra 1057532-4320-CM25;12;Recepción Conforme;;CM;CLP;;2;12;CL;2025-05-06T16:44:38.013;2025-05-07T08:56:05.42;2025-05-07T08:58:02.917;;2025-05-06T17:10:00;4.576315789473684;152;46351744.0;0.0;0.0;46351744.0;1057532;Bienes y Servicios;61.607.600-0;Servicio Público;Av. Juan Mackenna N°825, Edificio Plaza Sur;Osorno;Región de los Lagos ;JACQUELINE  OYARZUN ALVAREZ;;;22090;ESMAX DISTRIBUCION LIMITADA;79.588.870-5;FABRICACION DE PRODUCTOS DE HORNOS DE COQUE| VENTA AL POR MAYOR DE COMBUSTIBLES SOLIDOS, LIQUIDOS Y GASEOSOS Y PROD| VENTA AL POR MAYOR NO ESPECIALIZADA| VENTA AL POR MENOR DE COMBUSTIBLES PARA VEHICULOS AUTOMOTORES EN COMER;RUTA 5 NORTE KM N° 860;;;;Contacto;;Compra de combustible móviles y ambulancias dependientes de la Dirección del Servicio de Salud Osorno, desde abril 2025 a diciembre 2025, Orden de Compra N°1057532-4320-CM25 dirigida a ESMAX DISTRIBUCION SPA.
1057532-5631-CC25;CC/LDA/SERV. LOGISTICOS Y ACADÉMICOS INICIATIVAS;12;Recepción Conforme;4127-47-LR25;CC;CLP;5378;2;22;CL;2025-12-01T09:10:29.67;2025-12-01T10:00:48.703;2025-12-02T08:59:37.027;;2025-12-01T09:36:00;0.0;0;6623500.0;0.0;0.0;6623500.0;1057532;Bienes y Servicios;61.607.600-0;Servicio Público;Av. Juan Mackenna N°825, Edificio Plaza Sur;Osorno;Región de los Lagos ;Lesly Andrea Díaz Aburto;Administrativo;;1231604;ATOM CAPACITACIONES LIMITADA;76.101.226-6;SERVICIOS PERSONALES DE EDUCACION;Santa Magdalena 75 oficina 612;Providencia;Región Metropolitana de Santiago;Ignacio  Arnal ;Encargado de Calidad ;;Servicios Logísticos y Académicos de Iniciativas Extraordinarias de Capacitación y Perfeccionamiento dirigidos a Profesionales que se desempeñan en Atención Primaria de Salud Municipal//RESOLUCIÓN EXENTA N°800 DEL 03.11.2025/ID 4127-47-LR25  Nota: No se podrá emitir factura sin previa recepción conforme de O/C. La factura debe indicar el número de O/C asociada. Enviar factura en archivo xlms y pdf al correo dipresrecepcion@custodium.com.
1057532-5775-SE25;CC-DCR/Servicio Plagas/COSAM Oriente/Octubre 2025;12;Recepción Conforme;1057532-84-LE23;SE;CLP;;2;7;CL;2025-12-29T12:42:25.57;2025-12-29T16:31:12.407;2026-01-06T09:52:50.073;;2026-01-06T09:53:00;0.0;0;38000.0;19.0;7220.0;45220.0;1057532;Bienes y Servicios;61.607.600-0;Servicio Público;Av. Juan Mackenna N°825, Edificio Plaza Sur;Osorno;Región de los Lagos ;Daniela Cona Rios;ADMINISTRATIVO;;1497623;QUARTO CONSULTORES Y SERVICIOS  LIMITADA;76.596.219-6;ASESORIAS EMPRESARIALES;ELEUTERIO RAMIREZ OF 300;Osorno;Región de los Lagos ;MAURICIO ALEJANDRO  PACHECO MUÑOZ;OSORNO;;NOTA:NO SE PODRA EMITIR FACTURA SIN PREVIA RECEPCION CONFORME A OC / FACTURA DEBE SEÑALAR OC ASOCIADA / SE DEBEN ENVIAR DOCUMENTOS MERCANTILES EN ARCHIVO XLMS O PDF AL SIGUIENTE CORREO, dipresrecepcion@custodium.com
1057532-5783-SE25;CC-DCR/Servicio Plagas/COSAM Rahue/Noviembre 2025;12;Recepción Conforme;1057532-84-LE23;SE;CLP;;2;7;CL;2025-12-29T12:46:27.41;2025-12-29T17:05:57.883;2026-01-06T09:51:25.66;;2026-01-06T09:51:00;0.0;0;38000.0;19.0;7220.0;45220.0;1057532;Bienes y Servicios;61.607.600-0;Servicio Público;Av. Juan Mackenna N°825, Edificio Plaza Sur;Osorno;Región de los Lagos ;Daniela Cona Rios;ADMINISTRATIVO;;1497623;QUARTO CONSULTORES Y SERVICIOS  LIMITADA;76.596.219-6;ASESORIAS EMPRESARIALES;ELEUTERIO RAMIREZ OF 300;Osorno;Región de los Lagos ;MAURICIO ALEJANDRO  PACHECO MUÑOZ;OSORNO;;NOTA:NO SE PODRA EMITIR FACTURA SIN PREVIA RECEPCION CONFORME A OC / FACTURA DEBE SEÑALAR OC ASOCIADA / SE DEBEN ENVIAR DOCUMENTOS MERCANTILES EN ARCHIVO XLMS O PDF AL SIGUIENTE CORREO, dipresrecepcion@custodium.com
1057532-5772-SE25;CC-DCR/Servicio Plagas/DSSO/Octubre 2025;12;Recepción Conforme;1057532-84-LE23;SE;CLP;;2;7;CL;2025-12-29T12:41:32.817;2025-12-29T16:30:54.477;2026-01-06T09:53:36.833;;2026-01-06T09:54:00;0.0;0;76000.0;19.0;14440.0;90440.0;1057532;Bienes y Servicios;61.607.600-0;Servicio Público;Av. Juan Mackenna N°825, Edificio Plaza Sur;Osorno;Región de los Lagos ;Daniela Cona Rios;ADMINISTRATIVO;;1497623;QUARTO CONSULTORES Y SERVICIOS  LIMITADA;76.596.219-6;ASESORIAS EMPRESARIALES;ELEUTERIO RAMIREZ OF 300;Osorno;Región de los Lagos ;MAURICIO ALEJANDRO  PACHECO MUÑOZ;OSORNO;;NOTA:NO SE PODRA EMITIR FACTURA SIN PREVIA RECEPCION CONFORME A OC / FACTURA DEBE SEÑALAR OC ASOCIADA / SE DEBEN ENVIAR DOCUMENTOS MERCANTILES EN ARCHIVO XLMS O PDF AL SIGUIENTE CORREO, dipresrecepcion@custodium.com
1057532-5795-SE25;CC-DCR/Beneficio de Alimentación/Diciembre 2025;12;Recepción Conforme;;SE;CLP;;2;22;CL;2025-12-30T12:03:22.01;2025-12-30T12:31:50.32;2025-12-30T16:07:50.923;;2025-12-30T12:18:00;4.767676767676767;99;35164650.0;19.0;6347219.0;39753637.0;1057532;Bienes y Servicios;61.607.600-0;Servicio Público;Av. Juan Mackenna N°825, Edificio Plaza Sur;* ;Región de los Lagos ;Daniela Cona Rios;ADMINISTRATIVO;;27693;EDENRED CHILE SOCIEDAD ANONIMA;96.781.350-8;RESTAURANTES| OTROS TIPOS DE INTERMEDIACION MONETA;Avenida Andres Bello # 2687, piso 13.;Las Condes;Región Metropolitana de Santiago;YASMIN GUERRA;ADMINISTRATIVA MERCADO PUBLICO;;F3-103-RUA  GC 73778//Beneficio Alimentación para funcionarios.    NOTA: NO SE PODRÁ EMITIR FACTURA SIN PREVIA RECEPCIÓN CONFORME DE O/C LAS FACTURAS DEBEN INDICAR Nº O/C ASOCIADA Ley 20.727 del Enero 2014.  Enviar los documentos mercantiles en archivo xlms y pdf al correo dipresrecepcion@custodium.com
1057532-5781-SE25;CC-DCR/Servicio Plagas/PRAIS/Noviembre 2025;12;Recepción Conforme;1057532-84-LE23;SE;CLP;;2;7;CL;2025-12-29T12:45:47.527;2025-12-29T17:05:46.813;2026-01-06T09:50:58.81;;2026-01-06T09:51:00;0.0;0;38000.0;19.0;7220.0;45220.0;1057532;Bienes y Servicios;61.607.600-0;Servicio Público;Av. Juan Mackenna N°825, Edificio Plaza Sur;Osorno;Región de los Lagos ;Daniela Cona Rios;ADMINISTRATIVO;;1497623;QUARTO CONSULTORES Y SERVICIOS  LIMITADA;76.596.219-6;ASESORIAS EMPRESARIALES;ELEUTERIO RAMIREZ OF 300;Osorno;Región de los Lagos ;MAURICIO ALEJANDRO  PACHECO MUÑOZ;OSORNO;;NOTA:NO SE PODRA EMITIR FACTURA SIN PREVIA RECEPCION CONFORME A OC / FACTURA DEBE SEÑALAR OC ASOCIADA / SE DEBEN ENVIAR DOCUMENTOS MERCANTILES EN ARCHIVO XLMS O PDF AL SIGUIENTE CORREO, dipresrecepcion@custodium.com
1057532-5774-SE25;CC-DCR/Servicio Plagas/PRAIS/Octubre 2025;12;Recepción Conforme;1057532-84-LE23;SE;CLP;;2;7;CL;2025-12-29T12:42:07.067;2025-12-29T16:31:07.867;2026-01-06T09:53:05.83;;2026-01-06T09:53:00;0.0;0;38000.0;19.0;7220.0;45220.0;1057532;Bienes y Servicios;61.607.600-0;Servicio Público;Av. Juan Mackenna N°825, Edificio Plaza Sur;Osorno;Región de los Lagos ;Daniela Cona Rios;ADMINISTRATIVO;;1497623;QUARTO CONSULTORES Y SERVICIOS  LIMITADA;76.596.219-6;ASESORIAS EMPRESARIALES;ELEUTERIO RAMIREZ OF 300;Osorno;Región de los Lagos ;MAURICIO ALEJANDRO  PACHECO MUÑOZ;OSORNO;;NOTA:NO SE PODRA EMITIR FACTURA SIN PREVIA RECEPCION CONFORME A OC / FACTURA DEBE SEÑALAR OC ASOCIADA / SE DEBEN ENVIAR DOCUMENTOS MERCANTILES EN ARCHIVO XLMS O PDF AL SIGUIENTE CORREO, dipresrecepcion@custodium.com
1057532-5778-SE25;CC-DCR/Servicio Plagas/Kümelen/Noviembre 2025;12;Recepción Conforme;1057532-84-LE23;SE;CLP;;2;22;CL;2025-12-29T12:44:46.53;2025-12-29T17:05:23.14;2025-12-29T17:10:56.613;;2025-12-29T16:36:00;0.0;0;38000.0;19.0;7220.0;45220.0;1057532;Bienes y Servicios;61.607.600-0;Servicio Público;Av. Juan Mackenna N°825, Edificio Plaza Sur;Osorno;Región de los Lagos ;Daniela Cona Rios;ADMINISTRATIVO;;1497623;QUARTO CONSULTORES Y SERVICIOS  LIMITADA;76.596.219-6;ASESORIAS EMPRESARIALES;ELEUTERIO RAMIREZ OF 300;Osorno;Región de los Lagos ;MAURICIO ALEJANDRO  PACHECO MUÑOZ;OSORNO;;NOTA:NO SE PODRA EMITIR FACTURA SIN PREVIA RECEPCION CONFORME A OC / FACTURA DEBE SEÑALAR OC ASOCIADA / SE DEBEN ENVIAR DOCUMENTOS MERCANTILES EN ARCHIVO XLMS O PDF AL SIGUIENTE CORREO, dipresrecepcion@custodium.com
1057532-5776-SE25;CC-DCR/Servicio Plagas/COSAM Rahue/Octubre 2025;12;Recepción Conforme;1057532-84-LE23;SE;CLP;;2;7;CL;2025-12-29T12:43:27.61;2025-12-29T16:31:17.787;2026-01-06T09:52:35.643;;2026-01-06T09:53:00;0.0;0;38000.0;19.0;7220.0;45220.0;1057532;Bienes y Servicios;61.607.600-0;Servicio Público;Av. Juan Mackenna N°825, Edificio Plaza Sur;Osorno;Región de los Lagos ;Daniela Cona Rios;ADMINISTRATIVO;;1497623;QUARTO CONSULTORES Y SERVICIOS  LIMITADA;76.596.219-6;ASESORIAS EMPRESARIALES;ELEUTERIO RAMIREZ OF 300;Osorno;Región de los Lagos ;MAURICIO ALEJANDRO  PACHECO MUÑOZ;OSORNO;;NOTA:NO SE PODRA EMITIR FACTURA SIN PREVIA RECEPCION CONFORME A OC / FACTURA DEBE SEÑALAR OC ASOCIADA / SE DEBEN ENVIAR DOCUMENTOS MERCANTILES EN ARCHIVO XLMS O PDF AL SIGUIENTE CORREO, dipresrecepcion@custodium.com
1057532-5784-SE25;CC-DCR/Servicio Plagas/SAMU/Noviembre 2025;12;Recepción Conforme;1057532-84-LE23;SE;CLP;;2;7;CL;2025-12-29T12:46:54.373;2025-12-29T17:06:02.183;2026-01-06T09:51:49.973;;2026-01-06T09:52:00;0.0;0;38000.0;19.0;7220.0;45220.0;1057532;Bienes y Servicios;61.607.600-0;Servicio Público;Av. Juan Mackenna N°825, Edificio Plaza Sur;Osorno;Región de los Lagos ;Daniela Cona Rios;ADMINISTRATIVO;;1497623;QUARTO CONSULTORES Y SERVICIOS  LIMITADA;76.596.219-6;ASESORIAS EMPRESARIALES;ELEUTERIO RAMIREZ OF 300;Osorno;Región de los Lagos ;MAURICIO ALEJANDRO  PACHECO MUÑOZ;OSORNO;;NOTA:NO SE PODRA EMITIR FACTURA SIN PREVIA RECEPCION CONFORME A OC / FACTURA DEBE SEÑALAR OC ASOCIADA / SE DEBEN ENVIAR DOCUMENTOS MERCANTILES EN ARCHIVO XLMS O PDF AL SIGUIENTE CORREO, dipresrecepcion@custodium.com
1057532-5743-SE25;CC-DCR/Convenio Arriendo de Ambulancias SAMU/Noviembre 2025;12;Recepción Conforme;1057532-58-LE24;SE;CLP;;2;22;CL;2025-12-18T16:54:20.81;2025-12-18T17:15:59.57;2026-01-06T10:43:39.5;;2026-01-06T10:44:00;0.0;0;9300000.0;19.0;1767000.0;11067000.0;1057532;Bienes y Servicios;61.607.600-0;Servicio Público;Av. Juan Mackenna N°825, Edificio Plaza Sur;Osorno;Región de los Lagos ;Daniela Cona Rios;ADMINISTRATIVO;;1378839;CRISTIAN ALEJANDRO;76.572.290-k;SERVICIO DE RESCATE;LOS COLONOS 2050 OFICINA 23;Osorno;Región de los Lagos ;CRISTIAN ALEJANDRO VERA FIERRO;OSORNO;;CONVENIO DE ARRIENDO DE AMBULANCIAS SAMU POR UN PERIODO DE 12 MESES ID 1057532-58-LE24//    NOTA: No se podrá emitir Factura sin previa Recepción Conforme de la OC./   La factura debe indicar N° de OC asociada. Enviar los documentos mercantiles en archivo xlms y pdf al correo dipresrecepcion@custodium.com.
1057532-5782-SE25;CC-DCR/Servicio Plagas/COSAM Oriente/Noviembre 2025;12;Recepción Conforme;1057532-84-LE23;SE;CLP;;2;7;CL;2025-12-29T12:46:08.01;2025-12-29T17:05:52.513;2026-01-06T09:51:10.79;;2026-01-06T09:51:00;0.0;0;38000.0;19.0;7220.0;45220.0;1057532;Bienes y Servicios;61.607.600-0;Servicio Público;Av. Juan Mackenna N°825, Edificio Plaza Sur;Osorno;Región de los Lagos ;Daniela Cona Rios;ADMINISTRATIVO;;1497623;QUARTO CONSULTORES Y SERVICIOS  LIMITADA;76.596.219-6;ASESORIAS EMPRESARIALES;ELEUTERIO RAMIREZ OF 300;Osorno;Región de los Lagos ;MAURICIO ALEJANDRO  PACHECO MUÑOZ;OSORNO;;NOTA:NO SE PODRA EMITIR FACTURA SIN PREVIA RECEPCION CONFORME A OC / FACTURA DEBE SEÑALAR OC ASOCIADA / SE DEBEN ENVIAR DOCUMENTOS MERCANTILES EN ARCHIVO XLMS O PDF AL SIGUIENTE CORREO, dipresrecepcion@custodium.com
1057532-5773-SE25;CC-DCR/Servicio Plagas/PEULLA/Octubre 2025;12;Recepción Conforme;1057532-84-LE23;SE;CLP;;2;7;CL;2025-12-29T12:41:48.19;2025-12-29T16:31:02.347;2026-01-06T09:53:23.43;;2026-01-06T09:53:00;0.0;0;76000.0;19.0;14440.0;90440.0;1057532;Bienes y Servicios;61.607.600-0;Servicio Público;Av. Juan Mackenna N°825, Edificio Plaza Sur;Osorno;Región de los Lagos ;Daniela Cona Rios;ADMINISTRATIVO;;1497623;QUARTO CONSULTORES Y SERVICIOS  LIMITADA;76.596.219-6;ASESORIAS EMPRESARIALES;ELEUTERIO RAMIREZ OF 300;Osorno;Región de los Lagos ;MAURICIO ALEJANDRO  PACHECO MUÑOZ;OSORNO;;NOTA:NO SE PODRA EMITIR FACTURA SIN PREVIA RECEPCION CONFORME A OC / FACTURA DEBE SEÑALAR OC ASOCIADA / SE DEBEN ENVIAR DOCUMENTOS MERCANTILES EN ARCHIVO XLMS O PDF AL SIGUIENTE CORREO, dipresrecepcion@custodium.com
1057532-9-AG26;F2-388-NAM / Contratación Plan Fibra, Trio: Internet + TV con Deco + Telefonía Hogar por 12 meses /Orden de Compra generada por invitación a compra ágil: 1057532-925-COT25;6;Aceptada;;AG;CLP;;2;7;Other;2026-01-05T17:05:55.84;2026-01-06T12:11:45.86;2026-01-06T14:16:10.9;;2026-01-06T08:45:00;0.0;0;588000.0;19.0;111720.0;699720.0;1057532;Bienes y Servicios;61.607.600-0;Servicio Público;;Osorno;Región de los Lagos ;NICOLAS ASENCIO MOREIRA;COMPRADOR;;2073750;CONEXO SOLUCIONES INTEGRALES SPA;78.211.641-K;INSTALACIONES ELECTRICAS;D PORTALES ESQ JM CARRER;Panguipulli;Región de Los Ríos; ;;;F2-388-NAM / Contratación Plan Fibra, Trio: Internet + TV con Deco + Telefonía Hogar por 12 meses (Enero - Diciembre 2026)  Orden de Compra codigo: 1057532-9-AG26 dirigida a CONEXO SOLUCIONES INTEGRALES SPA    Nota:   No se podrá emitir factura sin previa recepción conforme de O/C.   La factura debe indicar el número de O/C asociada.   Enviar factura en archivo xlms y pdf al correo dipresrecepcion@custodium.com.    Al envio:  Enviar con guía de despacho, para la recepción conforme.
1057532-2269-AG24;F3-125 CONVENIO SERVICIO DE CARTAS CERTIFICADAS/compra ágil:1057532-902-COT24.;12;Recepción Conforme;;AG;CLP;;2;22;Other;2024-12-30T10:29:42.317;2024-12-31T08:56:49.043;2024-12-31T12:26:30.743;;2024-12-30T10:54:00;4.0;92;2000000.0;0.0;0.0;2000000.0;1057532;Bienes y Servicios;61.607.600-0;Servicio Público;;Osorno;Región de los Lagos ;JACQUELINE OYARZUN ALVAREZ;Comprador administrativo;;16120;EMPRESA DE CORREOS DE CHILE;60.503.000-9;OTROS SERVICIOS DE TELECOMUNICACIONES N.C.P.;AUTOP.CONCEPC.TALCAHUANO N° 8671;Talcahuano;Región del Biobío ;Sonia Llanos ;Soporte Licitaciones;;F.S.C. N°125 Convenio de Servicio de Cartas Certificadas para el año 2025//Orden de Compra N°1057532-2269-AG24 dirigida a EMPRESA DE CORREOS DE CHILE.  Enviar los documentos mercantiles en archivo xlms y pdf al correo dipresrecepcion@custodium.com
1057532-4627-SE25;F-3-125-JOA Convenio Suministro de Correspondencia y Encomiendas año 2025 y 2026;12;Recepción Conforme;1057532-46-LE25;SE;CLP;2821;2;7;CL;2025-06-27T15:24:01.063;2025-06-27T15:46:44.12;2025-08-06T13:20:31.043;;2025-06-27T15:35:00;4.0;92;14000000.0;0.0;0.0;14000000.0;1057532;Bienes y Servicios;61.607.600-0;Servicio Público;Av. Juan Mackenna N°825, Edificio Plaza Sur;Osorno;Región de los Lagos ;JACQUELINE OYARZUN ALVAREZ;Comprador administrativo;;16120;EMPRESA DE CORREOS DE CHILE;60.503.000-9;OTROS SERVICIOS DE TELECOMUNICACIONES N.C.P.;AUTOP.CONCEPC.TALCAHUANO N° 8671;Talcahuano;Región del Biobío ;Sonia Llanos ;Soporte Licitaciones;;F.S.C. N°125CONVENIO SUMINISTRO DE CORRESPONDENCIA Y ENCOMIENDAS PARA EL SERVICIO DE SALUD OSORNO AÑO 2025 Y 2026 DESDE 1057532-46-LE25.
1057532-5746-SE25;CC-DCR/Adquisición Días Rehab. Tipo II/Noviembre 2025;12;Recepción Conforme;1057532-11-LP25;SE;CLP;;2;22;CL;2025-12-19T10:52:33.973;2025-12-19T11:13:27.78;2025-12-23T11:26:18.9;;2025-12-19T11:00:00;0.0;0;17208600.0;0.0;0.0;17208600.0;1057532;Bienes y Servicios;61.607.600-0;Servicio Público;Av. Juan Mackenna N°825, Edificio Plaza Sur;Osorno;Región de los Lagos ;Daniela Cona Rios;ADMINISTRATIVO;;111112;AMORE;65.129.460-6;OTRAS ACTIVIDADES EMPRESARIALES RELACIONADAS CON L;Ayacucho esq. Caracas s/n;Osorno;Región de los Lagos ;Roxana   Ríos Aburto;Representante Legal de la Agrupación AMORE;;F3-207-SUB. DPTO. GESTION CLINICA Y ADMINISTRATIVA  ADQUISICION SERVICIO DIAS PROGRAMA DE REHABILITACION TIPO II PARA EL SSO, EN LA CIUDAD DE OSORNO.    ORDEN DE COMPRA DESDE 1057532-11-LP25.    NOTA: NO SE PODRÁ EMITIR FACTURA SIN PREVIA RECEPCIÓN CONFORME DE O/C. LA FACTURA DEBE INDICAR EL NÚMERO DE O/C ASOCIADA.  ENVIAR LOS DOCUMENTOS MERCANTILES EN ARCHIVO XLMS Y PDF AL CORREO DIPRESRECEPCION@CUSTODIUM.COM.
1057532-2234-AG24;ADQUISICION DE PAN CORRIENTE PARA EL AÑO 2025// CTPEULLA;12;Recepción Conforme;;AG;CLP;;2;7;Other;2024-12-23T11:46:19.45;2024-12-23T14:58:33.9;2024-12-26T09:10:59.65;;2024-12-23T12:52:00;0.0;0;1642500.0;0.0;0.0;1642500.0;1057532;Bienes y Servicios;61.607.600-0;Servicio Público;;Osorno;Región de los Lagos ;Alicia Vidal Paredes;Comprador Administrativo;;33645;Centro de Educación y Trabajo de Osorno;61.950.500-k;CULTIVO DE POROTOS O FRIJOL| CULTIVO TRADICIONAL DE HORTALIZAS FRESCAS| CRIA DE PORCINOS| CRIA DE AVES DE CORRAL PARA LA PRODUCCION DE HUEVOS| ELABORACION DE CECINAS, EMBUTIDOS Y CARNES EN CONSERVA.| ELABORACION DE QUESOS| FABRICACION DE PAN, PRODUCTOS DE;AMTAHUER N° 1399;Osorno;Región de los Lagos ;Juan   Imio;Encargado Adquisiciones;;Orden de Compra codigo: 1057532-2234-AG24 dirigida a GENDARMERIA DE CHILE CENTRO DE EDUCACION Y TRABAJO DE OSORNO//Orden de Compra generada por invitación a compra ágil: 1057532-892-COT24//NOTA: NO SE PODRÁ EMITIR FACTURA SIN PREVIA RECEPCIÓN CONFORME DE O/C. //LA FACTURA DEBE INDICAR EL NÚMERO DE O/C ASOCIADA. DEBERAN: ENVIAR LOS DOCUMENTOS MERCANTILES EN ARCHIVO XLMS Y PDF AL CORREO dipresrecepcion@custodium.com
1057532-6-AG26;F3-125-JOA/Convenio cartas certificadas 2026//compra ágil: 1057532-942-COT25.;6;Aceptada;;AG;CLP;;2;22;Other;2026-01-05T10:25:58.897;2026-01-05T12:34:46.17;2026-01-08T16:27:28.677;;2026-01-05T10:41:00;4.0;92;2000000.0;0.0;0.0;2000000.0;1057532;Bienes y Servicios;61.607.600-0;Servicio Público;;Osorno;Región de los Lagos ;JACQUELINE OYARZUN ALVAREZ;Comprador administrativo;;16120;EMPRESA DE CORREOS DE CHILE;60.503.000-9;OTROS SERVICIOS DE TELECOMUNICACIONES N.C.P.;AUTOP.CONCEPC.TALCAHUANO N° 8671;Talcahuano;Región del Biobío ;Sonia Llanos ;Soporte Licitaciones;;F.S.C. N°125 Convenio de Servicio de Cartas Certificadas para el año 2026/Orden de Compra N°1057532-6-AG26 dirigida a EMPRESA DE CORREOS DE CHILE.  Enviar los documentos mercantiles en archivo xlms y pdf al correo dipresrecepcion@custodium.com
1057976-2-SE26;"F4-038-JFR | 3 Visita especialistas a la obra ""Habilitación Angiógrafo HBSJO""";6;Aceptada;1057532-25-LE23;SE;CLP;20;2;22;CL;2026-01-05T16:32:46.457;2026-01-06T15:49:07.76;2026-01-08T11:56:54.617;;2026-01-05T16:40:00;0.0;0;15.0;19.0;3.0;18.0;1057976;Obras Civiles;61.607.600-0;Servicio Público;Av. Juan Mackenna N°825, Edificio Plaza Sur;Osorno;Región de los Lagos ;JUAN FELIPE ROJEL HUENTRO;PROFESIONAL DE APOYO;;1548149;SOCIEDAD DE INGENIERÍA APLICADA EFEYER LIMITADA;76.450.412-7;CONSULTORIA, ASESORÍA Y CAPACITACION EN INGENIERIA;SERRANO 958;Valdivia;Región de Los Ríos;PAOLO NICOLÁS BORLANDO HIPP;VALDIVIA;;"3 Visita especialistas a la obra ""Habilitación Angiógrafo HBSJO"" ID Licitación N°1057922-6-LR25    Informe N°1/23.12.2025.    Licitación Pública ""CONSULTORIA PARA EL DISEÑO “HABILITACIÓN ANGIOGRAFO HBSJO” COMUNA DE OSORNO ID 1057532-25-LE23 adjudicado a la empresa Sociedad de Ingeniería Aplicada Efeyer Ltda.    Montos de las Visitas según Formulario N4 de nómina de profesionales y costo visitas a obra.    Res. Exenta N°18563/25.11.2025 Aprueba Adendum de Contrato  Código BIP: 40005076-0  Ítem Presupuestario: 31.02.002 Consultorías.    Nota: No se podrá emitir factura sin previa recepción conforme de O/C. La factura debe indicar el número de O/C asociada. Enviar factura en archivo xlms y pdf al correo dipresrecepcion@custodium.com"
1057922-195-SE25;F5-043-AAN/ORDEN DE COMPRA DESDE 1057922-58-LP25/COSAM RAHUE;12;Recepción Conforme;1057922-58-LP25;SE;CLP;5490;2;7;CL;2025-12-05T14:58:01.583;2025-12-05T16:17:05.663;2025-12-10T22:18:24.097;;2025-12-05T15:21:00;4.228571428571429;14;1285982.0;19.0;244337.0;1530319.0;1057922;Activos Fijos;61.607.600-0;Servicio Público;Avda. Mackenna Nº 825 ;Osorno;Región de los Lagos ;Ariela Acevedo;PROFESIONAL APOYO;;25048;DEMARKA S A;86.132.100-2;VENTA AL POR MAYOR DE OTROS PRODUCTOS N.C.P.;Av. Marathon 2707, Macul;Macul;Región Metropolitana de Santiago;RENÉ MERINO;ENCARGADO CONVENIO MARCO;;ADQUISICIÓN EQUIPOS DE TECNOLOGÍAS DE LA INFORMACIÓN PARA COSAM RAHUE Y CECOSF EL ENCANTO DESDE 1057922-58-LP25.    NOTA: No se podrá emitir Factura sin previa Recepción Conforme de la OC. La factura debe indicar N° de OC asociada. Enviar los documentos mercantiles en archivo xlms y pdf al correo dipresrecepcion@custodium.com./El o los documentos tributarios, deberán  contener la información que permita tener datos de trazabilidad de los dispositivos médicos como por ejemplo N° de lote/serie, fecha de vencimiento, según lo establecido en la Norma Técnica 226.    Dirección de Despacho: Bodega General ubicada en Manuel Rodríguez N°759, Osorno.   Para el despacho contactar con D. Iván Vargas Ojeda al fono 64 2613580.
1180747-46-AG25;F5-042-AAN/Orden de Compra generada por invitación a compra ágil: 1180747-61-COT25/ PSR CHAN CHAN;12;Recepción Conforme;;AG;CLP;4654;2;7;Other;2025-12-01T09:12:26.46;2025-12-02T12:15:59.073;2025-12-03T10:05:16.857;;2025-12-01T10:35:00;0.0;0;71938.0;19.0;13668.0;85606.0;1180747;Compras Convenio GORE Region de Los Lagos;61.607.600-0;Servicio Público;;Puerto Montt;Región de los Lagos ;Ariela Acevedo;PROFESIONAL APOYO;;1936489;SOCIEDAD DE TRANSPORTES DON RAMO SPA;77.900.706-5;TRANSPORTE DE CARGA POR CARRETERA;VOLCAN CORCOBADO N° 5800;Puerto Montt;Región de los Lagos ; ;;;NOTA: EN LA FACTURA NO SE DEBE ASOCIAR LA OC AL CAMPO 801. El o los documentos tributarios, deberán contener la información que permita tener datos de trazabilidad de los dispositivos médicos como por ejemplo N° de lote/serie, fecha de vencimiento, según lo establecido en la Norma Técnica 226.     Datos facturación: a nombre del Gobierno Regional de Los Lagos, R.U.T.: 72.221.800-0, Dirección: Av. Décima Región 480, 4° piso, Puerto Montt.     Dirección de Despacho: Bodega de Inversiones ubicada en Manuel Rodríguez N°759, Osorno. Para el despacho contactar con D. Iván Vargas Ojeda al fono 64 2613580.
1180747-44-AG25;F5-042-AAN/Orden de Compra generada por invitación a compra ágil: 1180747-56-COT25/ PSR CHAN CHAN;12;Recepción Conforme;;AG;CLP;4652;2;7;Other;2025-12-01T09:08:57.83;2025-12-02T12:14:30.98;2025-12-05T10:25:59.327;;2025-12-01T10:15:00;0.0;0;19780.0;19.0;3758.0;23538.0;1180747;Compras Convenio GORE Region de Los Lagos;61.607.600-0;Servicio Público;;Puerto Montt;Región de los Lagos ;Ariela Acevedo;PROFESIONAL APOYO;;1428379;Luis Alberto.;76.308.099-4;Coercializaciòn y Distribuciòn de Art. Mèdicos Ortop. y laboratorio;Sexta Avenida Nº 1480;San Miguel;Región Metropolitana de Santiago;Luis Alberto. Villarroel Verdugo;Santiago;;NOTA: EN LA FACTURA NO SE DEBE ASOCIAR LA OC AL CAMPO 801. El o los documentos tributarios, deberán contener la información que permita tener datos de trazabilidad de los dispositivos médicos como por ejemplo N° de lote/serie, fecha de vencimiento, según lo establecido en la Norma Técnica 226.     Datos facturación: a nombre del Gobierno Regional de Los Lagos, R.U.T.: 72.221.800-0, Dirección: Av. Décima Región 480, 4° piso, Puerto Montt.     Dirección de Despacho: Bodega de Inversiones ubicada en Amador Barrientos 2360, Osorno. Para el despacho contactar con D. Iván Vargas Ojeda al fono 64 2613580.
1180747-51-AG25;F5-042-AAN/Orden de Compra generada por invitación a compra ágil: 1180747-71-COT25/PSR CHAN CHAN;12;Recepción Conforme;;AG;CLP;4739;2;7;Other;2025-12-05T12:18:53.287;2025-12-09T16:15:09.817;2025-12-11T09:17:22.68;;2025-12-05T12:34:00;0.0;0;274000.0;19.0;52060.0;326060.0;1180747;Compras Convenio GORE Region de Los Lagos;61.607.600-0;Servicio Público;;Puerto Montt;Región de los Lagos ;Ariela Acevedo;PROFESIONAL APOYO;;1477994;COMERCIAL LOS PELLINES SPA;76.467.439-1;Restaurant y Producción de Eventos;Zenteno 861 local 4;;;Claudio Pincheira;Vendedor;;NOTA: EN LA FACTURA NO SE DEBE ASOCIAR LA OC AL CAMPO 801. El o los documentos tributarios, deberán contener la información que permita tener datos de trazabilidad de los dispositivos médicos como por ejemplo N° de lote/serie, fecha de vencimiento, según lo establecido en la Norma Técnica 226.     Datos facturación: a nombre del Gobierno Regional de Los Lagos, R.U.T.: 72.221.800-0, Dirección: Av. Décima Región 480, 4° piso, Puerto Montt.    Dirección de Despacho: Bodega de Inversiones ubicada en Amador Barrientos 2360, Osorno. Para el despacho contactar con D. Iván Vargas Ojeda al fono 64 2613580.
1180747-43-AG25;F5-042-AAN/Orden de Compra generada por invitación a compra ágil: 1180747-55-COT25/PSR CHAN CHAN;12;Recepción Conforme;;AG;CLP;4651;2;7;Other;2025-12-01T09:06:21.603;2025-12-02T12:13:37.71;2025-12-02T12:24:54.253;;2025-12-01T10:05:00;0.0;0;32891.0;19.0;6249.0;39140.0;1180747;Compras Convenio GORE Region de Los Lagos;61.607.600-0;Servicio Público;;Puerto Montt;Región de los Lagos ;Ariela Acevedo;PROFESIONAL APOYO;;1915387;INVERSIONES E IMPORTACIONES CHICAGO SPA;77.809.157-7;;;;; ;;;NOTA: EN LA FACTURA NO SE DEBE ASOCIAR LA OC AL CAMPO 801. El o los documentos tributarios, deberán contener la información que permita tener datos de trazabilidad de los dispositivos médicos como por ejemplo N° de lote/serie, fecha de vencimiento, según lo establecido en la Norma Técnica 226.     Datos facturación: a nombre del Gobierno Regional de Los Lagos, R.U.T.: 72.221.800-0, Dirección: Av. Décima Región 480, 4° piso, Puerto Montt.     Dirección de Despacho: Bodega de Inversiones ubicada en Manuel Rodríguez N°759, Osorno. Para el despacho contactar con D. Iván Vargas Ojeda al fono 64 2613580.
1180747-48-AG25;F5-045-AAN/Orden de Compra generada por invitación a compra ágil: 1180747-66-COT25/Base SAMU Rahue;12;Recepción Conforme;;AG;CLP;4682;2;7;Other;2025-12-02T09:22:32.773;2025-12-04T10:46:33.973;2025-12-04T18:14:55.717;;2025-12-02T09:51:00;5.0;1;204000.0;19.0;47310.0;296310.0;1180747;Compras Convenio GORE Region de Los Lagos;61.607.600-0;Servicio Público;;Puerto Montt;Región de los Lagos ;Bastian Miranda Coronado;PROFESIONAL;;1393143;COMERCIALIZADORA DE PRODUCTOS SUSTENTABLES LIMITADA;76.307.901-5;VENTA AL POR MAYOR NO ESPECIALIZADA;PDTE ERRAZURIZ 3949 N° No hay Dato;Las Condes;Región Metropolitana de Santiago;Pamela Urrutia Briones ;Rep. Ventas;;NOTA: EN LA FACTURA NO SE DEBE ASOCIAR LA OC AL CAMPO 801. El o los documentos tributarios, deberán contener la información que permita tener datos de trazabilidad de los dispositivos médicos como por ejemplo N° de lote/serie, fecha de vencimiento, según lo establecido en la Norma Técnica 226.    Datos facturación: a nombre del Gobierno Regional de Los Lagos, R.U.T.: 72.221.800-0, Dirección: Av. Décima Región 480, 4° piso, Puerto Montt.    Dirección de Despacho: Bodega de Inversiones ubicada en Amador Barrientos 2360, Osorno. Para el despacho contactar con D. Iván Vargas Ojeda al fono 64 2613580.
1180747-50-AG25;F5-042-AAN/Orden de Compra generada por invitación a compra ágil: 1180747-69-COT25/PSR CHAN CHAN;12;Recepción Conforme;;AG;CLP;4738;2;7;Other;2025-12-05T12:11:57.59;2025-12-09T16:18:51.06;2025-12-10T10:13:40.4;;2025-12-09T16:17:00;4.428571428571429;7;210000.0;19.0;39900.0;249900.0;1180747;Compras Convenio GORE Region de Los Lagos;61.607.600-0;Servicio Público;;Puerto Montt;Región de los Lagos ;Bastian Miranda Coronado;PROFESIONAL;;1289036;COMERCIAL INTERMEDICA LIMITADA;76.205.137-0;OBRAS MENORES EN CONSTRUCCION (CONTRATISTAS, ALBANILES, CARPINTEROS)| VENTA AL POR MENOR DE ARTICULOS ORTOPEDICOS| VENTA AL POR MENOR DE ARTICULOS ELECTRODOMESTICOS Y ELECTRONICOS PARA| VENTA AL POR MENOR DE MUEBLES, INCLUYE COLCHONES| VENTA AL POR MENOR;rengo N° 1199;Concepción;Región del Biobío ;Pamela  Gatica;Administrativo;;NOTA: EN LA FACTURA NO SE DEBE ASOCIAR LA OC AL CAMPO 801. El o los documentos tributarios, deberán contener la información que permita tener datos de trazabilidad de los dispositivos médicos como por ejemplo N° de lote/serie, fecha de vencimiento, según lo establecido en la Norma Técnica 226.    Datos facturación: a nombre del Gobierno Regional de Los Lagos, R.U.T.: 72.221.800-0, Dirección: Av. Décima Región 480, 4° piso, Puerto Montt.     Dirección de Despacho: Bodega de Inversiones ubicada en Manuel Rodríguez N°759, Osorno. Para el despacho contactar con D. Iván Vargas Ojeda al fono 64 2613580.
1180747-42-AG25;F5-042-AAN/Orden de Compra generada por invitación a compra ágil: 1180747-54-COT25/PSR CHAN CHAN;12;Recepción Conforme;;AG;CLP;4650;2;7;Other;2025-12-01T09:03:04.373;2025-12-02T12:13:01.937;2025-12-03T01:53:30.627;;2025-12-01T09:55:00;0.0;0;724000.0;19.0;137560.0;861560.0;1180747;Compras Convenio GORE Region de Los Lagos;61.607.600-0;Servicio Público;;Puerto Montt;Región de los Lagos ;Ariela Acevedo;PROFESIONAL APOYO;;1841718;HSL INOXIDABLES SPA;77.210.435-9;FABRICACION DE OTROS PRODUCTOS ELABORADOS DE METAL N.C.P.;EYZAGUIRRE 3835 N° No hay Dato;Puente Alto;Región Metropolitana de Santiago;ANA MARÍA JARA LUNA;ASISTENTE ADMINISTRATIVO;;NOTA: EN LA FACTURA NO SE DEBE ASOCIAR LA OC AL CAMPO 801. El o los documentos tributarios, deberán contener la información que permita tener datos de trazabilidad de los dispositivos médicos como por ejemplo N° de lote/serie, fecha de vencimiento, según lo establecido en la Norma Técnica 226.     Datos facturación: a nombre del Gobierno Regional de Los Lagos, R.U.T.: 72.221.800-0, Dirección: Av. Décima Región 480, 4° piso, Puerto Montt.     Dirección de Despacho: Bodega de Inversiones ubicada en Amador Barrientos 2360, Osorno. Para el despacho contactar con D. Iván Vargas Ojeda al fono 64 2613580.
1180747-45-AG25;F5-042-AAN/Orden de Compra generada por invitación a compra ágil: 1180747-60-COT25/PSR CHAN CHAN;12;Recepción Conforme;;AG;CLP;4653;2;7;Other;2025-12-01T09:10:37.303;2025-12-02T12:15:23.75;2025-12-02T14:10:20.957;;2025-12-01T10:29:00;5.0;1;508400.0;19.0;109896.0;688296.0;1180747;Compras Convenio GORE Region de Los Lagos;61.607.600-0;Servicio Público;;Puerto Montt;Región de los Lagos ;Ariela Acevedo;PROFESIONAL APOYO;;1393143;COMERCIALIZADORA DE PRODUCTOS SUSTENTABLES LIMITADA;76.307.901-5;VENTA AL POR MAYOR NO ESPECIALIZADA;PDTE ERRAZURIZ 3949 N° No hay Dato;Las Condes;Región Metropolitana de Santiago;Pamela Urrutia Briones ;Rep. Ventas;;NOTA: EN LA FACTURA NO SE DEBE ASOCIAR LA OC AL CAMPO 801. El o los documentos tributarios, deberán contener la información que permita tener datos de trazabilidad de los dispositivos médicos como por ejemplo N° de lote/serie, fecha de vencimiento, según lo establecido en la Norma Técnica 226.     Datos facturación: a nombre del Gobierno Regional de Los Lagos, R.U.T.: 72.221.800-0, Dirección: Av. Décima Región 480, 4° piso, Puerto Montt.     Dirección de Despacho: Bodega de Inversiones ubicada en Amador Barrientos 2360, Osorno. Para el despacho contactar con D. Iván Vargas Ojeda al fono 64 2613580.
1180747-47-AG25;F5-045-AAN/Orden de Compra generada por invitación a compra ágil: 1180747-67-COT25/Base SAMU Rahue;12;Recepción Conforme;;AG;CLP;4681;2;7;Other;2025-12-01T16:57:35.223;2025-12-04T10:46:01.647;2025-12-04T11:22:19.127;;2025-12-02T09:44:00;0.0;0;110000.0;19.0;20900.0;130900.0;1180747;Compras Convenio GORE Region de Los Lagos;61.607.600-0;Servicio Público;;Puerto Montt;Región de los Lagos ;Bastian Miranda Coronado;PROFESIONAL;;1747141;ECO CARTES SPA;77.098.051-8;VENTA AL POR MENOR DE OTROS PRODUCTOS EN COMERCIOS ESPECIALIZADOS N.C.;pablo neruda 8803;San Pedro de La Paz;Región del Biobío ; ;;;NOTA: EN LA FACTURA NO SE DEBE ASOCIAR LA OC AL CAMPO 801. El o los documentos tributarios, deberán contener la información que permita tener datos de trazabilidad de los dispositivos médicos como por ejemplo N° de lote/serie, fecha de vencimiento, según lo establecido en la Norma Técnica 226.    Datos facturación: a nombre del Gobierno Regional de Los Lagos, R.U.T.: 72.221.800-0, Dirección: Av. Décima Región 480, 4° piso, Puerto Montt.    Dirección de Despacho: Bodega de Inversiones ubicada en Amador Barrientos N°2360, Osorno. Para el despacho contactar con D. Iván Vargas Ojeda al fono 64 2613580.
1057532-23-SE26;CC-DCR/3 cupos R. Protegida R. M/Diciembre 2025;4;Enviada a proveedor;1057532-108-LP24;SE;CLP;;2;22;CL;2026-01-09T15:28:51.4;2026-01-12T16:31:19.7;;;2026-01-09T15:33:00;0.0;0;3434025.0;0.0;0.0;3434025.0;1057532;Bienes y Servicios;61.607.600-0;Servicio Público;Av. Juan Mackenna N°825, Edificio Plaza Sur;* ;Región de los Lagos ;Daniela Cona Rios;ADMINISTRATIVO;;77120;SOC CLINICA SANTA ELENA LIMITADA;79.975.310-3;HOSPITALES Y CLINICAS;Miguel Angel 02861;La Pintana;Región Metropolitana de Santiago;Juan Arce Pinto  ;Administrador;;F3-123/SUB. DPTO. GESTION CLINICA Y ADMINISTRATIVA  3 CUPOS RESIDENCIA PROTEGIDA R. METROPOLITANA SSO DESDE 1057532-108-LP24.     Nota: No se podrá emitir factura sin previa recepción conforme de O/C. La factura debe indicar el número de O/C asociada. Enviar factura en archivo xlms y pdf al correo dipresrecepcion@custodium.com
1057532-13-TD26;Orden de Compra generada por Trato Directo ID 1057532-2-FTD25;6;Aceptada;;TD;CLP;;2;12;Other;2026-01-07T11:08:29;2026-01-08T10:47:32.427;2026-01-12T12:25:45.243;;2026-01-07T16:40:00;0.0;0;642401.0;19.0;122056.0;764457.0;1057532;Bienes y Servicios;61.607.600-0;Servicio Público;;Osorno;Región de los Lagos ;Daniela Cona Rios;ADMINISTRATIVO;;33151;BIOSUB LTDA.;78.662.650-1;VENTA AL POR MENOR DE OTROS PRODUCTOS EN PEQUENOS ALMACENES NO ESPECIA| COMERCIO AL POR MENOR DE ARMERIAS, ARTICULOS DE CAZA Y PESCA| OTROS SERVICIOS DE TELECOMUNICACIONES N.C.P.| ALQUILER DE AUTOS Y CAMIONETAS SIN CHOFER;M. RODRIGUEZ N° 245/A;Putre;Región de los Lagos ;Aram Mutis W. Aram Mutis W.;DUEÑO;;SOPORTE Y MANTENIMIENTO SISTEMA DE REPETICIÓN VHF SERVICIO DE SALUD OSORNO (SITIO VOLCAN OSORNO Y HOSPITAL BASE SAN JOSÉ OSORNO), POR PERIODO DE 2 AÑOS.
1057532-5713-AG25;F2-296-VMA / ARTÍCULOS DE OFICINA;12;Recepción Conforme;;AG;CLP;;2;7;Other;2025-12-12T08:48:01.45;2025-12-12T15:54:51.83;2025-12-15T15:19:09.873;;2025-12-12T09:04:00;0.0;0;711229.0;19.0;135134.0;846363.0;1057532;Bienes y Servicios;61.607.600-0;Servicio Público;;Osorno;Región de los Lagos ;Verónica Aracely Márquez Aguila;Comprador;;1982422;SANTA MARÍA SMOKESHOP SPA;77.604.103-3;VENTA AL POR MAYOR DE TABACO;AHUMADA N° 254;Santiago;Región Metropolitana de Santiago; ;;;F2-296-VMA / DEPARTAMENTO ATENCIÓN PRIMARIA  Orden de Compra código: 1057532-5713-AG25 dirigida a SANTA MARÍA SMOKESHOP SPA  Orden de Compra generada por invitación a compra ágil: 1057532-915-COT25    NOTA: NO SE PODRÁ EMITIR FACTURA SIN PREVIA RECEPCIÓN CONFORME DE O/C. LA FACTURA DEBE INDICAR EL NÚMERO  DE O/C ASOCIADA.  ENVIAR LOS DOCUMENTOS MERCANTILES EN ARCHIVO XLMS Y PDF AL CORREO DIPRESRECEPCION@CUSTODIUM.COM
1057532-33-SE26;CC-DCR/Conv. Sumin. Ayudas Técnicas 2026/G.C. 78315;6;Aceptada;;SE;CLP;;2;7;CL;2026-01-09T17:07:53.087;2026-01-13T09:08:14.723;2026-01-14T11:22:23.487;;2026-01-09T17:25:00;0.0;0;3471000.0;19.0;659490.0;4130490.0;1057532;Bienes y Servicios;61.607.600-0;Servicio Público;Av. Juan Mackenna N°825, Edificio Plaza Sur;Osorno;Región de los Lagos ;Daniela Cona Rios;ADMINISTRATIVO;;1408913;SIMIL EXPRESS S.A.;76.106.857-1;VENTA AL POR MAYOR DE OTROS PRODUCTOS N.C.P.;RIO CLARILLO 1246 ENEA N° No hay Dato;Pudahuel;Región Metropolitana de Santiago;jacqueline grossman;SANTIAGO;;Gran Compra ID:78315 - Convenio de suministro de ayudas técnicas GES para año 2026/Solicitud de emisión de O/C. del 09.01.2026.    Nota: No se podrá emitir factura sin previa recepción conforme de O/C. La factura debe indicar el Número de O/C asociada, de acuerdo Ley 20.727 de Enero del 2014.  Enviar los documentos mercantiles en archivo xlms y pdf al correo   dipresrecepcion@custodium.com     DESPACHAR A: Av. Manuel Rodríguez 759, Osorno.  Contacto Q.F. Leonor Araneda A., Director Técnico Droguería, Fono 64-2-335651.  Lunes a jueves entre las 08:00 a 12:30 hrs. y de 14:00 hrs. a 16:30 hrs. y  Viernes de 08:00 hrs. a 12:30 hrs. y de 14:00 hrs. a 15:30 hrs
1057532-29-SE26;CC-DCR/Servicio de Movilización/COSAM Oriente/Diciembre;6;Aceptada;1057532-144-LE24;SE;CLP;;2;22;CL;2026-01-09T16:16:00.967;2026-01-13T14:51:38.703;2026-01-14T18:31:10.157;;2026-01-09T16:18:00;0.0;0;1451100.0;0.0;0.0;1451100.0;1057532;Bienes y Servicios;61.607.600-0;Servicio Público;Av. Juan Mackenna N°825, Edificio Plaza Sur;* ;Región de los Lagos ;Daniela Cona Rios;ADMINISTRATIVO;;62282;SOC COMERCIAL OASIS LIMITADA;79.554.260-4;SERVICIOS DE TRANSPORTE A TURISTAS| AGENCIAS Y OR;OHiggins # 779;Osorno;Región de los Lagos ;Luis R. Costa Bahamonde Luis R. Costa Bahamonde;Representante Legal;;F3-117/DCR//CENTRO DE SALUD MENTAL COMUNITARIO COSAM ORIENTE  ORDEN DE COMPRA DESDE 1057532-144-LE24.    CONVENIO DE MOVILIZACIÓN PARA COSAM RAHUE Y COSAM ORIENTE DEPENDIENTES DEL SERVICIO DE SALUD OSORNO AÑO 2025 DESDE 1057532-144-LE24    NOTA: No se podrá emitir factura sin previa recepción conforme de O/C. La factura debe indicar el Número de O/C asociada.   Enviar los documentos mercantiles en archivo xlms y pdf al correo dipresrecepcion@custodium.com
1057532-48-SE26;CC-JOA/Conv. sumin. de medicamentos/COSAM RAHUE.;6;Aceptada;1057532-33-LP25;SE;CLP;;2;7;CL;2026-01-14T09:32:38.95;2026-01-14T15:25:23.38;2026-01-14T18:18:42.087;;2026-01-14T15:32:00;3.27027027027027;37;129900.0;19.0;24681.0;154581.0;1057532;Bienes y Servicios;61.607.600-0;Servicio Público;Av. Juan Mackenna N°825, Edificio Plaza Sur;Osorno;Región de los Lagos ;JACQUELINE OYARZUN ALVAREZ;Comprador administrativo;;269948;ETHON PHARMACEUTICALS  COMERCIALIZADORA  IMP EXP Y DIST SPA;76.956.140-4;VENTA AL POR MAYOR DE ARTICULOS DE PERFUMERIA, COS;AV RIBERA SUR 076 BODEGA 14 KM 90;Rancagua;Región del Libertador General Bernardo O´Higgins;RODRIGO  DEL CANTO HURTADO;GERENTE COMERCIAL;;CONVENIO DE SUMINISTRO DE MEDICAMENTOS PARA ESTABLECIMIENTO DEPENDIENTES Y DROGUERÍA DEL S.S.O. POR 24 MESES. DESDE 1057532-33-LP25//De acuerdo al correo electrónico de fecha 14.01.2026.  NOTA: No se podrá emitir factura sin previa recepción conforme de O/C. La factura debe indicar el Número de O/C asociada, de acuerdo Ley 20.727 de enero del 2014.  Enviar los documentos mercantiles en archivo xlms y pdf al correo dipresrecepcion@custodium.com      OBSERVACION: “Se solicita no enviar de serie 4EB05336” (por partículas en su interior).
1057532-5794-TD25;Orden de Compra generada por Trato Directo ID 1057532-25-FTD25;6;Aceptada;;TD;CLP;;2;22;Other;2025-12-30T11:59:49;2025-12-30T12:18:42.977;2026-01-14T17:27:14.303;;2025-12-30T12:09:00;0.0;0;1.0;19.0;0.0;1.0;1057532;Bienes y Servicios;61.607.600-0;Servicio Público;;Osorno;Región de los Lagos ;Lesly Andrea Díaz Aburto;Administrativo;;42323;Clínica Alemana de Osorno;81.949.100-3;HOSPITALES Y CLINICAS;AVDA ZENTENO N°  1530;Putre;Región de los Lagos ;Elena Guarda;Sub-Gerente Comercial;;PRESTACIÓN DE SERVICIO DE ENDOSCOPIA DIGESTIVA ALTA PARA PACIENTES DE HOSPITALES PTO. OCTAY, QUILACAHUIN Y FUTA SRUKA LAWENCHE DE LA RED DEL SERVICIO DE SALUD OSORNO
1057532-20-CM26;F2-433-IVO/ADQUISICION DE ELEMENTOS DE PROTECCION PERSONAL;6;Aceptada;;CM;CLP;;2;12;CL;2026-01-09T12:13:12.903;2026-01-14T07:59:16.813;2026-01-14T09:08:31.147;;2026-01-13T07:47:00;4.114285714285714;7;985317.0;19.0;187210.0;1172527.0;1057532;Bienes y Servicios;61.607.600-0;Servicio Público;Av. Juan Mackenna N°825, Edificio Plaza Sur;Osorno;Región de los Lagos ;Ivan Vargas Ojeda;;;19714;RAC SEGURIDAD INDUSTRIAL;77.676.860-k;VENTA AL POR MENOR DE OTROS PRODUCTOS EN PEQUENOS ALMACENES NO ESPECIA;SANTO DOMINGO 4100;;;;Contacto;;FSC N° 433 SUBDEPTO DE PREVENCION DE RIESGOS. NOTA: No se podrá emitir Factura sin previa Recepción Conforme de la OC. La factura debe indicar N° de OC asociada. Enviar los documentos mercantiles en archivo xlms y pdf al correo dipresrecepcion@custodium.c
1057532-22-SE26;CC-DCR/8 Cupos Hogar Protegido Mujeres/Diciembre;4;Enviada a proveedor;1057532-16-LP25;SE;CLP;;2;22;CL;2026-01-09T15:22:54.15;2026-01-14T16:21:21.557;;;2026-01-09T15:27:00;0.0;0;8091496.0;0.0;0.0;8091496.0;1057532;Bienes y Servicios;61.607.600-0;Servicio Público;Av. Juan Mackenna N°825, Edificio Plaza Sur;* ;Región de los Lagos ;Daniela Cona Rios;ADMINISTRATIVO;;111112;AMORE;65.129.460-6;OTRAS ACTIVIDADES EMPRESARIALES RELACIONADAS CON L;Ayacucho esq. Caracas s/n;Osorno;Región de los Lagos ;Roxana   Ríos Aburto;Representante Legal de la Agrupación AMORE;;8 CUPOS DÍAS HOGAR PROTEGIDO MUJERES SSO EN OSORNO DESDE 1057532-16-LP25  Nota: No se podrá emitir factura sin previa recepción conforme de O/C. La factura debe indicar el número de O/C asociada. Enviar factura en archivo xlms y pdf al correo dipresrecepcion@custodium.com.
1057532-47-SE26;CC-JOA/Conv. sumin. de medicamentos/COSAM ORIENTE.;6;Aceptada;1057532-33-LP25;SE;CLP;;2;7;CL;2026-01-13T17:13:30.93;2026-01-14T09:02:27.263;2026-01-14T17:35:20.677;;2026-01-13T17:26:00;3.27027027027027;37;389700.0;19.0;74043.0;463743.0;1057532;Bienes y Servicios;61.607.600-0;Servicio Público;Av. Juan Mackenna N°825, Edificio Plaza Sur;Osorno;Región de los Lagos ;JACQUELINE OYARZUN ALVAREZ;Comprador administrativo;;269948;ETHON PHARMACEUTICALS  COMERCIALIZADORA  IMP EXP Y DIST SPA;76.956.140-4;VENTA AL POR MAYOR DE ARTICULOS DE PERFUMERIA, COS;AV RIBERA SUR 076 BODEGA 14 KM 90;Rancagua;Región del Libertador General Bernardo O´Higgins;RODRIGO  DEL CANTO HURTADO;GERENTE COMERCIAL;;CONVENIO DE SUMINISTRO DE MEDICAMENTOS PARA ESTABLECIMIENTO DEPENDIENTES Y DROGUERÍA DEL S.S.O. POR 24 MESES. DESDE 1057532-33-LP25//De acuerdo al correo electrónico de fecha 13.01.2026.  NOTA: No se podrá emitir factura sin previa recepción conforme de O/C. La factura debe indicar el Número de O/C asociada, de acuerdo Ley 20.727 de enero del 2014.  Enviar los documentos mercantiles en archivo xlms y pdf al correo   Observación: “Se solicita no enviar de serie 4EB05336” (por partículas en su interior).
1057532-30-SE26;CC-DCR//Servicio de Movilización COSAM Rahue Atención Domiciliaria/Diciembre 2025;12;Recepción Conforme;1057532-110-LE24;SE;CLP;;2;7;CL;2026-01-09T16:20:32.86;2026-01-13T14:54:01.72;2026-01-14T11:59:53.87;;2026-01-09T16:29:00;0.0;0;1407000.0;0.0;0.0;1407000.0;1057532;Bienes y Servicios;61.607.600-0;Servicio Público;Av. Juan Mackenna N°825, Edificio Plaza Sur;* ;Región de los Lagos ;Daniela Cona Rios;ADMINISTRATIVO;;1092522;MAGALI DEL CARMEN ARCE SOTO;7.546.683-8;SERVICIOS DE TRANSPORTE DE TRABAJADORES| ALQUILER;Los Arrayanes, calle Lyon 2900, Osorno;Ancud;Región de los Lagos ;Omar Olivares Alchao Olivares;Conductor;;NOTA: No se podrá emitir factura sin previa recepción conforme de O/C. La factura debe indicar el Número de O/C asociada.  Enviar los documentos mercantiles en archivo xlms y pdf al correo dipresrecepcion@custodium.com.    MOVILIZACION CORRESPONDIENTE AL MES DE DICIEMBRE DEL 2025 / COSAM RAHUE / ATENCION DOMICILIARIA.
1057532-5788-SE25;CC-DCR/Servicio de Guardias/Edif. Rodriguez/Noviembre;12;Recepción Conforme;1057532-21-LR25;SE;CLP;;2;22;CL;2025-12-30T10:54:59.913;2025-12-30T15:36:15.063;2025-12-31T16:22:06.86;;2025-12-30T11:25:00;0.0;0;1156923.0;19.0;219815.0;1376738.0;1057532;Bienes y Servicios;61.607.600-0;Servicio Público;Av. Juan Mackenna N°825, Edificio Plaza Sur;Osorno;Región de los Lagos ;Daniela Cona Rios;ADMINISTRATIVO;;1714940;SERVICIOS  SEGURIDAD  PRIVADA  KATHERINE GONZALEZ   HERNANDEZ  E.I.R.L;76.826.177-6;SERVICIOS DE SEGURIDAD PRIVADA PRESTADOS POR EMPRE;montenegro 1745;Osorno;Región de los Lagos ; ;;;Convenio de Servicio de Guardias por 24 meses  DESDE 1057532-21-LR25    Nota: No se podrá emitir factura sin previa recepción conforme de O/C. La factura debe indicar el número de O/C asociada. Enviar factura en archivo xlms y pdf al correo dipresrecepcion@custodium.com.
1057532-5757-SE25;CC-DCR/REAS/COSAM Oriente/Octubre 2025;12;Recepción Conforme;1057532-128-LR24;SE;CLP;;2;7;CL;2025-12-24T09:34:27.643;2025-12-24T09:59:23.29;2025-12-24T10:39:57.76;;2025-12-24T09:47:00;4.533333333333333;18;24585.0;19.0;4671.0;29256.0;1057532;Bienes y Servicios;61.607.600-0;Servicio Público;Av. Juan Mackenna N°825, Edificio Plaza Sur;Osorno;Región de los Lagos ;Daniela Cona Rios;ADMINISTRATIVO;;27533;PROCESOS SANITARIOS S P A;96.697.710-8;OTRAS ACTIVIDADES EMPRESARIALES N.C.P.| RECOGIDA Y;RUTA 5 SUR KM 103  N° 8;Puerto Montt;Región de los Lagos ;Betzabe Uribe;Ejecutivo;;|NOTA:NO SE PODRA EMITIR FACTURA SIN PREVIA RECEPCION CONFORME A OC / FACTURA DEBE SEÑALAR OC ASOCIADA / SE DEBEN ENVIAR DOCUMENTOS MERCANTILES EN ARCHIVO XLMS O PDF AL SIGUIENTE CORREO, dipresrecepcion@custodium.com
1057532-35-SE26;CC-DCR/Convenio EKG PRAIS/Diciembre 2025;6;Aceptada;1057532-105-LR23;SE;CLP;;2;7;CL;2026-01-09T17:32:26.077;2026-01-13T15:03:36.29;2026-01-15T13:24:41.32;;2026-01-09T17:36:00;0.0;0;2345.0;0.0;0.0;2345.0;1057532;Bienes y Servicios;61.607.600-0;Servicio Público;Av. Juan Mackenna N°825, Edificio Plaza Sur;* ;Región de los Lagos ;Daniela Cona Rios;ADMINISTRATIVO;;1150223;INSTITUTO DE SALUD Y TECNOLOGIA DE CHILE LIMITADA;76.077.047-7;OTROS PROFESIONALES DE LA SALUD| OTRAS ACTIVIDADES;Diagonal Paraguay 481, Oficina 48;Santiago Centro;Región Metropolitana de Santiago;Cristian Vidal;Jefe Post venta y Soporte;;ID 1057532-105-LR23 CONVENIO SERVICIOS ARRIENDO E INFORMES TELE ELECTROCARDIOGRAFIA A DISTANCIAS PARA LOS ESTABLECIMIENTOS DE SALUD DE LA RED DE APS DE LA PROVINCIA DE OSORNO AÑO 2024-2025.//Correo electrónico de solicitud emisión de O/C.  Nota: No se podrá emitir factura sin previa recepción conforme de O/C. La factura debe indicar el Número de O/C asociada, de acuerdo Ley 20.727 de Enero del 2014.  Enviar los documentos mercantiles en archivo xlms y pdf al correo dipresrecepcion@custodium.com
1057532-53-SE26;CC-DCR/Servicio Licencia Médica (Periodo del 30 noviembre al 30 diciembre);4;Enviada a proveedor;1057532-2-LE23;SE;CLP;;2;22;CL;2026-01-15T15:00:56.237;2026-01-15T16:10:01.31;;;2026-01-15T15:04:00;0.0;0;74520.0;19.0;14159.0;88679.0;1057532;Bienes y Servicios;61.607.600-0;Servicio Público;Av. Juan Mackenna N°825, Edificio Plaza Sur;* ;Región de los Lagos ;Daniela Cona Rios;ADMINISTRATIVO;;47799;I-MED S.A.;99.509.000-7;ACTIVIDADES DE ASESORAMIENTO EMPRESARIAL Y EN MATE;avda 11 de septiembre 1901 piso 3;Providencia;Región Metropolitana de Santiago;Bruno Grass;Jefe Control de Gestión y Soporte Comercial;;F3-003-DEPTO. TECNOLOGÍAS DE LA INFORMACIÓN Y COMUNICACIONES.  CONTRATACIÓN SERV. EMISIÓN DE LME PARA EL SSO 2° LLAMADO DESDE 1057532-2-LE23.  SERVICIOS EMISIÓN LICENCIA MEDICA ELECTRÓNICA, (Periodo del 30 noviembre al 30 diciembre).  ORDEN DE COMPRA DESDE 1057532-2-LE23  Nota: No se podrá emitir factura sin previa recepción conforme de O/C. La factura debe indicar el número de O/C asociada. Enviar factura en archivo xlms y pdf al correo dipresrecepcion@custodium.com.
1057532-5789-SE25;CC-DCR/Servicio de Guardias/Kümelen/Noviembre;12;Recepción Conforme;1057532-21-LR25;SE;CLP;;2;22;CL;2025-12-30T10:55:29.183;2025-12-30T15:36:21.02;2025-12-31T16:21:31.77;;2025-12-30T11:27:00;0.0;0;1156923.0;19.0;219815.0;1376738.0;1057532;Bienes y Servicios;61.607.600-0;Servicio Público;Av. Juan Mackenna N°825, Edificio Plaza Sur;Osorno;Región de los Lagos ;Daniela Cona Rios;ADMINISTRATIVO;;1714940;SERVICIOS  SEGURIDAD  PRIVADA  KATHERINE GONZALEZ   HERNANDEZ  E.I.R.L;76.826.177-6;SERVICIOS DE SEGURIDAD PRIVADA PRESTADOS POR EMPRE;montenegro 1745;Osorno;Región de los Lagos ; ;;;Convenio de Servicio de Guardias por 24 meses  DESDE 1057532-21-LR25    Nota: No se podrá emitir factura sin previa recepción conforme de O/C. La factura debe indicar el número de O/C asociada. Enviar factura en archivo xlms y pdf al correo dipresrecepcion@custodium.com.
1057532-5793-SE25;CC-DCR/Servicio de Guardias/Cosam Oriente/Noviembre;12;Recepción Conforme;1057532-21-LR25;SE;CLP;;2;22;CL;2025-12-30T10:57:29.22;2025-12-30T15:36:52.297;2025-12-31T16:19:43.423;;2025-12-30T12:47:00;0.0;0;5940000.0;19.0;1128600.0;7068600.0;1057532;Bienes y Servicios;61.607.600-0;Servicio Público;Av. Juan Mackenna N°825, Edificio Plaza Sur;Osorno;Región de los Lagos ;Daniela Cona Rios;ADMINISTRATIVO;;1714940;SERVICIOS  SEGURIDAD  PRIVADA  KATHERINE GONZALEZ   HERNANDEZ  E.I.R.L;76.826.177-6;SERVICIOS DE SEGURIDAD PRIVADA PRESTADOS POR EMPRE;montenegro 1745;Osorno;Región de los Lagos ; ;;;Convenio de Servicio de Guardias por 24 meses  DESDE 1057532-21-LR25    Nota: No se podrá emitir factura sin previa recepción conforme de O/C. La factura debe indicar el número de O/C asociada. Enviar factura en archivo xlms y pdf al correo dipresrecepcion@custodium.com.
1057532-5759-SE25;CC-DCR/REAS/COSAM Rahue/Octubre 2025;12;Recepción Conforme;1057532-128-LR24;SE;CLP;;2;7;CL;2025-12-24T09:35:17.703;2025-12-24T09:59:30.913;2025-12-24T10:37:17.993;;2025-12-24T09:52:00;4.533333333333333;18;8687.0;19.0;1650.0;10337.0;1057532;Bienes y Servicios;61.607.600-0;Servicio Público;Av. Juan Mackenna N°825, Edificio Plaza Sur;* ;Región de los Lagos ;Daniela Cona Rios;ADMINISTRATIVO;;27533;PROCESOS SANITARIOS S P A;96.697.710-8;OTRAS ACTIVIDADES EMPRESARIALES N.C.P.| RECOGIDA Y;RUTA 5 SUR KM 103  N° 8;Puerto Montt;Región de los Lagos ;Betzabe Uribe;Ejecutivo;;|NOTA:NO SE PODRA EMITIR FACTURA SIN PREVIA RECEPCION CONFORME A OC / FACTURA DEBE SEÑALAR OC ASOCIADA / SE DEBEN ENVIAR DOCUMENTOS MERCANTILES EN ARCHIVO XLMS O PDF AL SIGUIENTE CORREO, dipresrecepcion@custodium.com
1057532-54-SE26;CC-DCR/Mantención Correctiva Ambulancia Base SAMU PPU TR.RB-94;4;Enviada a proveedor;1057532-101-LQ24;SE;CLP;;2;22;CL;2026-01-15T16:20:13.337;2026-01-15T16:26:14.967;;;2026-01-15T16:24:00;4.0;44;196512.0;19.0;37337.0;233849.0;1057532;Bienes y Servicios;61.607.600-0;Servicio Público;Av. Juan Mackenna N°825, Edificio Plaza Sur;Osorno;Región de los Lagos ;Daniela Cona Rios;ADMINISTRATIVO;;26855;KAUFMANN S A VEHICULOS MOTORIZADOS;92.475.000-6;VENTA AL POR MAYOR DE VEHICULOS AUTOMOTORES (IMPOR;Sebastopol # 2205, Parque Industrial Anticura;Ancud;Región de los Lagos ;Eduardo  Mansilla (Servicio);Jefe Taller;;"F3-118/SECCION DE MANTENIMIENTO DE VEHICULOS.  Orden de Compra desde Licitación 1057532-101-LQ24:""CONVENIO DE SERVICIOS DE MANTENCION PREVENTIVA, CORRECTIVA Y/O REPARATIVA VEHICULOS MERCEDES BENZ DE LA DIRECCION DEL SSO Y HOSPITALES DEPENDIENTES.    NOTA: No se podrá emitir factura sin previa recepción conforme de O/C. La factura debe indicar el Número de O/C asociada. Enviar los documentos mercantiles en archivo xlms y pdf al correo dipresrecepcion@custopdium.com."
1057532-5790-SE25;CC-DCR/Servicio de Guardias/PRAIS/Noviembre;12;Recepción Conforme;1057532-21-LR25;SE;CLP;;2;22;CL;2025-12-30T10:56:06.28;2025-12-30T15:36:27.183;2025-12-31T16:21:05.42;;2025-12-30T11:32:00;0.0;0;73500.0;19.0;13965.0;87465.0;1057532;Bienes y Servicios;61.607.600-0;Servicio Público;Av. Juan Mackenna N°825, Edificio Plaza Sur;Osorno;Región de los Lagos ;Daniela Cona Rios;ADMINISTRATIVO;;1714940;SERVICIOS  SEGURIDAD  PRIVADA  KATHERINE GONZALEZ   HERNANDEZ  E.I.R.L;76.826.177-6;SERVICIOS DE SEGURIDAD PRIVADA PRESTADOS POR EMPRE;montenegro 1745;Osorno;Región de los Lagos ; ;;;Convenio de Servicio de Guardias por 24 meses  DESDE 1057532-21-LR25    Nota: No se podrá emitir factura sin previa recepción conforme de O/C. La factura debe indicar el número de O/C asociada. Enviar factura en archivo xlms y pdf al correo dipresrecepcion@custodium.com.
1057727-14-AG25;Proyecto Bienestar Conjunto folclorico HPU;12;Recepción Conforme;;AG;CLP;;2;7;Other;2025-09-16T13:08:07.207;2025-09-16T15:28:11.34;2025-10-01T21:43:04.6;;2025-09-16T15:27:00;0.0;0;420168.0;19.0;79832.0;500000.0;1057727;Bienestar;61.607.600-0;Servicio Público;;Osorno;Región de los Lagos ;ALEJANDRA NICOLE ALMONACID LEVINIERE;PROFESIONAL HPU;;2058044;MATIAS NICOLAS SEGUEL MUNOZ;19.862.482-9;VENTA AL POR MENOR DE CARTERAS, MALETAS Y OTROS ACCESORIOS DE VIAJE EN;LOS MANIOS 371;Purranque;Región de los Lagos ; ;;;Orden de Compra codigo: 1057727-14-AG25 dirigida a MATIAS NICOLAS SEGUEL MUNOZ.  *Favor aceptar OC en portal antes de emitir factura, completar en campo 801 el número de OC en factura y enviar factura a casilla dipresrecepcion@custodium.com antes de 48 horas de emitida.*Indicar en factura número de cuenta bancaría para el pago.* la factura será rechaza en sistema al día 8 en acepta.*Proveedor deberá asegurarse su entrega sea en bodegas del Hospital Purranque 21 de mayo 468 y recibidos por los Bodegueros, de lo contrario si se entrega en otro lugar o recepcionado por otras personas, el hospital no se hará responsable del pago de Factura.
1057727-42-AG25;"F1-394-JFR | ""Jornada de Autocuidado Deptos SDGA"" correspondiente a compra ágil: 1057727-40-COT25";12;Recepción Conforme;;AG;CLP;Extrapresupuestario;2;22;Other;2025-10-09T15:42:25.317;2025-10-10T09:46:49.827;2025-10-13T20:54:15.047;;2025-10-10T09:46:00;0.0;0;420168.0;19.0;79832.0;500000.0;1057727;Bienestar;61.607.600-0;Servicio Público;;Osorno;Región de los Lagos ;JUAN FELIPE ROJEL HUENTRO;PROFESIONAL DE APOYO;;1932583;VENTA DE JUEGOS DE MESA DANIEL AROSTEGUY E.I.R.L.;77.150.213-K;VENTA AL POR MENOR DE JUEGOS Y JUGUETES EN COMERCIOS ESPECIALIZADOS;LAS LUMAS LT 145 R. U- 165 KM 1,2 MULPULMO N° No hay Dato;Osorno;Región de los Lagos ;Daniel Alejandro Arosteguy Pino;Representante Legal;;Orden de Compra codigo: 1057727-42-AG25 dirigida a LA VACA DEL TABLERO SPA.      Justificación selección de cotización menos económica: Los productos o servicios cotizados cumplen de mejor manera con los requisitos técnicos solicitados.    Nota: No se podrá emitir factura sin previa recepción conforme de O/C. La factura debe indicar el número de O/C asociada. Enviar factura en archivo xlms y pdf al correo dipresrecepcion@custodium.com
1057532-50-SE26;CC-IVO/Mantención Correctiva Ambulancia Mercedes-Benz-PPU PC.VF-21 Base Samu;6;Aceptada;1057532-101-LQ24;SE;CLP;;2;22;CL;2026-01-14T14:34:03.967;2026-01-14T15:49:39.073;2026-01-15T10:07:21.597;;2026-01-14T15:48:00;4.0;44;136337.0;19.0;25904.0;162241.0;1057532;Bienes y Servicios;61.607.600-0;Servicio Público;Av. Juan Mackenna N°825, Edificio Plaza Sur;* ;Región de los Lagos ;Ivan Vargas Ojeda;Comprador Administrativo;;26855;KAUFMANN S A VEHICULOS MOTORIZADOS;92.475.000-6;VENTA AL POR MAYOR DE VEHICULOS AUTOMOTORES (IMPOR;Sebastopol # 2205, Parque Industrial Anticura;Ancud;Región de los Lagos ;Eduardo  Mansilla (Servicio);Jefe Taller;;"F3-118/SECCION DE MANTENIMIENTO DE VEHICULOS.  Orden de Compra desde Licitación 1057532-101-LQ24:""CONVENIO DE SERVICIOS DE MANTENCION PREVENTIVA, CORRECTIVA Y/O REPARATIVA VEHICULOS MERCEDES BENZ DE LA DIRECCION DEL SSO Y HOSPITALES DEPENDIENTES.    NOTA: No se podrá emitir factura sin previa recepción conforme de O/C. La factura debe indicar el Número de O/C asociada. Enviar los documentos mercantiles en archivo xlms y pdf al correo dipresrecepcion@custopdium.com."
1057532-5792-SE25;CC-DCR/Servicio de Guardias/Cosam Rahue/Noviembre;12;Recepción Conforme;1057532-21-LR25;SE;CLP;;2;22;CL;2025-12-30T10:57:11.643;2025-12-30T15:36:48.26;2025-12-31T16:20:03.117;;2025-12-30T12:46:00;0.0;0;3600000.0;19.0;684000.0;4284000.0;1057532;Bienes y Servicios;61.607.600-0;Servicio Público;Av. Juan Mackenna N°825, Edificio Plaza Sur;Osorno;Región de los Lagos ;Daniela Cona Rios;ADMINISTRATIVO;;1714940;SERVICIOS  SEGURIDAD  PRIVADA  KATHERINE GONZALEZ   HERNANDEZ  E.I.R.L;76.826.177-6;SERVICIOS DE SEGURIDAD PRIVADA PRESTADOS POR EMPRE;montenegro 1745;Osorno;Región de los Lagos ; ;;;Convenio de Servicio de Guardias por 24 meses  DESDE 1057532-21-LR25    Nota: No se podrá emitir factura sin previa recepción conforme de O/C. La factura debe indicar el número de O/C asociada. Enviar factura en archivo xlms y pdf al correo dipresrecepcion@custodium.com.
1057532-11-SE26;CC-BMC-Servicio de Movilización Unidad Ayekan-Diciembre 2025;12;Recepción Conforme;1057532-81-LQ24;SE;CLP;;2;22;CL;2026-01-07T08:09:04.22;2026-01-13T09:59:56.63;2026-01-13T22:21:52.033;;2026-01-07T08:15:00;0.0;0;2415000.0;0.0;0.0;2415000.0;1057532;Bienes y Servicios;61.607.600-0;Servicio Público;Av. Juan Mackenna N°825, Edificio Plaza Sur;Osorno;Región de los Lagos ;Bastian Miranda Coronado;PROFESIONAL;;1736289;"BARRÍA &amp; MEDINA TRANSPORTES LIMITADA";77.172.073-0;SERVICIOS DE TRANSPORTE DE ESCOLARES;Del Salvador 587;Puerto Varas;Región de los Lagos ; ;;;NOTA:NO SE PODRA EMITIR FACTURA SIN PREVIA RECEPCION CONFORME A OC / FACTURA DEBE SEÑALAR OC ASOCIADA / SE DEBEN ENVIAR DOCUMENTOS MERCANTILES EN ARCHIVO XLMS O PDF AL SIGUIENTE CORREO, dipresrecepcion@custodium.com  ID N° 1057532-81-LQ24   Solicitud con fecha 06.01.2026
1057532-55-SE26;CC-DCR/Servicio Correctivo Ambulancia Base SAMU PPU JB.CY-47;4;Enviada a proveedor;1057532-101-LQ24;SE;CLP;;2;22;CL;2026-01-15T16:33:08.28;2026-01-15T16:38:10.247;;;2026-01-15T16:36:00;4.0;44;824821.0;19.0;156716.0;981537.0;1057532;Bienes y Servicios;61.607.600-0;Servicio Público;Av. Juan Mackenna N°825, Edificio Plaza Sur;* ;Región de los Lagos ;Daniela Cona Rios;ADMINISTRATIVO;;26855;KAUFMANN S A VEHICULOS MOTORIZADOS;92.475.000-6;VENTA AL POR MAYOR DE VEHICULOS AUTOMOTORES (IMPOR;Sebastopol # 2205, Parque Industrial Anticura;Ancud;Región de los Lagos ;Eduardo  Mansilla (Servicio);Jefe Taller;;"F3-118/SECCION DE MANTENIMIENTO DE VEHICULOS.  Orden de Compra desde Licitación 1057532-101-LQ24:""CONVENIO DE SERVICIOS DE MANTENCION PREVENTIVA, CORRECTIVA Y/O REPARATIVA VEHICULOS MERCEDES BENZ DE LA DIRECCION DEL SSO Y HOSPITALES DEPENDIENTES.    NOTA: No se podrá emitir factura sin previa recepción conforme de O/C. La factura debe indicar el Número de O/C asociada. Enviar los documentos mercantiles en archivo xlms y pdf al correo dipresrecepcion@custopdium.com."
1057532-5758-SE25;CC-DCR/REAS/Base SAMU/Octubre 2025;12;Recepción Conforme;1057532-128-LR24;SE;CLP;;2;7;CL;2025-12-24T09:34:51.363;2025-12-24T09:59:27.39;2025-12-24T10:39:49.47;;2025-12-24T09:51:00;4.533333333333333;18;11473.0;19.0;2180.0;13653.0;1057532;Bienes y Servicios;61.607.600-0;Servicio Público;Av. Juan Mackenna N°825, Edificio Plaza Sur;Osorno;Región de los Lagos ;Daniela Cona Rios;ADMINISTRATIVO;;27533;PROCESOS SANITARIOS S P A;96.697.710-8;OTRAS ACTIVIDADES EMPRESARIALES N.C.P.| RECOGIDA Y;RUTA 5 SUR KM 103  N° 8;Puerto Montt;Región de los Lagos ;Betzabe Uribe;Ejecutivo;;|NOTA:NO SE PODRA EMITIR FACTURA SIN PREVIA RECEPCION CONFORME A OC / FACTURA DEBE SEÑALAR OC ASOCIADA / SE DEBEN ENVIAR DOCUMENTOS MERCANTILES EN ARCHIVO XLMS O PDF AL SIGUIENTE CORREO, dipresrecepcion@custodium.com
1057532-26-SE26;CC-DCR/12 Cupos Residencia Protegida SSO/Diciembre;12;Recepción Conforme;1057532-19-LR25;SE;CLP;;2;22;CL;2026-01-09T15:45:04.48;2026-01-12T14:52:32.763;2026-01-12T16:54:11.037;;2026-01-09T15:48:00;0.0;0;16926000.0;19.0;3215940.0;20141940.0;1057532;Bienes y Servicios;61.607.600-0;Servicio Público;Av. Juan Mackenna N°825, Edificio Plaza Sur;* ;Región de los Lagos ;Daniela Cona Rios;ADMINISTRATIVO;;1837778;SOCIALES TORRES SPA;77.625.119-4;ACTIVIDADES DE ATENCION EN INSTITUCIONES PARA PERS;P LYNCH 696;Hualqui;Región del Biobío ; ;;;12 CUPOS R. PROTEGIDA PARA EL SSO EN OSORNO DESDE 1057532-19-LR25 / DICIEMBRE 2025    NOTA: No se podrá emitir factura sin previa recepción conforme de O/C. La factura debe indicar el Número de O/C asociada. Enviar los documentos mercantiles en archivo xlms y pdf al correo dipresrecepcion@custodium.com.
1057532-51-AG26;F2-471-MAR Orden de Compra generada por invitación a compra ágil: 1057532-7-COT26;4;Enviada a proveedor;;AG;CLP;;2;7;Other;2026-01-15T10:55:22.52;2026-01-15T11:43:05.427;;;2026-01-15T11:42:00;0.0;0;688600.0;19.0;130834.0;819434.0;1057532;Bienes y Servicios;61.607.600-0;Servicio Público;;Osorno;Región de los Lagos ;Miguel Aro;Administrativo;;1886183;INVERSIONES GALLARDO ISRAEL SPA;77.735.221-0;VENTA AL POR MENOR POR CORREO, POR INTERNET Y VIA TELEFONICA;BAQUEDANO S/N PLAYA LA CASTILLA N° No hay Dato;El Tabo;Región de Valparaíso ; ;;;Orden de Compra codigo: 1057532-51-AG26 dirigida a INVERSIONES GALLARDO ISRAEL SPA   No se podrá emitir factura sin previa recepción conforme de O/C. La factura debe indicar el Número de O/C asociada.  Enviar los documentos mercantiles en archivo xlms y pdf al correo dipresrecepcion@custodium.com  FOLIO N° 471 / NEWEN.
1057532-17-SE26;CC-DCR/REAS/Base SAMU/Noviembre 2025;12;Recepción Conforme;1057532-128-LR24;SE;CLP;;2;7;CL;2026-01-09T09:50:23.187;2026-01-13T14:44:32.98;2026-01-13T15:04:17.167;;2026-01-09T09:55:00;4.533333333333333;18;6556.0;19.0;1246.0;7802.0;1057532;Bienes y Servicios;61.607.600-0;Servicio Público;Av. Juan Mackenna N°825, Edificio Plaza Sur;* ;Región de los Lagos ;Daniela Cona Rios;ADMINISTRATIVO;;27533;PROCESOS SANITARIOS S P A;96.697.710-8;OTRAS ACTIVIDADES EMPRESARIALES N.C.P.| RECOGIDA Y;RUTA 5 SUR KM 103  N° 8;Puerto Montt;Región de los Lagos ;Betzabe Uribe;Ejecutivo;;|NOTA:NO SE PODRA EMITIR FACTURA SIN PREVIA RECEPCION CONFORME A OC / FACTURA DEBE SEÑALAR OC ASOCIADA / SE DEBEN ENVIAR DOCUMENTOS MERCANTILES EN ARCHIVO XLMS O PDF AL SIGUIENTE CORREO, dipresrecepcion@custodium.com
1057532-24-SE26;CC-DCR/3 CUPOS R. PROT. CONCEPCIÓN/DICIEMBRE 2025;12;Recepción Conforme;1057532-6-LP24;SE;CLP;;2;22;CL;2026-01-09T15:35:19.963;2026-01-12T16:21:34.933;2026-01-12T16:54:25.717;;2026-01-09T15:38:00;0.0;0;3401455.0;19.0;646277.0;4047732.0;1057532;Bienes y Servicios;61.607.600-0;Servicio Público;Av. Juan Mackenna N°825, Edificio Plaza Sur;* ;Región de los Lagos ;Daniela Cona Rios;ADMINISTRATIVO;;1837778;SOCIALES TORRES SPA;77.625.119-4;ACTIVIDADES DE ATENCION EN INSTITUCIONES PARA PERS;P LYNCH 696;Hualqui;Región del Biobío ; ;;;"ID N°1057532-6-LP24 ""ADQUISICIÓN 3 CUPOS RESIDENCIA PROTEGIDA PARA EL SERVICIO DE SALUD OSORNO EN LA PROVINCIA DE CONCEPCION, 2° LLAMADO”. (RES EXENTA N°5696/04.04.2024 Aprueba Contrato) //    NOTA: NO SE PODRÁ EMITIR FACTURA SIN PREVIA RECEPCIÓN CONFORME DE O/C LAS FACTURAS DEBEN INDICAR Nº O/C ASOCIADA Ley 20.727 del Enero 2014 Enviar los documentos mercantiles en archivo xlms y pdf al correo dipresrecepcion@custodium.com"
1057532-34-SE26;CC-DCR/Convenio EKG APS/Diciembre 2025;6;Aceptada;1057532-105-LR23;SE;CLP;;2;7;CL;2026-01-09T17:32:09.393;2026-01-15T11:17:12.917;2026-01-15T13:14:51.493;;2026-01-09T17:34:00;0.0;0;4990160.0;0.0;0.0;4990160.0;1057532;Bienes y Servicios;61.607.600-0;Servicio Público;Av. Juan Mackenna N°825, Edificio Plaza Sur;* ;Región de los Lagos ;Daniela Cona Rios;ADMINISTRATIVO;;1150223;INSTITUTO DE SALUD Y TECNOLOGIA DE CHILE LIMITADA;76.077.047-7;OTROS PROFESIONALES DE LA SALUD| OTRAS ACTIVIDADES;Diagonal Paraguay 481, Oficina 48;Santiago Centro;Región Metropolitana de Santiago;Cristian Vidal;Jefe Post venta y Soporte;;ID 1057532-105-LR23, Convenio Servicio Arriendo e Informes Tele electrocardiografía a distancias para los establecimientos de salud de la red de APS de la provincia de Osorno , año 2024-2025. // Correo solicitud emisión OC mes Diciembre 2025.    Nota: No se podrá emitir factura sin previa recepción conforme de O/C. La factura debe indicar el Número de O/C asociada, de acuerdo Ley 20.727 de Enero del 2014.  Enviar los documentos mercantiles en archivo xlms y pdf al correo dipresrecepcion@custodium.com
1057532-18-SE26;CC-DCR/REAS/COSAM Rahue/Noviembre 2025;12;Recepción Conforme;1057532-128-LR24;SE;CLP;;2;7;CL;2026-01-09T09:50:56.04;2026-01-13T14:46:37.103;2026-01-13T15:04:17.117;;2026-01-09T12:45:00;4.533333333333333;18;10080.0;19.0;1915.0;11995.0;1057532;Bienes y Servicios;61.607.600-0;Servicio Público;Av. Juan Mackenna N°825, Edificio Plaza Sur;* ;Región de los Lagos ;Daniela Cona Rios;ADMINISTRATIVO;;27533;PROCESOS SANITARIOS S P A;96.697.710-8;OTRAS ACTIVIDADES EMPRESARIALES N.C.P.| RECOGIDA Y;RUTA 5 SUR KM 103  N° 8;Puerto Montt;Región de los Lagos ;Betzabe Uribe;Ejecutivo;;|NOTA:NO SE PODRA EMITIR FACTURA SIN PREVIA RECEPCION CONFORME A OC / FACTURA DEBE SEÑALAR OC ASOCIADA / SE DEBEN ENVIAR DOCUMENTOS MERCANTILES EN ARCHIVO XLMS O PDF AL SIGUIENTE CORREO, dipresrecepcion@custodium.com
1057532-5791-SE25;CC-DCR/Servicio de Guardias/Base SAMU/Noviembre;12;Recepción Conforme;1057532-21-LR25;SE;CLP;;2;22;CL;2025-12-30T10:56:47.887;2025-12-30T15:36:31.537;2025-12-31T16:20:21.703;;2025-12-30T11:36:00;0.0;0;3600000.0;19.0;684000.0;4284000.0;1057532;Bienes y Servicios;61.607.600-0;Servicio Público;Av. Juan Mackenna N°825, Edificio Plaza Sur;Osorno;Región de los Lagos ;Daniela Cona Rios;ADMINISTRATIVO;;1714940;SERVICIOS  SEGURIDAD  PRIVADA  KATHERINE GONZALEZ   HERNANDEZ  E.I.R.L;76.826.177-6;SERVICIOS DE SEGURIDAD PRIVADA PRESTADOS POR EMPRE;montenegro 1745;Osorno;Región de los Lagos ; ;;;Convenio de Servicio de Guardias por 24 meses  DESDE 1057532-21-LR25    Nota: No se podrá emitir factura sin previa recepción conforme de O/C. La factura debe indicar el número de O/C asociada. Enviar factura en archivo xlms y pdf al correo dipresrecepcion@custodium.com.
1057532-59-SE26;CC-DCR/Servicio Reloj Control/Kümelen/Diciembre 2025;6;Aceptada;1057532-8-LP24;SE;CLP;;2;7;CL;2026-01-16T09:50:07.28;2026-01-16T11:05:25.743;2026-01-16T15:24:55.69;;2026-01-16T10:29:00;3.6333333333333333;6;80729.0;19.0;15339.0;96068.0;1057532;Bienes y Servicios;61.607.600-0;Servicio Público;Av. Juan Mackenna N°825, Edificio Plaza Sur;* ;Región de los Lagos ;Daniela Cona Rios;ADMINISTRATIVO;;81899;PRODUCTORA DE TARJETAS DE IDENTIFICACION E-MACH CARD LIMITADA;77.500.240-9;OTRAS ACTIVIDADES DE EDICION| VENTA AL POR MENOR D;Fanor Velasco #85, Esquina Moneda, Piso 11;Concepción;Región del Biobío ;Paul Stengel Pinto  Stengel;Gerente General;;NOTA: No se podrá emitir factura sin previa recepción conforme de O/C. La factura debe indicar el Número de O/C asociada. Enviar los documentos mercantiles en archivo xlms y pdf al correo dipresrecepcion@custodium.com.
1057532-5158-AG25;F1-252-MAROrden de Compra generada por invitación a compra ágil: 1057532-669-COT25;12;Recepción Conforme;;AG;CLP;;2;7;Other;2025-09-16T13:56:34.61;2025-09-16T14:59:24.8;2025-09-22T11:40:09.257;;2025-09-16T14:58:00;3.75;4;3270800.0;19.0;621452.0;3892252.0;1057532;Bienes y Servicios;61.607.600-0;Servicio Público;;Osorno;Región de los Lagos ;Miguel Aro;Administrativo;;48377;IMPRESOS AMAR;77.585.800-1;IMPRESION PRINCIPALMENTE DE LIBROS| VENTA AL POR MENOR DE OTROS PRODUCTOS EN PEQUENOS ALMACENES NO ESPECIA;Libertad 121;Concepción;Región del Biobío ;Jorge Amar Amar  ;GERENTE;;Orden de Compra codigo: 1057532-5158-AG25 dirigida a AMAR Y COMPANIA LIMITADA  NOTA: No se podrá emitir factura sin previa recepción conforme de O/C. La factura debe indicar el Número de O/C asociada.  Enviar los documentos mercantiles en archivo xlms y pdf al correo dipresrecepcion@custodium.com  FOLIO N° 252 / DAP.    Justificación selección de cotización menos económica: Los productos o servicios cotizados cumplen de mejor manera con los requisitos técnicos solicitados.
1057532-63-SE26;CC-JOA/Convenio suministro de medicamentos;4;Enviada a proveedor;1057532-33-LP25;SE;CLP;;2;12;CL;2026-01-16T10:03:39.28;2026-01-16T12:27:56.337;;;2026-01-16T10:26:00;0.0;0;120000.0;19.0;22800.0;142800.0;1057532;Bienes y Servicios;61.607.600-0;Servicio Público;Av. Juan Mackenna N°825, Edificio Plaza Sur;Osorno;Región de los Lagos ;JACQUELINE OYARZUN ALVAREZ;Comprador administrativo;;220374;ARTURO TOMÁS CAMPOMANES LÓPEZ;5.758.394-0;ELABORACION DE ACEITES Y GRASAS DE ORIGEN VEGETAL|;chivilcan km-1 s/n Temuco;Temuco;Región de la Araucanía ;Arturo   Campomanes López;Gerente;;CONVENIO DE SUMINISTRO DE MEDICAMENTOS PARA ESTABLECIMIENTO DEPENDIENTES Y DROGUERÍA DEL S.S.O. POR 24 MESES. DESDE 1057532-33-LP25/De solicitud  emisión O/C. D. Fernando Roman de fecha 16.01.2026.   NOTA: No se podrá emitir factura sin previa recepción conforme de O/C. La factura debe indicar el Número de O/C asociada, de acuerdo Ley 20.727 de enero del 2014.  Enviar los documentos mercantiles en archivo xlms y pdf al correo dipresrecepcion@custodium.com
1057532-28-SE26;CC-DCR//Movilización Peulla/Diciembre 2025;12;Recepción Conforme;1057532-81-LQ24;SE;CLP;;2;22;CL;2026-01-09T16:09:58.68;2026-01-13T14:50:17.227;2026-01-14T08:22:19.05;;2026-01-09T16:14:00;5.0;1;2542600.0;0.0;0.0;2542600.0;1057532;Bienes y Servicios;61.607.600-0;Servicio Público;Av. Juan Mackenna N°825, Edificio Plaza Sur;* ;Región de los Lagos ;Daniela Cona Rios;ADMINISTRATIVO;;107719;TEOBALDO HUENANTE BARRIGA;7.531.485-K;TRANSPORTE URBANO DE PASAJEROS VIA AUTOBUS (LOCOMO;ARAUCO 1641 VILLA JORGE ALESSANDRI;Osorno;Región de los Lagos ;Sandra Veronica  Gutierrez Loaiza;administradora;;Servicios de Movilización CT Peulla mes Diciembre del 2025    NOTA: No se podrá emitir factura sin previa recepción conforme de O/C. La factura debe indicar el Número de O/C asociada. Enviar los documentos mercantiles en archivo xlms y pdf al correo dipresrecepcion@custodium.com.
1057532-56-SE26;CC-DCR/Servicio Reloj Control/DSSO/Diciembre 2025;6;Aceptada;1057532-8-LP24;SE;CLP;;2;12;CL;2026-01-16T09:48:45.257;2026-01-16T11:05:10.683;2026-01-16T15:24:02.963;;2026-01-16T09:54:00;3.6333333333333333;6;484374.0;19.0;92031.0;576405.0;1057532;Bienes y Servicios;61.607.600-0;Servicio Público;Av. Juan Mackenna N°825, Edificio Plaza Sur;* ;Región de los Lagos ;Daniela Cona Rios;ADMINISTRATIVO;;81899;PRODUCTORA DE TARJETAS DE IDENTIFICACION E-MACH CARD LIMITADA;77.500.240-9;OTRAS ACTIVIDADES DE EDICION| VENTA AL POR MENOR D;Fanor Velasco #85, Esquina Moneda, Piso 11;Concepción;Región del Biobío ;Paul Stengel Pinto  Stengel;Gerente General;;NOTA: No se podrá emitir factura sin previa recepción conforme de O/C. La factura debe indicar el Número de O/C asociada. Enviar los documentos mercantiles en archivo xlms y pdf al correo dipresrecepcion@custodium.com.
1057532-19-CM26;F2-3-JOA/Adquisicion de Formula aminoacídica//O.C. N° 1057532-19-CM26;12;Recepción Conforme;;CM;CLP;;2;12;CL;2026-01-09T10:39:00.177;2026-01-09T10:55:28.3;2026-01-09T11:21:16.427;;2026-01-19T09:41:00;0.0;0;1620300.0;19.0;0.0;1620300.0;1057532;Bienes y Servicios;61.607.600-0;Servicio Público;Av. Juan Mackenna N°825, Edificio Plaza Sur;Osorno;Región de los Lagos ;JACQUELINE  OYARZUN ALVAREZ;;;1248841;sociedad de nutricionistas nutrihouse ltda.;76.095.459-4;VENTA AL POR MAYOR DE OTROS PRODUCTOS N.C.P.| ALQUILER DE OTROS TIPOS DE MAQUINARIAS Y EQUIPOS N.C.P.| ESTABLECIMIENTOS MEDICOS DE ATENCION AMBULATORIA (CENTROS MEDICOS);JOSE MANUEL INFANTE N° 1098;;;;Contacto;;F2-3- Adquisición de formula aminoacídica/O.C. 1057532-19-CM26 dirigida a SOCIEDAD DE NUTRICIONISTAS NUTRIHOUSE LIMITADA. Nota: No se encuentra en el plan de compra por urgencia sanitaria de alfamino.
1057532-60-SE26;CC-DCR/Servicio Reloj Control/PEULLA/Diciembre 2025;6;Aceptada;1057532-8-LP24;SE;CLP;;2;7;CL;2026-01-16T09:50:27.417;2026-01-16T11:05:36.123;2026-01-16T15:25:08.123;;2026-01-16T10:30:00;3.6333333333333333;6;161458.0;19.0;30677.0;192135.0;1057532;Bienes y Servicios;61.607.600-0;Servicio Público;Av. Juan Mackenna N°825, Edificio Plaza Sur;* ;Región de los Lagos ;Daniela Cona Rios;ADMINISTRATIVO;;81899;PRODUCTORA DE TARJETAS DE IDENTIFICACION E-MACH CARD LIMITADA;77.500.240-9;OTRAS ACTIVIDADES DE EDICION| VENTA AL POR MENOR D;Fanor Velasco #85, Esquina Moneda, Piso 11;Concepción;Región del Biobío ;Paul Stengel Pinto  Stengel;Gerente General;;NOTA: No se podrá emitir factura sin previa recepción conforme de O/C. La factura debe indicar el Número de O/C asociada. Enviar los documentos mercantiles en archivo xlms y pdf al correo dipresrecepcion@custodium.com.
1057532-61-SE26;CC-DCR/Servicio Reloj Control/COSAM Oriente/Diciembre 2025;6;Aceptada;1057532-8-LP24;SE;CLP;;2;7;CL;2026-01-16T09:50:54.657;2026-01-16T11:05:40.503;2026-01-16T15:25:24.67;;2026-01-16T10:34:00;3.6333333333333333;6;80729.0;19.0;15339.0;96068.0;1057532;Bienes y Servicios;61.607.600-0;Servicio Público;Av. Juan Mackenna N°825, Edificio Plaza Sur;* ;Región de los Lagos ;Daniela Cona Rios;ADMINISTRATIVO;;81899;PRODUCTORA DE TARJETAS DE IDENTIFICACION E-MACH CARD LIMITADA;77.500.240-9;OTRAS ACTIVIDADES DE EDICION| VENTA AL POR MENOR D;Fanor Velasco #85, Esquina Moneda, Piso 11;Concepción;Región del Biobío ;Paul Stengel Pinto  Stengel;Gerente General;;NOTA: No se podrá emitir factura sin previa recepción conforme de O/C. La factura debe indicar el Número de O/C asociada. Enviar los documentos mercantiles en archivo xlms y pdf al correo dipresrecepcion@custodium.com.
1057532-5707-AG25;F1-421-MAR Orden de Compra generada por invitación a compra ágil: 1057532-919-COT25;12;Recepción Conforme;;AG;CLP;;2;7;Other;2025-12-11T11:32:09.947;2025-12-11T12:12:40.227;2025-12-11T12:31:20.933;;2025-12-11T11:58:00;0.0;0;314400.0;19.0;59736.0;374136.0;1057532;Bienes y Servicios;61.607.600-0;Servicio Público;;Osorno;Región de los Lagos ;Miguel Aro;Administrativo;;1093120;DONNEBAUM S A;81.706.600-3;FABRICACION DE OTROS PRODUCTOS TEXTILES N.C.P.| FABRICACION DE ARTICULOS DE OTRAS INDUSTRIAS N.C.P.;HENRY FORD 1410;Maipú;Región Metropolitana de Santiago;Fernando Valenzuela;Gerente Impresos;;Orden de Compra codigo: 1057532-5707-AG25 dirigida a DONNEBAUM S A  NOTA: No se podrá emitir factura sin previa recepción conforme de O/C. La factura debe indicar el Número de O/C asociada.  Enviar los documentos mercantiles en archivo xlms y pdf al correo dipresrecepcion@custodium.com  FOLIO N° 421 / PARTICIPACION CIUDADANA.
1057532-57-SE26;CC-DCR/Servicio reloj control/SAMU/Diciembre 2025;6;Aceptada;1057532-8-LP24;SE;CLP;;2;7;CL;2026-01-16T09:49:03.47;2026-01-16T11:05:15.82;2026-01-16T15:24:20.95;;2026-01-16T10:26:00;3.6333333333333333;6;80729.0;19.0;15339.0;96068.0;1057532;Bienes y Servicios;61.607.600-0;Servicio Público;Av. Juan Mackenna N°825, Edificio Plaza Sur;* ;Región de los Lagos ;Daniela Cona Rios;ADMINISTRATIVO;;81899;PRODUCTORA DE TARJETAS DE IDENTIFICACION E-MACH CARD LIMITADA;77.500.240-9;OTRAS ACTIVIDADES DE EDICION| VENTA AL POR MENOR D;Fanor Velasco #85, Esquina Moneda, Piso 11;Concepción;Región del Biobío ;Paul Stengel Pinto  Stengel;Gerente General;;NOTA: No se podrá emitir factura sin previa recepción conforme de O/C. La factura debe indicar el Número de O/C asociada. Enviar los documentos mercantiles en archivo xlms y pdf al correo dipresrecepcion@custodium.com.
1057532-62-SE26;CC-DCR/Servicio Reloj Control/COSAM Rahue/Diciembre 2025;6;Aceptada;1057532-8-LP24;SE;CLP;;2;7;CL;2026-01-16T09:51:15.977;2026-01-16T11:05:45.35;2026-01-16T15:25:35.103;;2026-01-16T10:36:00;3.6333333333333333;6;161458.0;19.0;30677.0;192135.0;1057532;Bienes y Servicios;61.607.600-0;Servicio Público;Av. Juan Mackenna N°825, Edificio Plaza Sur;* ;Región de los Lagos ;Daniela Cona Rios;ADMINISTRATIVO;;81899;PRODUCTORA DE TARJETAS DE IDENTIFICACION E-MACH CARD LIMITADA;77.500.240-9;OTRAS ACTIVIDADES DE EDICION| VENTA AL POR MENOR D;Fanor Velasco #85, Esquina Moneda, Piso 11;Concepción;Región del Biobío ;Paul Stengel Pinto  Stengel;Gerente General;;NOTA: No se podrá emitir factura sin previa recepción conforme de O/C. La factura debe indicar el Número de O/C asociada. Enviar los documentos mercantiles en archivo xlms y pdf al correo dipresrecepcion@custodium.com.
1057727-62-AG25;PROYECTO BIENESTAR HBSJO / TALLER DE ELABORACIÓN DE JABONES AROMÁTICOS;12;Recepción Conforme;;AG;CLP;;2;7;Other;2025-12-02T08:48:52.963;2025-12-03T16:08:44.11;2025-12-26T14:10:42.58;;2025-12-02T17:21:00;0.0;0;420168.0;19.0;79832.0;500000.0;1057727;Bienestar;61.607.600-0;Servicio Público;;Osorno;Región de los Lagos ;Jonathan Salvo Currin;Profesional;;2069744;ARTÍCULOS PARA MANUALIDADES LIBRERÍA Y PAQUETERÍA PATRICIA CECILIA CARVAJAL ALBORNOZ E.I.R.L.;78.166.169-4;VENTA AL POR MENOR DE TELAS, LANAS, HILOS Y SIMILARES EN COMERCIOS ESP;GARCIA LORCA 2598;Osorno;Región de los Lagos ; ;;;Orden de Compra codigo: 1057727-62-AG25 dirigida a ARTÍCULOS PARA MANUALIDADES LIBRERÍA Y PAQUETERÍA PATRICIA CECILIA CARVAJAL ALBORNOZ E.I.R.L.
1057532-25-SE26;CC-DCR/10 Cupos R. Prot. Alta Complejidad Osorno/Diciembre 2025;12;Recepción Conforme;1057532-14-LP25;SE;CLP;;2;22;CL;2026-01-09T15:39:23.61;2026-01-12T14:45:38.57;2026-01-12T16:53:51.993;;2026-01-09T15:43:00;0.0;0;20319260.0;19.0;3860659.0;24179919.0;1057532;Bienes y Servicios;61.607.600-0;Servicio Público;Av. Juan Mackenna N°825, Edificio Plaza Sur;* ;Región de los Lagos ;Daniela Cona Rios;ADMINISTRATIVO;;1837778;SOCIALES TORRES SPA;77.625.119-4;ACTIVIDADES DE ATENCION EN INSTITUCIONES PARA PERS;P LYNCH 696;Hualqui;Región del Biobío ; ;;;ADQUISICION 10 CUPOS RESIDENCIA PROTEGIDA DE ALTA COMPLEJIDAD PARA EL SERVICIO DE SALUD OSORNO EN LA CIUDAD DE OSORNO/(RES EXENTA N°4497/20.03.2025 Aprueba Contrato)    Fecha Solicitud 08.01.2026
1057532-58-SE26;CC-DCR/Servicio Reloj Control/PRAIS/Diciembre 2025;6;Aceptada;1057532-8-LP24;SE;CLP;;2;7;CL;2026-01-16T09:49:22.297;2026-01-16T11:05:20.81;2026-01-16T15:24:37.813;;2026-01-16T10:27:00;3.6333333333333333;6;80729.0;19.0;15339.0;96068.0;1057532;Bienes y Servicios;61.607.600-0;Servicio Público;Av. Juan Mackenna N°825, Edificio Plaza Sur;* ;Región de los Lagos ;Daniela Cona Rios;ADMINISTRATIVO;;81899;PRODUCTORA DE TARJETAS DE IDENTIFICACION E-MACH CARD LIMITADA;77.500.240-9;OTRAS ACTIVIDADES DE EDICION| VENTA AL POR MENOR D;Fanor Velasco #85, Esquina Moneda, Piso 11;Concepción;Región del Biobío ;Paul Stengel Pinto  Stengel;Gerente General;;NOTA: No se podrá emitir factura sin previa recepción conforme de O/C. La factura debe indicar el Número de O/C asociada. Enviar los documentos mercantiles en archivo xlms y pdf al correo dipresrecepcion@custodium.com.
1057532-38-SE26;CC-AVP/Convenio Alimentación Kümelen/Diciembre 2025;6;Aceptada;1057532-45-LE25;SE;CLP;;2;12;CL;2026-01-12T11:25:56.95;2026-01-15T08:53:23.983;2026-01-18T20:56:57.863;;2026-01-12T12:00:00;5.0;1;3623000.0;19.0;688370.0;4311370.0;1057532;Bienes y Servicios;61.607.600-0;Servicio Público;Av. Juan Mackenna N°825, Edificio Plaza Sur;Osorno;Región de los Lagos ;Alicia Vidal Paredes;Comprador Administrativo;;1234841;MARLENE ERFILIA ALARCÓN VILLARROEL;10.493.648-2;VENTA AL POR MENOR DE PRODUCTOS DE CONFITERIAS, CI;Callao 1527, Osorno;Osorno;Región de los Lagos ;Marlene Erfilia Alarcón Villarroel;Dueña;;SERVICIO DE ALIMENTACIÓN PARA USUARIOS CDR ADULTO DESDE 1057532-45-LE25    NOTA: No se podrá emitir factura sin previa recepción conforme de O/C.   La factura debe indicar el Número de O/C asociada.   Enviar los documentos mercantiles en archivo xlms y pdf al correo dipresrecepcion@custodium.com.
1057532-67-SE26;CC-DCR/Adquisición Días Rehab. Tipo II/Diciembre 2025;4;Enviada a proveedor;1057532-11-LP25;SE;CLP;;2;22;CL;2026-01-19T10:33:59.787;2026-01-19T11:20:12.72;;;2026-01-19T10:43:00;0.0;0;17208600.0;0.0;0.0;17208600.0;1057532;Bienes y Servicios;61.607.600-0;Servicio Público;Av. Juan Mackenna N°825, Edificio Plaza Sur;* ;Región de los Lagos ;Daniela Cona Rios;ADMINISTRATIVO;;111112;AMORE;65.129.460-6;OTRAS ACTIVIDADES EMPRESARIALES RELACIONADAS CON L;Ayacucho esq. Caracas s/n;Osorno;Región de los Lagos ;Roxana   Ríos Aburto;Representante Legal de la Agrupación AMORE;;F3-207-SUB. DPTO. GESTION CLINICA Y ADMINISTRATIVA  ADQUISICION SERVICIO DIAS PROGRAMA DE REHABILITACION TIPO II PARA EL SSO, EN LA CIUDAD DE OSORNO.    ORDEN DE COMPRA DESDE 1057532-11-LP25.    NOTA: NO SE PODRÁ EMITIR FACTURA SIN PREVIA RECEPCIÓN CONFORME DE O/C. LA FACTURA DEBE INDICAR EL NÚMERO DE O/C ASOCIADA.  ENVIAR LOS DOCUMENTOS MERCANTILES EN ARCHIVO XLMS Y PDF AL CORREO DIPRESRECEPCION@CUSTODIUM.COM.
1057532-43-SE26;CC-DCR/Arriendo 5 Notebook SSO/Cuota 20;12;Recepción Conforme;1057532-10-LE24;SE;CLP;;2;22;CL;2026-01-13T16:06:36.797;2026-01-14T08:08:20.89;2026-01-14T09:35:46.377;;2026-01-13T16:16:00;4.513513513513513;37;250164.0;19.0;47531.0;297695.0;1057532;Bienes y Servicios;61.607.600-0;Servicio Público;Av. Juan Mackenna N°825, Edificio Plaza Sur;* ;Región de los Lagos ;Rosa Vasquez;Jefe S Subdepartamento Abastecimiento SSO;;62706;OPCIONES SA SISTEMAS DE INFORMACION;96.523.180-3;VENTA AL POR MAYOR DE OTROS PRODUCTOS N.C.P.| COME;SEMINARIO 372 N° No hay Dato;Puerto Montt;Región de los Lagos ;Daniela  Vidal;Supervisor de compras;;Arriendo de 5 Notebooks para el SSO por 36 meses DESDE 1057532-10-LE24  NOTA:NO SE PODRA EMITIR FACTURA SIN PREVIA RECEPCION CONFORME A OC / FACTURA DEBE SEÑALAR OC ASOCIADA / SE DEBEN ENVIAR DOCUMENTOS MERCANTILES EN ARCHIVO XLMS O PDF AL SIGUIENTE CORREO, dipresrecepcion@custodium.com
1057532-66-SE26;CC-DCR/Convenio Registro Clínico/Cuota 41;6;Aceptada;1057532-30-LR22;SE;CLP;;2;22;CL;2026-01-16T12:01:58;2026-01-16T12:07:29.207;2026-01-19T10:52:29.853;;2026-01-16T12:05:00;5.0;1;34079043.0;19.0;6475018.0;40554061.0;1057532;Bienes y Servicios;61.607.600-0;Servicio Público;Av. Juan Mackenna N°825, Edificio Plaza Sur;* ;Región de los Lagos ;Daniela Cona Rios;ADMINISTRATIVO;;69967;Rayen Salud SpA;77.917.240-6;VENTA AL POR MENOR DE OTROS PRODUCTOS EN PEQUENOS;Merced 480, piso 2, Santiago;Santiago;Región Metropolitana de Santiago;Emilia  Fuentes Salinas;Gerente Administracion;;Servicio de registro clínico electrónico para establecimientos de Atención Primaria de Salud (RCEAPS), Hospitales de baja complejidad y comunitarios del Servicio de Salud Osorno” LP 1057532-30-LR22, proveedor Sociedad de Ingeniería en Informática RAYEN SALUD SpA.    NOTA: No se podrá emitir factura sin previa recepción conforme de O/C. La factura debe indicar el Número de O/C asociada, de acuerdo   Ley 20.727 de Enero del 2014.  Enviar los documentos mercantiles en archivo xlms y pdf al correo dipresrecepcion@custodium.com
1057532-40-SE26;CC-RVM/Arriendo de 133 computadores /Cuota 36/36;12;Recepción Conforme;1057532-113-LQ22;SE;CLP;;2;22;CL;2026-01-12T14:12:26.727;2026-01-12T16:24:09.367;2026-01-13T14:55:53.02;;2026-01-12T16:23:00;4.513513513513513;37;6264918.0;19.0;1190334.0;7455252.0;1057532;Bienes y Servicios;61.607.600-0;Servicio Público;Av. Juan Mackenna N°825, Edificio Plaza Sur;Osorno;Región de los Lagos ;Rosa Vasquez;Jefe S Subdepartamento Abastecimiento SSO;;62706;OPCIONES SA SISTEMAS DE INFORMACION;96.523.180-3;VENTA AL POR MAYOR DE OTROS PRODUCTOS N.C.P.| COME;SEMINARIO 372 N° No hay Dato;Puerto Montt;Región de los Lagos ;Daniela  Vidal;Supervisor de compras;;NOTA: NO SE PODRÁ EMITIR FACTURA SIN PREVIA RECEPCIÓN CONFORME DE O/C. //LA FACTURA DEBE INDICAR EL NÚMERO DE O/C ASOCIADA.  DEBERAN: ENVIAR LOS DOCUMENTOS MERCANTILES EN ARCHIVO XLMS Y PDF AL CORREO dipresrecepcion@custodium.com
1057532-64-SE26;CC-DCR/Convenio Suministro de Kit POC/HPM;6;Aceptada;1057532-64-LP25;SE;CLP;;2;7;CL;2026-01-16T11:13:24.35;2026-01-16T11:39:53.917;2026-01-19T11:56:14.84;;2026-01-16T11:33:00;3.0;1;868000.0;19.0;164920.0;1032920.0;1057532;Bienes y Servicios;61.607.600-0;Servicio Público;Av. Juan Mackenna N°825, Edificio Plaza Sur;* ;Región de los Lagos ;Daniela Cona Rios;ADMINISTRATIVO;;1030533;ALATHEIA MEDICAL SPA;76.036.479-7;VENTA AL POR MAYOR NO ESPECIALIZADA| OTRAS ACTIVID;CALLE NUEVA 1564 PARRONAL DE HUECHURA N° No hay Da;Huechuraba;Región Metropolitana de Santiago;RUBEN EDUARDO KRAMARENKO CUETO;GERENTE GENERAL;;CONVENIO DE ADQUISICION DE KIT POINT OF CARE POC CON ARRIENDO DE EQUIPO PARA ANALISIS DE MUESTRAS POR 12 MESES DESDE 1057532-64-LP25    Dirección de Despacho de Reactivos para indicar en orden de compra   HOSPITAL PU MULEN DE QUILACAHUIN.  Dirección: Misión Quilacahuín s/n, comuna San Pablo.    NOTA: NO SE PODRÁ EMITIR FACTURA SIN PREVIA RECEPCIÓN CONFORME DE O/C. LA FACTURA DEBE INDICAR EL NÚMERO  DE O/C ASOCIADA.  ENVIAR LOS DOCUMENTOS MERCANTILES EN ARCHIVO XLMS Y PDF AL CORREO DIPRESRECEPCION@CUSTODIUM.COM.
1057532-46-SE26;ORDEN DE COMPRA DESDE 1057532-122-LE25;6;Aceptada;1057532-122-LE25;SE;CLP;;2;7;CL;2026-01-13T17:04:00.807;2026-01-19T15:27:13.513;2026-01-19T15:55:16.52;;2026-01-19T14:41:00;0.0;0;2190600.0;19.0;416214.0;2606814.0;1057532;Bienes y Servicios;61.607.600-0;Servicio Público;Av. Juan Mackenna N°825, Edificio Plaza Sur;Osorno;Región de los Lagos ;Rubén Uribe;Administrativo;;39078;INVERSIONES Y SERVICIOS BALDER S.A.;79.510.190-k;VENTA MAYOR MENOR REP.ACCE.QUIP.MEDICOS.N.C.P;ALC JORGE MONCKEBERG 445 N° No hay Dato;Ñuñoa;Región Metropolitana de Santiago;Paola  Echeverria;Coordinadora;;Para el despacho de los productos se debe dar cumplimiento de la norma N°226  Despachar a Bodega de Droguería contacto Leonor Araneda fono 642 335651
1057532-65-SE26;CC-DCR/Convenio Suministro de Kit POC/HPO;6;Aceptada;1057532-64-LP25;SE;CLP;;2;7;CL;2026-01-16T11:42:48.36;2026-01-16T11:51:05.967;2026-01-19T11:59:17.603;;2026-01-16T11:48:00;3.0;1;460000.0;19.0;87400.0;547400.0;1057532;Bienes y Servicios;61.607.600-0;Servicio Público;Av. Juan Mackenna N°825, Edificio Plaza Sur;* ;Región de los Lagos ;Daniela Cona Rios;ADMINISTRATIVO;;1030533;ALATHEIA MEDICAL SPA;76.036.479-7;VENTA AL POR MAYOR NO ESPECIALIZADA| OTRAS ACTIVID;CALLE NUEVA 1564 PARRONAL DE HUECHURA N° No hay Da;Huechuraba;Región Metropolitana de Santiago;RUBEN EDUARDO KRAMARENKO CUETO;GERENTE GENERAL;;CONVENIO DE ADQUISICION DE KIT POINT OF CARE POC CON ARRIENDO DE EQUIPO PARA ANALISIS DE MUESTRAS POR 12 MESES DESDE 1057532-64-LP25    Dirección de Despacho de Reactivos para indicar en orden de compra   HOSPITAL PUERTO OCTAY.  Dirección: Pedro Montt 601, Pto. Octay.    NOTA: NO SE PODRÁ EMITIR FACTURA SIN PREVIA RECEPCIÓN CONFORME DE O/C. LA FACTURA DEBE INDICAR EL NÚMERO  DE O/C ASOCIADA.  ENVIAR LOS DOCUMENTOS MERCANTILES EN ARCHIVO XLMS Y PDF AL CORREO DIPRESRECEPCION@CUSTODIUM.COM.
1057532-41-SE26;CC-RVM/Arriendo PC y Laptop/Cuota 38/48;12;Recepción Conforme;1057532-74-LE22;SE;CLP;;2;22;CL;2026-01-12T14:52:22.283;2026-01-13T12:17:39.18;2026-01-13T14:56:41.54;;2026-01-12T15:31:00;4.513513513513513;37;748944.0;19.0;142299.0;891243.0;1057532;Bienes y Servicios;61.607.600-0;Servicio Público;Av. Juan Mackenna N°825, Edificio Plaza Sur;Osorno;Región de los Lagos ;Rosa Vasquez;Jefe S Subdepartamento Abastecimiento SSO;;62706;OPCIONES SA SISTEMAS DE INFORMACION;96.523.180-3;VENTA AL POR MAYOR DE OTROS PRODUCTOS N.C.P.| COME;SEMINARIO 372 N° No hay Dato;Puerto Montt;Región de los Lagos ;Daniela  Vidal;Supervisor de compras;;ID N°1057532-74-LE22 por el “ARRIENDO DE 22 EQUIPOS COMPUTACIONALES PC Y 03 LAPTOP PARA ESTABLECIMIENTOS DEPENDIENTES DE LA DIRECCIÓN DE SERVICIO SALUD OSORNO, POR 48 MESES”   Nota: No se podrá emitir factura sin previa recepción conforme de OC.  La factura debe indicar el número de O/C asociada. Enviar factura en archivo xlms y pdf al correo dipresrecepcion@custodium.com
1057532-68-SE26;CC-DCR/Mant. Correctiva Ambulancia Ford Transit, PPU. KX.SL-77/ SAMU;4;Enviada a proveedor;1057532-53-LP25;SE;CLP;;2;7;CL;2026-01-19T11:05:39.463;2026-01-19T11:16:49.693;;;2026-01-19T11:12:00;0.0;0;40000.0;19.0;7600.0;47600.0;1057532;Bienes y Servicios;61.607.600-0;Servicio Público;Av. Juan Mackenna N°825, Edificio Plaza Sur;* ;Región de los Lagos ;Daniela Cona Rios;ADMINISTRATIVO;;1703723;FRANCISCO ALEJANDRO ARRIAGADA NAHUELPÁN;16.906.109-2;MANTENIMIENTO Y REPARACION DE VEHICULOS AUTOMOTORE;GOLFO DE ANCUD 1133;Osorno;Región de los Lagos ;FRANCISCO ALEJANDRO ARRIAGADA NAHUELPAN;gerente ;;F3-138-SECCION DE MANTENIMIENTO DE VEHICULOS  CONVENIO DE SERVICIOS DE MANTENCION PREVENTIVA CORRECTIVA YO REPARATIVA PARA VEHICULOS MULTIMARCAS DEPENDIENTES DEL SERVICIO DE SALUD OSORNO 2026-2027 DESDE 1057532-53-LP25.  ORDEN DE COMPRA DESDE 1057532-53-LP25.  NOTA: No se podrá emitir Factura sin previa Recepción Conforme de la OC./ La factura debe indicar N° de OC asociada. Enviar los  documentos mercantiles en archivo xlms y pdf al correo dipresrecepcion@custodium.com.
1057532-42-SE26;CC-RVM/Arriendo7Computadores SSO,36 meses/cuota 19;12;Recepción Conforme;1057532-21-LE24;SE;CLP;;2;22;CL;2026-01-13T12:45:44.603;2026-01-13T15:58:20.98;2026-01-13T17:09:32.02;;2026-01-13T14:10:00;4.513513513513513;37;342531.0;19.0;65081.0;407612.0;1057532;Bienes y Servicios;61.607.600-0;Servicio Público;Av. Juan Mackenna N°825, Edificio Plaza Sur;Osorno;Región de los Lagos ;Rosa Vasquez;Jefe S Subdepartamento Abastecimiento SSO;;62706;OPCIONES SA SISTEMAS DE INFORMACION;96.523.180-3;VENTA AL POR MAYOR DE OTROS PRODUCTOS N.C.P.| COME;SEMINARIO 372 N° No hay Dato;Puerto Montt;Región de los Lagos ;Daniela  Vidal;Supervisor de compras;;Arriendo de 7 computadores personales por 36 meses DESDE 1057532-21-LE24.  NOTA:NO SE PODRA EMITIR FACTURA SIN PREVIA RECEPCION CONFORME A OC / FACTURA DEBE SEÑALAR OC ASOCIADA / SE DEBEN ENVIAR DOCUMENTOS MERCANTILES EN ARCHIVO XLMS O PDF AL SIGUIENTE CORREO, dipresrecepcion@custodium.com
1057532-49-AG26;F2-470-NAM / 5 RADIOS WOKI TOKI / COMITE PARITARIO / Orden de Compra generada por invitación a compra ágil: 1057532-2-COT26;6;Aceptada;;AG;CLP;;2;7;Other;2026-01-14T09:58:30.203;2026-01-19T09:15:40.82;2026-01-19T09:43:41.113;;2026-01-14T17:10:00;4.818181818181818;22;293750.0;19.0;55812.0;349562.0;1057532;Bienes y Servicios;61.607.600-0;Servicio Público;;Osorno;Región de los Lagos ;NICOLAS ASENCIO MOREIRA;COMPRADOR;;1250969;Sociedad Enerset Ltda.;76.156.939-2;VENTA AL POR MAYOR DE MAQUINARIA, HERRAMIENTAS, EQUIPO Y MATERIALES N.| VENTA AL POR MAYOR DE OTROS PRODUCTOS N.C.P.| VENTA AL POR MENOR DE ARTICULOS ELECTRODOMESTICOS Y ELECTRONICOS PARA| OTROS SERVICIOS DE TELECOMUNICACIONES N.C.P.;3 ORIENTE 720;Viña del Mar;Región de Valparaíso ;Roberto Lanas;Representante;;F2-470-NAM / 5 RADIOS WOKI TOKI / COMITE PARITARIO /  Orden de Compra codigo: 1057532-49-AG26 dirigida a SOCIEDAD ENERSET LIMITADA    Nota:   No se podrá emitir factura sin previa recepción conforme de O/C.   La factura debe indicar el número de O/C asociada.   Enviar factura en archivo xlms y pdf al correo dipresrecepcion@custodium.com.    Al envio:  Enviar con guía de despacho, para la recepción conforme.
1057532-78-SE26;CC-DCR/Suministro Oxigeno/COSAM Rahue/Enero 2026;9;Cancelada;1057532-82-LQ24;SE;CLP;;2;22;CL;2026-01-19T15:51:51.203;2026-01-19T16:01:51.42;;2026-01-19T16:28:23.38;2026-01-19T15:53:00;4.285714285714286;7;12233.0;19.0;2324.0;14557.0;1057532;Bienes y Servicios;61.607.600-0;Servicio Público;Av. Juan Mackenna N°825, Edificio Plaza Sur;* ;Región de los Lagos ;Daniela Cona Rios;ADMINISTRATIVO;;26727;LINDE GAS CHILE S.A.;90.100.000-K;FABRICACION DE SUSTANCIAS QUIMICAS BASICAS, EXCEPT;LAS ROSAS LOTE B N° S/N;Mariquina;Región de Los Ríos;Danae Matus;Sales Administration Analyst;;CONVENIO DE SUMINISTRO DE OXIGENO PARA LA RED DE HOSPITALES DE BAJA, MEDIANA COMPLEJIDAD Y SAMU DEPENDIENTES DEL SERVICIO DE SALUD OSORNO/ De acuerdo a correo electrónico de fecha 19.01.2026 solicita emisión de O/C.      Nota: No se podrá emitir factura sin previa recepción conforme de O/C. La factura debe indicar el número de O/C asociada. Enviar factura en archivo xlms y pdf al correo dipresrecepcion@custodium.com.
1057532-36-SE26;CC-DCR/Convenio Oxigenoterapia Domiciliaria/Diciembre 2025;6;Aceptada;1057532-80-LE25;SE;CLP;;2;22;CL;2026-01-09T17:42:16.19;2026-01-15T11:24:42.6;2026-01-19T11:36:49.67;;2026-01-09T17:45:00;4.933333333333334;6;1540000.0;19.0;292600.0;1832600.0;1057532;Bienes y Servicios;61.607.600-0;Servicio Público;Av. Juan Mackenna N°825, Edificio Plaza Sur;* ;Región de los Lagos ;Daniela Cona Rios;ADMINISTRATIVO;;63121;Oximed Ltda.;85.707.700-8;VENTA AL POR MENOR DE OTROS PRODUCTOS EN PEQUENOS;Camino a Melipilla 7282;Cerrillos;Región Metropolitana de Santiago;Chatherine Stephanie Carpenter Carrasco;Encargada de desarroloo de Negocios y calidad;;CONVENIO DE SUMINISTRO DE SERVICIO DE OXIGENOTERAPIA DOMICILIARIA PARA USUARIOS INGRESADOS AL PROGRAMA CUIDADOS PALIATIVOS UNIVERSALES APS SERVICIO DE SALUD OSORNO DESDE 1057532-80-LE25    NOTA: NO SE PODRA EMITIR FACTURA SIN PREVIA RECEPCION CONFORME A OC.  FACTURA DEBE SEÑALAR OC ASOCIADA.  SE DEBEN ENVIAR DOCUMENTOS MERCANTILES EN ARCHIVO XLMS O PDF AL SIGUIENTE CORREO,  dipresrecepcion@custodium.com
1057976-3-SE26;F4-003-JFR Visita Especialistas a la Obra Reposición CECOSF El Encanto, Comuna de Puyehue;6;Aceptada;1077241-9-LE20;SE;CLP;127;2;22;CL;2026-01-16T14:42:37.63;2026-01-19T09:40:50.287;2026-01-19T11:43:51.877;;2026-01-19T09:39:00;0.0;0;1430804.0;0.0;0.0;1430804.0;1057976;Obras Civiles;61.607.600-0;Servicio Público;Av. Juan Mackenna N°825, Edificio Plaza Sur;Osorno;Región de los Lagos ;JUAN FELIPE ROJEL HUENTRO;PROFESIONAL DE APOYO;;172156;ÁLVARO ENRIQUE PINTO RIVAS;13.391.712-8;SERVICIOS DE ARQUITECTURA Y TECNICO RELACIONADO;Pinares 311, esq. Pasaje 1;Chiguayante;Región del Biobío ;Alvaro Enrique Pinto Rivas;Arquitecto;;"Visita Especialista a la Obra Reposición CECOSF El Encanto, Comuna de Puyehue, autorizada por TD según Res. Afecta N°19 del 04.06.2023    Visita Programada para el día 19-01-2026. Valor 18 UF cada visita.      Proyecto ""Desarrollo de los Proyectos de adecuaciones de arquitectura, ingeniería y especialidades CECOSF El Encanto"" bajo el ID 1077241-9-LE20 adjudicado a Álvaro Enrique Pinto Rivas (AP Arquitectura y Diseño), según Formulario N°8 de costos individuales de visita a obra.    Res.Exenta N°6479/15.04.2025 Aprueba Adendum de Contrato  Código BIP: 40007052  Ítem Presupuestario: 31.02.002.    Nota: No se podrá emitir factura sin previa recepción conforme de O/C. La factura debe indicar el número de O/C asociada. Enviar factura en archivo xlms y pdf al correo dipresrecepcion@custodium.com"
1057532-76-SE26;CC-DCR/Suministro Oxigeno/SAMU/Enero 2026;9;Cancelada;1057532-82-LQ24;SE;CLP;;2;22;CL;2026-01-19T14:55:42.997;2026-01-19T15:13:31.05;;2026-01-19T15:49:40.643;2026-01-19T14:59:00;4.285714285714286;7;12233.0;19.0;2324.0;14557.0;1057532;Bienes y Servicios;61.607.600-0;Servicio Público;Av. Juan Mackenna N°825, Edificio Plaza Sur;* ;Región de los Lagos ;Daniela Cona Rios;ADMINISTRATIVO;;26727;LINDE GAS CHILE S.A.;90.100.000-K;FABRICACION DE SUSTANCIAS QUIMICAS BASICAS, EXCEPT;LAS ROSAS LOTE B N° S/N;Mariquina;Región de Los Ríos;Danae Matus;Sales Administration Analyst;;CONVENIO DE SUMINISTRO DE OXIGENO PARA LA RED DE HOSPITALES DE BAJA, MEDIANA COMPLEJIDAD Y SAMU DEPENDIENTES DEL SERVICIO DE SALUD OSORNO/ De acuerdo a correo electrónico de fecha 19.01.2026 solicita emisión de O/C.      Nota: No se podrá emitir factura sin previa recepción conforme de O/C. La factura debe indicar el número de O/C asociada. Enviar factura en archivo xlms y pdf al correo dipresrecepcion@custodium.com.
1057532-89-CM26;PA-RUA/Rodrigo Alarcón Quesem;6;Aceptada;;CM;CLP;;2;12;CL;2026-01-20T14:59:02.15;2026-01-20T15:55:27.157;2026-01-20T15:55:27.23;;2026-01-21T07:58:00;4.0;270;53991.0;19.0;0.0;59947.0;1057532;Bienes y Servicios;61.607.600-0;Servicio Público;Av. Juan Mackenna N°825, Edificio Plaza Sur;Osorno;Región de los Lagos ;Rubén Uribe;;;71217;SKY AIRLINE S A;88.417.000-1;TRANSPORTE REGULAR POR VIA AEREA DE PASAJEROS| TRANSPORTE REGULAR POR VIA AEREA DE CARGA| OTRAS ACTIVIDADES CONEXAS AL TRANSPORTE N.C.P.;Santa Elena 1763;;;;Contacto;;Jornada de trabajo el día viernes 23 de enero de 8.30 a 17.00 horas Osorno - Santiago: 22.01.2026
1057532-16-AG26;F2-470-NAM / MOCHILAS, KIT DE EMERGENCIA Y COLLARES CERVICALES /  COMITE PARITARIO / Orden de Compra generada por invitación a compra ágil: 1057532-3-COT26;12;Recepción Conforme;;AG;CLP;;2;7;Other;2026-01-09T09:29:07.323;2026-01-14T09:50:50.06;2026-01-14T10:31:34.823;;2026-01-09T10:24:00;0.0;0;165864.0;19.0;31514.0;197378.0;1057532;Bienes y Servicios;61.607.600-0;Servicio Público;;Osorno;Región de los Lagos ;NICOLAS ASENCIO MOREIRA;COMPRADOR;;1984894;PIUS BABYS SPA;77.879.303-2;VENTA AL POR MENOR DE JUEGOS Y JUGUETES EN COMERCIOS ESPECIALIZADOS;LOS ABETOS 5935 VINAS DE TOBALABA N° No hay Dato;Peñalolén;Región Metropolitana de Santiago;JUAN DUHART RODRÍGUEZ;Gerente;;F2-470-NAM / MOCHILAS, KIT DE EMERGENCIA Y COLLARES CERVICALES /  COMITE PARITARIO  Orden de Compra codigo: 1057532-16-AG26 dirigida a PIUS BABYS SPA    Nota:   No se podrá emitir factura sin previa recepción conforme de O/C.   La factura debe indicar el número de O/C asociada.   Enviar factura en archivo xlms y pdf al correo dipresrecepcion@custodium.com.    Al envio:  Enviar con guía de despacho, para la recepción conforme.
1057532-91-AG26;F2-472-BMC-DOSIMETROS PARA TRABAJADORES SSO;4;Enviada a proveedor;;AG;CLP;;2;7;Other;2026-01-20T15:15:25.93;2026-01-20T15:56:15.333;;;2026-01-20T15:55:00;0.0;0;672000.0;0.0;0.0;672000.0;1057532;Bienes y Servicios;61.607.600-0;Servicio Público;;Osorno;Región de los Lagos ;Bastian Miranda Coronado;PROFESIONAL;;1634552;SIEVERT DE CHILE SPA;76.616.435-8;Dosimetria personal;Ahumada 370 of 529;Santiago;Región Metropolitana de Santiago;Luis Hernan Francisc Concha Valenzuela;Gerente General;;F2-472- DEPARTAMENTO ARTICULACION DE LA RED ASISTENCIAL  Orden de Compra código: 1057532-91-AG26 dirigida a SIEVERT DE CHILE SPA.  Orden de Compra generada por invitación a compra ágil: 1057532-19-COT26.  NOTA: No se podrá emitir Factura sin previa Recepción Conforme de la OC./ La factura debe indicar N° de OC asociada. Enviar los  documentos mercantiles en archivo xlms y pdf al correo dipresrecepcion@custodium.com.
1057532-72-SE26;CC-DCR/Servicio Mantención Extintores/Kumelen/Diciembre 2025;6;Aceptada;1057532-51-LE24;SE;CLP;;2;12;CL;2026-01-19T11:38:26.973;2026-01-19T14:52:12.853;2026-01-20T17:11:19.423;;2026-01-19T11:51:00;0.0;0;15480.0;19.0;2941.0;18421.0;1057532;Bienes y Servicios;61.607.600-0;Servicio Público;Av. Juan Mackenna N°825, Edificio Plaza Sur;Osorno;Región de los Lagos ;Daniela Cona Rios;ADMINISTRATIVO;;1682984;Sebastian matias;77.037.311-5;Venta, mantencion y recarga equipos extinción de i;AVENIDA PINO SUR N° 01462;San Bernardo;Región Metropolitana de Santiago;Sebastian matias Astete Valenzuela ;Gerente de operacion;;NOTA:  NO SE PODRÁ EMITIR FACTURA SIN PREVIA RECEPCIÓN CONFORME DE O/C LAS FACTURAS DEBEN INDICAR Nº O/C ASOCIADA Ley 20.727 del Enero 2014 Enviar los documentos mercantiles en archivo xlms y pdf al correo dipresrecepcion@custodium.com
1057532-32-SE26;CC-DCR//Serv. de Movilización Funcionarios CDR Kumelen/Diciembre 2025/Linea 7;12;Recepción Conforme;1057532-81-LQ24;SE;CLP;;2;22;CL;2026-01-09T16:53:11.673;2026-01-14T16:25:14.067;2026-01-14T18:30:29.12;;2026-01-09T16:59:00;0.0;0;2071000.0;0.0;0.0;2071000.0;1057532;Bienes y Servicios;61.607.600-0;Servicio Público;Av. Juan Mackenna N°825, Edificio Plaza Sur;* ;Región de los Lagos ;Daniela Cona Rios;ADMINISTRATIVO;;62282;SOC COMERCIAL OASIS LIMITADA;79.554.260-4;SERVICIOS DE TRANSPORTE A TURISTAS| AGENCIAS Y OR;OHiggins # 779;Osorno;Región de los Lagos ;Luis R. Costa Bahamonde Luis R. Costa Bahamonde;Representante Legal;;CONVENIO MOVILIZACION DE DISPOSITIVOS DSSO DESDE 1057532-81-LQ24//OC DICIEMBRE 2025, SERVICIOS DE MOVILIZACIÓN CDR KÜMELEN LP 10575323-81-LQ24, RE_17366/2024 APRUEBA CONTRATO.     NOTA: NO SE PODRÁ EMITIR FACTURA SIN PREVIA RECEPCIÓN CONFORME DE O/C. //LA FACTURA DEBE INDICAR EL NÚMERO DE O/C ASOCIADA. DEBERAN: ENVIAR LOS DOCUMENTOS MERCANTILES EN ARCHIVO XLMS Y PDF AL CORREO dipresrecepcion@custodium.com
1057532-44-SE26;ORDEN DE COMPRA DESDE 1057532-122-LE25;9;Cancelada;1057532-122-LE25;SE;CLP;;2;7;CL;2026-01-13T17:04:00.61;2026-01-19T15:21:18.077;;2026-01-20T09:30:33.977;2026-01-19T15:12:00;0.0;0;1650000.0;19.0;313500.0;1963500.0;1057532;Bienes y Servicios;61.607.600-0;Servicio Público;Av. Juan Mackenna N°825, Edificio Plaza Sur;Osorno;Región de los Lagos ;Rubén Uribe;Administrativo;;1618026;COMERCIAL VR LIMITADA;76.866.699-7;COMERCIALIZACION DE EQUIPOS MEDICINALES E INDUSTRI;MONJITAS N° 550;Santiago;Región Metropolitana de Santiago;Rodrigo Oliva;Representante Legal;;Para el despacho de los productos se debe dar cumplimiento de la norma N°226  Despachar a Bodega de Droguería contacto Leonor Araneda fono 642 335651
1057532-74-SE26;CC-DCR/Servicio Mantención Extintores/PRAIS/Diciembre 2025;6;Aceptada;1057532-51-LE24;SE;CLP;;2;12;CL;2026-01-19T11:39:38.083;2026-01-19T14:52:21.127;2026-01-20T17:11:58.217;;2026-01-19T12:24:00;0.0;0;5160.0;19.0;980.0;6140.0;1057532;Bienes y Servicios;61.607.600-0;Servicio Público;Av. Juan Mackenna N°825, Edificio Plaza Sur;Osorno;Región de los Lagos ;Daniela Cona Rios;ADMINISTRATIVO;;1682984;Sebastian matias;77.037.311-5;Venta, mantencion y recarga equipos extinción de i;AVENIDA PINO SUR N° 01462;San Bernardo;Región Metropolitana de Santiago;Sebastian matias Astete Valenzuela ;Gerente de operacion;;NOTA:  NO SE PODRÁ EMITIR FACTURA SIN PREVIA RECEPCIÓN CONFORME DE O/C LAS FACTURAS DEBEN INDICAR Nº O/C ASOCIADA Ley 20.727 del Enero 2014 Enviar los documentos mercantiles en archivo xlms y pdf al correo dipresrecepcion@custodium.com
1057532-5727-AG25;F1-421-MAR Orden de Compra generada por invitación a compra ágil: 1057532-926-COT25;12;Recepción Conforme;;AG;CLP;;2;7;Other;2025-12-17T08:29:47.157;2025-12-22T07:44:29.663;2025-12-22T23:07:03.393;;2026-01-13T10:16:00;0.0;0;1013000.0;19.0;192470.0;1205470.0;1057532;Bienes y Servicios;61.607.600-0;Servicio Público;;Osorno;Región de los Lagos ;Miguel Aro;Administrativo;;1874238;ESTUDIOS KS SPA;77.714.322-0;ACTIVIDADES DE SERVICIOS RELACIONADAS CON LA IMPRESION;EL GOMERO 18510 - 11 LC 13 CIUDAD SATELITE, DEPARTAMENTO 11;Maipú;Región Metropolitana de Santiago; ;;;Orden de Compra codigo: 1057532-5727-AG25 dirigida a ESTUDIOS KS SPA  NOTA: No se podrá emitir factura sin previa recepción conforme de O/C. La factura debe indicar el Número de O/C asociada.  Enviar los documentos mercantiles en archivo xlms y pdf al correo dipresrecepcion@custodium.com  FOLIO N° 421 / PARTICIPACION CIUDADANA.
1057532-75-SE26;CC-DCR/Servicio Mantención Extintores/SAMU/Diciembre 2025;6;Aceptada;1057532-51-LE24;SE;CLP;;2;12;CL;2026-01-19T11:40:24.47;2026-01-19T14:52:25.21;2026-01-20T17:12:14.087;;2026-01-19T12:25:00;0.0;0;21930.0;19.0;4167.0;26097.0;1057532;Bienes y Servicios;61.607.600-0;Servicio Público;Av. Juan Mackenna N°825, Edificio Plaza Sur;Osorno;Región de los Lagos ;Daniela Cona Rios;ADMINISTRATIVO;;1682984;Sebastian matias;77.037.311-5;Venta, mantencion y recarga equipos extinción de i;AVENIDA PINO SUR N° 01462;San Bernardo;Región Metropolitana de Santiago;Sebastian matias Astete Valenzuela ;Gerente de operacion;;NOTA:  NO SE PODRÁ EMITIR FACTURA SIN PREVIA RECEPCIÓN CONFORME DE O/C LAS FACTURAS DEBEN INDICAR Nº O/C ASOCIADA Ley 20.727 del Enero 2014 Enviar los documentos mercantiles en archivo xlms y pdf al correo dipresrecepcion@custodium.com
1057532-83-SE26;CC-DCR/REAS/Base SAMU/Diciembre 2025;6;Aceptada;1057532-128-LR24;SE;CLP;;2;7;CL;2026-01-20T09:21:48.997;2026-01-20T10:23:07.47;2026-01-20T15:44:12.08;;2026-01-20T09:25:00;4.533333333333333;18;3278.0;19.0;623.0;3901.0;1057532;Bienes y Servicios;61.607.600-0;Servicio Público;Av. Juan Mackenna N°825, Edificio Plaza Sur;* ;Región de los Lagos ;Daniela Cona Rios;ADMINISTRATIVO;;27533;PROCESOS SANITARIOS S P A;96.697.710-8;OTRAS ACTIVIDADES EMPRESARIALES N.C.P.| RECOGIDA Y;RUTA 5 SUR KM 103  N° 8;Puerto Montt;Región de los Lagos ;Betzabe Uribe;Ejecutivo;;|NOTA:NO SE PODRA EMITIR FACTURA SIN PREVIA RECEPCION CONFORME A OC / FACTURA DEBE SEÑALAR OC ASOCIADA / SE DEBEN ENVIAR DOCUMENTOS MERCANTILES EN ARCHIVO XLMS O PDF AL SIGUIENTE CORREO, dipresrecepcion@custodium.com
1057532-39-SE26;CC-RVM/Suministro Oxigeno/SAMU/30-10AL27-11/2025;12;Recepción Conforme;1057532-82-LQ24;SE;CLP;;2;22;CL;2026-01-12T11:50:37.29;2026-01-12T16:27:57.967;2026-01-14T15:16:09.583;;2026-01-12T12:22:00;4.285714285714286;7;631500.0;19.0;119985.0;751485.0;1057532;Bienes y Servicios;61.607.600-0;Servicio Público;Av. Juan Mackenna N°825, Edificio Plaza Sur;Osorno;Región de los Lagos ;Rosa Vasquez;Jefe S Subdepartamento Abastecimiento SSO;;26727;LINDE GAS CHILE S.A.;90.100.000-K;FABRICACION DE SUSTANCIAS QUIMICAS BASICAS, EXCEPT;LAS ROSAS LOTE B N° S/N;Mariquina;Región de Los Ríos;Danae Matus;Sales Administration Analyst;;CONVENIO DE SUMINISTRO DE OXIGENO PARA LA RED DE HOSPITALES DE BAJA, MEDIANA COMPLEJIDAD Y SAMU DEPENDIENTES DEL SERVICIO DE SALUD OSORNO/ De acuerdo a correo electrónico de fecha 12.01.2026 solicita emisión de O/C.  Nota: No se podrá emitir factura sin previa recepción conforme de O/C. La factura debe indicar el número de O/C asociada. Enviar factura  en archivo xlms y pdf al correo dipresrecepcion@custodium.com.
1057532-73-SE26;CC-DCR/Servicio Mantención Extintores/PEULLA/Diciembre 2025;6;Aceptada;1057532-51-LE24;SE;CLP;;2;12;CL;2026-01-19T11:39:06.357;2026-01-19T14:52:17.027;2026-01-20T17:11:42.597;;2026-01-19T12:22:00;0.0;0;11610.0;19.0;2206.0;13816.0;1057532;Bienes y Servicios;61.607.600-0;Servicio Público;Av. Juan Mackenna N°825, Edificio Plaza Sur;Osorno;Región de los Lagos ;Daniela Cona Rios;ADMINISTRATIVO;;1682984;Sebastian matias;77.037.311-5;Venta, mantencion y recarga equipos extinción de i;AVENIDA PINO SUR N° 01462;San Bernardo;Región Metropolitana de Santiago;Sebastian matias Astete Valenzuela ;Gerente de operacion;;NOTA:  NO SE PODRÁ EMITIR FACTURA SIN PREVIA RECEPCIÓN CONFORME DE O/C LAS FACTURAS DEBEN INDICAR Nº O/C ASOCIADA Ley 20.727 del Enero 2014 Enviar los documentos mercantiles en archivo xlms y pdf al correo dipresrecepcion@custodium.com
1057532-79-AG26;F1-557-NAM / MESA Y SILLA PLASTICAS/ NEWEN / Orden de Compra generada por invitación a compra ágil: 1057532-10-COT26;4;Enviada a proveedor;;AG;CLP;;2;7;Other;2026-01-19T17:39:30.407;2026-01-20T09:54:41.647;;;2026-01-19T17:43:00;0.0;0;60000.0;19.0;11400.0;71400.0;1057532;Bienes y Servicios;61.607.600-0;Servicio Público;;Osorno;Región de los Lagos ;NICOLAS ASENCIO MOREIRA;COMPRADOR;;1372090;OSCAR EDUARDO GOYE CASTILLO;18.742.681-2;OBRAS MENORES EN CONSTRUCCION;SAJONIA N° 3173;Osorno;Región de los Lagos ;OSCAR  GOYE;OSORNO;;F1-557-NAM / MESA Y SILLA PLASTICAS/ NEWEN/ Orden de Compra codigo: 1057532-79-AG26 dirigida a OSCAR EDUARDO GOYE CASTILLO    1) Serán desestimadas las ofertas que no adjunten el Formularios Anexo Proveedor.   2) Adjuntar cotización detallada + imágenes de productos ofertados (archivo proveedor), según especificaciones técnicas adjuntadas   3) Debe indicar en días hábiles el plazo de envió, dado que se tomará como parte de evaluación de adjudicación
1057532-21-SE26;CC-DCR/8 CUPOS DÍA HOGAR PROTEGIDO HOMBRES/DICIEMBRE;12;Recepción Conforme;1057532-131-LP23;SE;CLP;;2;22;CL;2026-01-09T15:17:24.57;2026-01-12T16:41:07.75;2026-01-14T12:01:50.687;;2026-01-09T15:21:00;0.0;0;7016908.0;0.0;0.0;7016908.0;1057532;Bienes y Servicios;61.607.600-0;Servicio Público;Av. Juan Mackenna N°825, Edificio Plaza Sur;* ;Región de los Lagos ;DANIELA CONA;ADMINISTRATIVO;;111112;AMORE;65.129.460-6;OTRAS ACTIVIDADES EMPRESARIALES RELACIONADAS CON L;Ayacucho esq. Caracas s/n;Osorno;Región de los Lagos ;Roxana   Ríos Aburto;Representante Legal de la Agrupación AMORE;;Adquisición 8 cupos Día Hogar Protegido para hombres para el Servicio de Salud Osorno en la Provincia de Osorno” (RES EXENTA N°17422/29.12.2023)    Nota: No se podrá emitir factura sin previa recepción conforme de O/C. La factura debe indicar el número de O/C asociada. Enviar factura en archivo xlms y pdf al correo dipresrecepcion@custodium.com.
1057532-52-SE26;CC-DCR/Informes EKG Red Urgencia Osorno/Diciembre 2025;12;Recepción Conforme;1057532-88-LE24;SE;CLP;;2;22;CL;2026-01-15T11:39:19.657;2026-01-15T14:51:32.14;2026-01-15T17:55:31.273;;2026-01-15T12:05:00;4.9;4;834750.0;0.0;0.0;834750.0;1057532;Bienes y Servicios;61.607.600-0;Servicio Público;Av. Juan Mackenna N°825, Edificio Plaza Sur;* ;Región de los Lagos ;Daniela Cona Rios;ADMINISTRATIVO;;66175;INTERNATIONAL TELEMEDICAL SYSTEMS CHILE SPA;96.995.590-3;VENTA AL POR MAYOR DE OTROS PRODUCTOS N.C.P.| ALQU;Apoquindo N° 2929;Las Condes;Región Metropolitana de Santiago;Evelyn  Alfaro;Jefe de Licitaciones ;;L.P. ID 1057532-88-LE24 “SERVICIO DE INFORMES DE TELEELECTROCARDIOGRAFÍA A DISTANCIA PARA 12 ESTABLECIMIENTOS DE LA RED DE URGENCIA DE LA PROVINCIA DE OSORNO 2025” (RES EXENTA N°17565/10.12.2024)/De acuerdo a solicitud emisión de O/C. de fecha 14.01.2026.    Nota: No se podrá emitir factura sin previa recepción conforme de O/C. La factura debe indicar el número de O/C asociada. Enviar factura en archivo xlms y pdf al correo dipresrecepcion@custodium.com.
1057532-71-SE26;CC-DCR/Servicio Mantención Extintores/Ed. Rodríguez/Diciembre 2025;6;Aceptada;1057532-51-LE24;SE;CLP;;2;22;CL;2026-01-19T11:34:05.99;2026-01-19T14:52:08.39;2026-01-20T17:11:04.31;;2026-01-19T11:49:00;0.0;0;18060.0;19.0;3431.0;21491.0;1057532;Bienes y Servicios;61.607.600-0;Servicio Público;Av. Juan Mackenna N°825, Edificio Plaza Sur;Osorno;Región de los Lagos ;Daniela Cona Rios;ADMINISTRATIVO;;1682984;Sebastian matias;77.037.311-5;Venta, mantencion y recarga equipos extinción de i;AVENIDA PINO SUR N° 01462;San Bernardo;Región Metropolitana de Santiago;Sebastian matias Astete Valenzuela ;Gerente de operacion;;NOTA:  NO SE PODRÁ EMITIR FACTURA SIN PREVIA RECEPCIÓN CONFORME DE O/C LAS FACTURAS DEBEN INDICAR Nº O/C ASOCIADA Ley 20.727 del Enero 2014 Enviar los documentos mercantiles en archivo xlms y pdf al correo dipresrecepcion@custodium.com
1057532-82-CM26;F3-208-AVP//Adquisición de insumos de aseo para stock de bodega general, para 3 meses del año 2026;6;Aceptada;;CM;CLP;;2;12;CL;2026-01-20T09:07:05.95;2026-01-20T10:04:15.203;2026-01-20T10:07:02.403;;2026-01-20T09:19:00;4.674502712477396;553;11998170.0;19.0;2279652.0;14277822.0;1057532;Bienes y Servicios;61.607.600-0;Servicio Público;Av. Juan Mackenna N°825, Edificio Plaza Sur;Osorno;Región de los Lagos ;Alicia Vidal Paredes;;;49120;PROVEEDORES INTEGRALES PRISA S A;96.556.940-5;VENTA AL POR MAYOR DE MATERIAS PRIMAS AGRICOLAS| VENTA AL POR MAYOR DE HUEVOS, LECHE, ABARROTES, Y OTROS ALIMENTOS N.C.| VENTA AL POR MAYOR DE OTROS PRODUCTOS N.C.P.| VENTA AL POR MENOR DE OTROS PRODUCTOS EN PEQUENOS ALMACENES NO ESPECIA| VENTA AL POR MEN;LAS ROSAS N° 5757;;;;Contacto;;Orden de Compra codigo: 1057532-82-CM26 dirigida a PROVEEDORES INTEGRALES PRISA S A NOTA: NO SE PODRÁ EMITIR FACTURA SIN PREVIA RECEPCIÓN CONFORME DE O/C. //LA FACTURA DEBE INDICAR EL NÚMERO DE O/C ASOCIADA. DEBERAN: ENVIAR LOS DOCUMENTOS MERCANTILES EN A
1057532-86-SE26;CC-DCR/Convenio Kit POC/Arriendo de Equipo/HPU;6;Aceptada;1057532-64-LP25;SE;CLP;;2;22;CL;2026-01-20T09:49:39.49;2026-01-20T11:34:58.86;2026-01-20T13:23:07.543;;2026-01-20T10:22:00;4.9818181818181815;11;235667.0;19.0;44777.0;280443.0;1057532;Bienes y Servicios;61.607.600-0;Servicio Público;Av. Juan Mackenna N°825, Edificio Plaza Sur;* ;Región de los Lagos ;Daniela Cona Rios;ADMINISTRATIVO;;22062;VALTEK  S.A.;79.568.850-1;FABRICACION DE OTROS PRODUCTOS QUIMICOS N.C.P.| VE;R ARAYA 1025 STA CAROLINA IND N° No hay Dato;Macul;Región Metropolitana de Santiago;Erick Pastén;Analista de Mercado Público;;CONVENIO DE ADQUISICION DE KIT POINT OF CARE POC CON ARRIENDO DE EQUIPO PARA ANALISIS DE MUESTRAS POR 12 MESES DESDE 1057532-64-LP25    Nota: No se podrá emitir factura sin previa recepción conforme de O/C. La factura debe indicar el número de O/C asociada. Enviar factura en archivo xlms y pdf al correo dipresrecepcion@custodium.com
1057532-5801-SE25;CC-DCR/Suministro Oxigeno/SAMU/Diciembre 2025;12;Recepción Conforme;1057532-82-LQ24;SE;CLP;11;2;22;CL;2025-12-30T17:42:06.39;2025-12-31T10:04:00.68;2026-01-02T17:36:46.327;;2025-12-30T17:47:00;4.285714285714286;7;655661.0;19.0;124576.0;780237.0;1057532;Bienes y Servicios;61.607.600-0;Servicio Público;Av. Juan Mackenna N°825, Edificio Plaza Sur;* ;Región de los Lagos ;Daniela Cona Rios;ADMINISTRATIVO;;26727;LINDE GAS CHILE S.A.;90.100.000-K;FABRICACION DE SUSTANCIAS QUIMICAS BASICAS, EXCEPT;LAS ROSAS LOTE B N° S/N;Mariquina;Región de Los Ríos;Danae Matus;Sales Administration Analyst;;CONVENIO DE SUMINISTRO DE OXIGENO PARA LA RED DE HOSPITALES DE BAJA, MEDIANA COMPLEJIDAD Y SAMU DEPENDIENTES DEL SERVICIO DE SALUD OSORNO/ De acuerdo a correo electrónico de fecha 22.12.2025 solicita emisión de O/C.      Nota: No se podrá emitir factura sin previa recepción conforme de O/C. La factura debe indicar el número de O/C asociada. Enviar factura en archivo xlms y pdf al correo dipresrecepcion@custodium.com.
1057532-70-SE26;CC-DCR/Servicio Mantención Extintores/COSAM Rahue/Diciembre 2025;6;Aceptada;1057532-51-LE24;SE;CLP;;2;12;CL;2026-01-19T11:33:21.703;2026-01-19T14:52:03.633;2026-01-20T17:10:45.593;;2026-01-19T11:48:00;0.0;0;19350.0;19.0;3676.0;23026.0;1057532;Bienes y Servicios;61.607.600-0;Servicio Público;Av. Juan Mackenna N°825, Edificio Plaza Sur;Osorno;Región de los Lagos ;Daniela Cona Rios;ADMINISTRATIVO;;1682984;Sebastian matias;77.037.311-5;Venta, mantencion y recarga equipos extinción de i;AVENIDA PINO SUR N° 01462;San Bernardo;Región Metropolitana de Santiago;Sebastian matias Astete Valenzuela ;Gerente de operacion;;NOTA:  NO SE PODRÁ EMITIR FACTURA SIN PREVIA RECEPCIÓN CONFORME DE O/C LAS FACTURAS DEBEN INDICAR Nº O/C ASOCIADA Ley 20.727 del Enero 2014 Enviar los documentos mercantiles en archivo xlms y pdf al correo dipresrecepcion@custodium.com
1057532-85-SE26;ORDEN DE COMPRA DESDE 1057532-122-LE25;4;Enviada a proveedor;1057532-122-LE25;SE;CLP;;2;7;CL;2026-01-20T09:31:31.203;2026-01-20T09:54:03.01;;;2026-01-20T09:51:00;0.0;0;1650000.0;19.0;313500.0;1963500.0;1057532;Bienes y Servicios;61.607.600-0;Servicio Público;Av. Juan Mackenna N°825, Edificio Plaza Sur;Osorno;Región de los Lagos ;Rubén Uribe;Administrativo;;1618026;COMERCIAL VR LIMITADA;76.866.699-7;COMERCIALIZACION DE EQUIPOS MEDICINALES E INDUSTRI;MONJITAS N° 550;Santiago;Región Metropolitana de Santiago;Rodrigo Oliva;Representante Legal;;Para el despacho de los productos se debe dar cumplimiento de la norma N°226  Despachar a Bodega de Droguería contacto Leonor Araneda fono 642 335651
1057532-31-SE26;CC-DCR//Serv. de Movilización Funcionarios CDR Kumelen/Diciembre 2025/Linea 3;12;Recepción Conforme;1057532-81-LQ24;SE;CLP;;2;22;CL;2026-01-09T16:53:01.54;2026-01-13T14:56:09.91;2026-01-14T18:30:49.833;;2026-01-09T16:57:00;0.0;0;3370500.0;0.0;0.0;3370500.0;1057532;Bienes y Servicios;61.607.600-0;Servicio Público;Av. Juan Mackenna N°825, Edificio Plaza Sur;* ;Región de los Lagos ;Daniela Cona Rios;ADMINISTRATIVO;;62282;SOC COMERCIAL OASIS LIMITADA;79.554.260-4;SERVICIOS DE TRANSPORTE A TURISTAS| AGENCIAS Y OR;OHiggins # 779;Osorno;Región de los Lagos ;Luis R. Costa Bahamonde Luis R. Costa Bahamonde;Representante Legal;;CONVENIO MOVILIZACION DE DISPOSITIVOS DSSO DESDE 1057532-81-LQ24//OC DICIEMBRE 2025, SERVICIOS DE MOVILIZACIÓN CDR KÜMELEN LP 10575323-81-LQ24, RE_17366/2024 APRUEBA CONTRATO.     NOTA: NO SE PODRÁ EMITIR FACTURA SIN PREVIA RECEPCIÓN CONFORME DE O/C. //LA FACTURA DEBE INDICAR EL NÚMERO DE O/C ASOCIADA. DEBERAN: ENVIAR LOS DOCUMENTOS MERCANTILES EN ARCHIVO XLMS Y PDF AL CORREO dipresrecepcion@custodium.com
1057532-5447-CC25;CC-LDA/DIPLOMADO REHAB. ONCOLÓGICA PERS. MAYORES;12;Recepción Conforme;4127-84-LE25;CC;CLP;;2;22;CL;2025-11-03T11:39:55.647;2025-11-03T11:51:21.017;2026-01-20T08:58:06.403;;2026-01-20T08:58:00;5.0;4;1490000.0;0.0;0.0;1490000.0;1057532;Bienes y Servicios;61.607.600-0;Servicio Público;Av. Juan Mackenna N°825, Edificio Plaza Sur;Osorno;Región de los Lagos ;Lesly Andrea Díaz Aburto;Administrativo;;17942;UNIVERSIDAD DEL DESARROLLO;71.644.300-0;UNIVERSIDADES;MAC IVER N° 1668;Concepción;Región del Biobío ;Cristian Van Rysselberghe;director;;DIPLOMAD REHABILITACIÓN ONCOLÓGICA EN PERSONAS MAYORES DE 15 AÑOS/ID 4127-84-LE25/  Nota: No se podrá emitir factura sin previa recepción conforme de O/C. La factura debe indicar el número de O/C asociada. Enviar factura en archivo xlms y pdf al correo dipresrecepcion@custodium.com.
1057532-5705-SE25;CC-DCR/Informes EKG Red Urgencia Osorno/Noviembre 2025;12;Recepción Conforme;1057532-88-LE24;SE;CLP;;2;22;CL;2025-12-11T11:09:22.417;2025-12-11T11:20:12.77;2025-12-11T17:14:05.94;;2025-12-11T11:18:00;4.9;4;796500.0;0.0;0.0;796500.0;1057532;Bienes y Servicios;61.607.600-0;Servicio Público;Av. Juan Mackenna N°825, Edificio Plaza Sur;Osorno;Región de los Lagos ;Daniela Cona Rios;ADMINISTRATIVO;;66175;INTERNATIONAL TELEMEDICAL SYSTEMS CHILE SPA;96.995.590-3;VENTA AL POR MAYOR DE OTROS PRODUCTOS N.C.P.| ALQU;Apoquindo N° 2929;Las Condes;Región Metropolitana de Santiago;Evelyn  Alfaro;Jefe de Licitaciones ;;L.P. ID 1057532-88-LE24 “SERVICIO DE INFORMES DE TELEELECTROCARDIOGRAFÍA A DISTANCIA PARA 12 ESTABLECIMIENTOS DE LA RED DE URGENCIA DE LA PROVINCIA DE OSORNO 2025” (RES EXENTA N°17565/10.12.2024)/De acuerdo a solicitud emisión de O/C. de fecha 11.12.2025.    Nota: No se podrá emitir factura sin previa recepción conforme de O/C. La factura debe indicar el número de O/C asociada. Enviar factura en archivo xlms y pdf al correo dipresrecepcion@custodium.com.
1057532-69-SE26;CC-DCR/Servicio Mantención Extintores/COSAM Oriente/Diciembre 2025;6;Aceptada;1057532-51-LE24;SE;CLP;;2;12;CL;2026-01-19T11:32:59.833;2026-01-19T14:51:57.897;2026-01-20T17:10:22.76;;2026-01-19T11:44:00;0.0;0;15480.0;19.0;2941.0;18421.0;1057532;Bienes y Servicios;61.607.600-0;Servicio Público;Av. Juan Mackenna N°825, Edificio Plaza Sur;Osorno;Región de los Lagos ;Daniela Cona Rios;ADMINISTRATIVO;;1682984;Sebastian matias;77.037.311-5;Venta, mantencion y recarga equipos extinción de i;AVENIDA PINO SUR N° 01462;San Bernardo;Región Metropolitana de Santiago;Sebastian matias Astete Valenzuela ;Gerente de operacion;;NOTA:  NO SE PODRÁ EMITIR FACTURA SIN PREVIA RECEPCIÓN CONFORME DE O/C LAS FACTURAS DEBEN INDICAR Nº O/C ASOCIADA Ley 20.727 del Enero 2014 Enviar los documentos mercantiles en archivo xlms y pdf al correo dipresrecepcion@custodium.com
1057532-84-SE26;CC-DCR/REAS/COSAM Rahue/Diciembre 2025;6;Aceptada;1057532-128-LR24;SE;CLP;;2;7;CL;2026-01-20T09:22:19.537;2026-01-20T10:23:12.917;2026-01-20T15:44:53.713;;2026-01-20T09:28:00;4.533333333333333;18;7048.0;19.0;1339.0;8387.0;1057532;Bienes y Servicios;61.607.600-0;Servicio Público;Av. Juan Mackenna N°825, Edificio Plaza Sur;* ;Región de los Lagos ;Daniela Cona Rios;ADMINISTRATIVO;;27533;PROCESOS SANITARIOS S P A;96.697.710-8;OTRAS ACTIVIDADES EMPRESARIALES N.C.P.| RECOGIDA Y;RUTA 5 SUR KM 103  N° 8;Puerto Montt;Región de los Lagos ;Betzabe Uribe;Ejecutivo;;|NOTA:NO SE PODRA EMITIR FACTURA SIN PREVIA RECEPCION CONFORME A OC / FACTURA DEBE SEÑALAR OC ASOCIADA / SE DEBEN ENVIAR DOCUMENTOS MERCANTILES EN ARCHIVO XLMS O PDF AL SIGUIENTE CORREO, dipresrecepcion@custodium.com
1057532-90-CM26;PA-RUA/Rodrigo Alarcón Quesem;6;Aceptada;;CM;CLP;;2;12;CL;2026-01-20T15:10:33.913;2026-01-20T15:57:24.413;2026-01-20T15:57:24.47;;2026-01-21T07:58:00;4.704738154613466;401;178377.0;19.0;0.0;178377.0;1057532;Bienes y Servicios;61.607.600-0;Servicio Público;Av. Juan Mackenna N°825, Edificio Plaza Sur;Osorno;Región de los Lagos ;Rubén Uribe;;;25638;LATAM AIRLINES GROUP S.A.;89.862.200-2;TRANSPORTE REGULAR POR VIA AEREA DE PASAJEROS| TRANSPORTE REGULAR POR VIA AEREA DE CARGA| OTRAS ACTIVIDADES CONEXAS AL TRANSPORTE N.C.P.| ARRIENDO DE INMUEBLES AMOBLADOS O CON EQUIPOS Y MAQUINARIAS| ALQUILER DE AUTOS Y CAMIONETAS SIN CHOFER;Estado 10, Piso 3;;;;Contacto;;Jornada de trabajo el día viernes 23 de enero de 8.30 a 17.00 horas Santiago - Puerto Montt: 23.01.2026
1057532-27-SE26;CC-DCR/Servicio Movilización Newen/Diciembre 2025;12;Recepción Conforme;1057532-81-LQ24;SE;CLP;;2;22;CL;2026-01-09T16:04:46.323;2026-01-13T14:48:19.54;2026-01-14T08:20:55.03;;2026-01-09T16:08:00;5.0;1;1602300.0;0.0;0.0;1602300.0;1057532;Bienes y Servicios;61.607.600-0;Servicio Público;Av. Juan Mackenna N°825, Edificio Plaza Sur;* ;Región de los Lagos ;Daniela Cona Rios;ADMINISTRATIVO;;107719;TEOBALDO HUENANTE BARRIGA;7.531.485-K;TRANSPORTE URBANO DE PASAJEROS VIA AUTOBUS (LOCOMO;ARAUCO 1641 VILLA JORGE ALESSANDRI;Osorno;Región de los Lagos ;Sandra Veronica  Gutierrez Loaiza;administradora;;CONVENIO MOVILIZACION DE DISPOSITIVOS DSSO DESDE 1057532-81-LQ24//Solicitud con fecha 08.01.2026// OC DICIEMBRE 2025, SERVICIOS DE MOVILIZACIÓN NEWEN N°10575323-81-LQ24,RE_17563/2024 APRUEBA CONTRATO.    NOTA: NO SE PODRÁ EMITIR FACTURA SIN PREVIA RECEPCIÓN CONFORME DE O/C. //LA FACTURA DEBE INDICAR EL NÚMERO DE O/C ASOCIADA. DEBERAN: ENVIAR LOS DOCUMENTOS MERCANTILES EN ARCHIVO XLMS Y PDF AL CORREO dipresrecepcion@custodium.com
1057532-80-AG26;F1-557-NAM / TOLDO / NEWEN / Orden de Compra generada por invitación a compra ágil: 1057532-12-COT26;6;Aceptada;;AG;CLP;;2;7;Other;2026-01-19T17:44:10.423;2026-01-20T09:47:02.49;2026-01-21T09:26:38.09;;2026-01-19T17:45:00;0.0;0;36000.0;19.0;6840.0;42840.0;1057532;Bienes y Servicios;61.607.600-0;Servicio Público;;Osorno;Región de los Lagos ;NICOLAS ASENCIO MOREIRA;COMPRADOR;;1372605;ICE WORLD SPA;76.247.853-6;Distribuidora de alimentos e Insumos Medicos;CAMINO INTERNACIONAL N° 1805;Pucón;Región de la Araucanía ;Franco  Olivares Bruna;santiago;;F1-557-NAM / TOLDO / NEWEN /  Orden de Compra codigo: 1057532-80-AG26 dirigida a ICE-WORLD SPA  1) Serán desestimadas las ofertas que no adjunten el Formularios Anexo Proveedor.   2) Adjuntar cotización detallada + imágenes de productos ofertados (archivo proveedor), según especificaciones técnicas adjuntadas   3) Debe indicar en días hábiles el plazo de envió, dado que se tomará como parte de evaluación de adjudicación
1057532-81-AG26;F1-557-NAM / PARLANTE BLUETOOTH / NEWEN / Orden de Compra generada por invitación a compra ágil: 1057532-11-COT26;6;Aceptada;;AG;CLP;;2;7;Other;2026-01-19T17:46:54.793;2026-01-20T09:45:53.157;2026-01-21T08:35:04.72;;2026-01-19T17:48:00;0.0;0;37815.0;19.0;7185.0;45000.0;1057532;Bienes y Servicios;61.607.600-0;Servicio Público;;Osorno;Región de los Lagos ;NICOLAS ASENCIO MOREIRA;COMPRADOR;;1575715;AGEVAL SPA;76.341.068-4;VENTA AL POR MENOR DE PRODUCTOS MEDICINALES, VENTAS DE ARTICULOS ORTOPEDICOS.;PASAJE JUAN LAGOS 851;Osorno;Región de los Lagos ;FRANCISCO ALFRED;Administrador;;F1-557-NAM / PARLANTE BLUETOOTH / NEWEN /  Orden de Compra codigo: 1057532-81-AG26 dirigida a AGEVAL SPA  1) Serán desestimadas las ofertas que no adjunten el Formularios Anexo Proveedor.   2) Adjuntar cotización detallada + imágenes de productos ofertados (archivo proveedor), según especificaciones técnicas adjuntadas   3) Debe indicar en días hábiles el plazo de envió, dado que se tomará como parte de evaluación de adjudicación
1057532-92-AG26;F2-433-IVO/ADQUISICION DE PROTECTORES SOLARES;4;Enviada a proveedor;;AG;CLP;;2;7;Other;2026-01-21T08:34:01.163;2026-01-21T08:53:22.703;;;2026-01-21T08:38:00;0.0;0;50276.0;19.0;9552.0;59828.0;1057532;Bienes y Servicios;61.607.600-0;Servicio Público;;Osorno;Región de los Lagos ;Ivan Vargas Ojeda;Comprador Administrativo;;1736557;SOLUCIONES Y MONTAJES METALELECTRIC LIMITADA;76.759.642-1;REPARACION DE OTRO TIPO DE MAQUINARIA Y EQUIPOS INDUSTRIALES N.C.P.;Pasaje el greco N° 2041;Puerto Montt;Región de los Lagos ;Cristian Sanchez;Dueño;;FSC N° 433, SUBDEPTO DE PREVENCION DE RIESGOS  Orden de Compra código: 1057532-92-AG26 dirigida a SOLUCIONES Y MONTAJES METALELECTRIC LIMITADA, Orden de Compra generada por invitación a compra ágil: 1057532-5-COT26. Nota: No se podrá emitir factura sin previa recepción conforme de O/C. La factura debe indicar el número de O/C asociada. Enviar factura  en archivo xlms y pdf al correo dipresrecepcion@custodium.com.
