CodigoOC;Correlativo;CodigoCategoria;Categoria;CodigoProducto;Producto;EspecificacionComprador;EspecificacionProveedor;Cantidad;Unidad;PrecioNeto;TotalImpuestos;TotalLinea
1180747-32-SE24;1;43211500;Tecnologías de la información, telecomunicaciones y radiodifusión / Equipos informáticos y accesorios / Computadores;43211508;Computadores personales;COMPUTADORES PARA POSTA RURAL COSTA RIO BLANCO;COMPUTADORES PARA POSTA RURAL COSTA RIO BLANCO - Cotización formal adjunta con detalle de oferta y técnico de equipos.;3.0;;659340.0;0.0;1978020.0
1057532-2059-AG24;1;82101500;Servicios editoriales, de diseño, publicidad, gráficos y artistas / Publicidad / Publicidad impresa;82101507;Folletos y catálogos publicitarios, servicios de publicidad y distribución;"4300 folletos programa de Promoción, prevención y diagnóstico precoz de canceres más prevalentes en mujeres de la  Provincia de Osorno ""Cuidarte es amarte"", diseño y detalle adjunto, archivos de mejor calidad serán entregados al proveedor que se adjudique.  Adjuntar formulario N°1 e indicar plazo de entrega.";"Folletos programa de Promoción, prevención y diagnóstico precoz de canceres más prevalentes en mujeres de la  Provincia de Osorno ""Cuidarte es amarte""";4300.0;;180.0;0.0;0.0
1057532-2046-AG24;1;55121700;Productos impresos y publicaciones / Etiquetado y accesorios / Etiquetado;55121727;Letreros;LETRERO DE ACRILICO COLOR AZUL DE 10 CMS DE ANCHO x 35 CMS DE LARGO, ESPESOR 5MM, PARA NOMINAR ESPACIOS EN RECINTO COSAM, CON TRADUCCION AL CHEZUNGUN (LETRERO DEBE VENIR VACIOS),;LETRERO DE ACRILICO COLOR AZUL DE 10 CMS DE ANCHO x 35 CMS DE LARGO, ESPESOR 5MM;22.0;;4800.0;0.0;0.0
1057532-2240-AG24;1;73101700;Servicios de producción y fabricación industrial / Industrias de plásticos y productos químicos / Producción farmacéutica;73101701;Servicios de producción de medicamentos o medicinas;Clorpromazina 100 mg, se solicita adjunta resolución sanitaria y fecha de vencimiento igual o superior a 12 meses.;Clorpromazina 100mg cx20 comp Largactil*ENTREGA DE 24 A 48 HRS, VENCE MAS DE 12 MESES, DESPACHO INCLUIDO EN EL PRECIO, SIN MINIMO DE COMPRA,CON POLITICA DE CANJE., OFERENTE Ximena Silva/9-57438894/xsilva@adnfarmaceutica.cl;1500.0;;590.0;0.0;0.0
1057532-1975-AG24;1;50192100;Alimentos, bebidas y tabaco / Alimentos preparados y conservados / Tentempiés;50192110;Nueces o frutos secos;150 BOLSAS DE FRUTOS SECO MIX DE 80 GRAMOS.;;150.0;;589.0;0.0;0.0
1057532-1975-AG24;2;50221200;Alimentos, bebidas y tabaco / Cereales y Legumbres / Cereales procesados;50221202;Cereales en barra;150 BARRAS DE CEREAL  DE 150 GRAMOS.;;150.0;;128.0;0.0;0.0
1057532-1975-AG24;3;50202300;Alimentos, bebidas y tabaco / Bebidas / Bebidas no alcohólicas;50202310;Agua mineral;150 BOTELLAS  DE AGUA MINERAL SIN GAS  DE 500 GRAMOS.;;150.0;;647.0;0.0;0.0
1057532-1975-AG24;4;50101600;Alimentos, bebidas y tabaco / Frutas, verduras y frutos secos / Frutas;50101634;Fruta fresca;30 KILOS DE NARANJAS;;30.0;;1849.0;0.0;0.0
1057532-1975-AG24;5;50101600;Alimentos, bebidas y tabaco / Frutas, verduras y frutos secos / Frutas;50101634;Fruta fresca;30 KILOS DE PLATANOS.;;30.0;;1479.0;0.0;0.0
1057532-1975-AG24;6;50202300;Alimentos, bebidas y tabaco / Bebidas / Bebidas no alcohólicas;50202304;Jugos y néctar envasados;150 CAJITAS DE JUGOS DE 200 CC, VARIEDADES DE SABORES.;;150.0;;231.0;0.0;0.0
1057532-2147-AG24;1;52141500;Muebles, accesorios, electrodomésticos y productos electrónicos / Aparatos electrodomésticos / Electrodomésticos para cocina;52141537;Olla eléctrica doméstica;Sartén Eléctrico  01 Sartén TXG-031 Negro  Marca: Groven  Modelo: TXG-031  Color: Negro  Alto: 10 CM  Ancho: 40 CM  Profundidad: 30 CM  Según Especificaciones Técnicas Adjuntas.;Sartén Eléctrico  01 Sartén TXG-031 Negro  Marca: Groven  Modelo: TXG-031  Color: Negro  Alto: 10 CM  Ancho: 40 CM  Profundidad: 30 CM;1.0;;45000.0;0.0;0.0
1057532-2173-SE24;1;42141700;Equipamiento y suministros médicos / Suministros y productos clínicos / Productos para la prevención de decúbito;42141705;Almohadillas, cojines o almohadas para posicionar el enfermo;TALONERA ANTIESCARA EN ESPUMA PAR;E-730000 TALONERA ANTIESCARA EN ESPUMA PAR;25.0;;8700.0;0.0;217500.0
1057532-2173-SE24;2;42141700;Equipamiento y suministros médicos / Suministros y productos clínicos / Productos para la prevención de decúbito;42141705;Almohadillas, cojines o almohadas para posicionar el enfermo;Codera Antiescaras unitario;E-1800 CODERAS ANTIESCARA EN ESPUMA PAR;50.0;;7900.0;0.0;395000.0
1057532-2173-SE24;3;42191800;Equipamiento y suministros médicos / Equipamiento para instalaciones médicas / Camas para pacientes y accesorios;42191810;Colchones o accesorios de cuidado del paciente;Contención de Mano y Pie Adulto;E-7110 CONTENCION DE MANO PIE ADULTO UNIDAD;100.0;;1890.0;0.0;189000.0
1180747-31-SE24;1;43211500;Tecnologías de la información, telecomunicaciones y radiodifusión / Equipos informáticos y accesorios / Computadores;43211508;Computadores personales;COMPUTADORES PARA POSTA RURAL CHAN CHAN;COMPUTADORES PARA POSTA RURAL CHAN CHAN - Cotización formal adjunta con detalle de oferta y técnico de equipos.;3.0;;659340.0;0.0;1978020.0
1057532-2265-SE24;1;85101600;Salud, servicios sanitarios y alimentación / Servicios para el cuidado de la salud de las personas / Enfermería y paramédicos;85101603;Servicios de cuidado personal en instituciones especializadas;ADQUISICIÓN DE PRESTACIONES DE REHABILITACIÓN INTEGRAL PARA EVALUACIÓN DIAGNÓSTICA Y TRATAMIENTO EN NIÑOS, NIÑAS Y ADOLESCENTES CON TRASTORNO DEL ESPECTRO AUTISTA;Prestación: Evaluación Diagnóstica Complementaria Personas del Espectro Autista hasta los 18 años, Atención Integral de Terapia Ocupacional, Consulta Psicológica, Evaluación del Lenguaje y Rehabilitación del Habla y/o del Lenguaje;1.0;;5289620.0;0.0;5289620.0
1180747-20-SE24;1;42172100;Equipamiento y suministros médicos / Artículos médicos para urgencias y atención en terreno / Productos de resucitación de emergencia;42172101;Desfibriladores externos automatizados (AED) o paletas rígidas;DEA, marca Zoll Medical, modelo AED Plus, Plazo de entrega 15 días corridos.;DEFIBRILADOR AUTOMÁTICO, MARCA ZOLL, MODELO AED PLUS, NUMERO DE REGISTRO ISP DM54422;1.0;;1500384.0;0.0;1500384.0
1057532-2193-SE24;1;42172000;Equipamiento y suministros médicos / Artículos médicos para urgencias y atención en terreno / Kits para urgencias en terreno;42172007;Equipos de resucitación o oxígeno de servicios méd;CONVENIO DE SUMINISTRO DE OXIGENO PARA LA RED DE HOSPITALES DE BAJA Y MEDIANA COMPLEJIDAD, ASÍ COMO SAMU DEPENDIENTES DEL SERVICIO DE SALUD OSORNO;recarga CILINDROS DE 0,4 m3 OXÍGENO;25.0;;3110.0;0.0;77750.0
1057532-2193-SE24;2;42172000;Equipamiento y suministros médicos / Artículos médicos para urgencias y atención en terreno / Kits para urgencias en terreno;42172007;Equipos de resucitación o oxígeno de servicios méd;CONVENIO DE SUMINISTRO DE OXIGENO PARA LA RED DE HOSPITALES DE BAJA Y MEDIANA COMPLEJIDAD, ASÍ COMO SAMU DEPENDIENTES DEL SERVICIO DE SALUD OSORNO;Flete por CILINDROS;25.0;;8133.0;0.0;203325.0
1057532-2067-SE24;1;42172000;Equipamiento y suministros médicos / Artículos médicos para urgencias y atención en terreno / Kits para urgencias en terreno;42172007;Equipos de resucitación o oxígeno de servicios méd;CONVENIO DE SUMINISTRO DE OXIGENO PARA LA RED DE HOSPITALES DE BAJA Y MEDIANA COMPLEJIDAD, ASÍ COMO SAMU DEPENDIENTES DEL SERVICIO DE SALUD OSORNO;recarga CILINDROS DE 0,4 m3 OXÍGENO;25.0;;3110.0;0.0;77750.0
1057532-2067-SE24;2;42172000;Equipamiento y suministros médicos / Artículos médicos para urgencias y atención en terreno / Kits para urgencias en terreno;42172007;Equipos de resucitación o oxígeno de servicios méd;CONVENIO DE SUMINISTRO DE OXIGENO PARA LA RED DE HOSPITALES DE BAJA Y MEDIANA COMPLEJIDAD, ASÍ COMO SAMU DEPENDIENTES DEL SERVICIO DE SALUD OSORNO;Flete por CILINDROS;25.0;;8133.0;0.0;203325.0
1180747-19-SE24;1;42201700;Equipamiento y suministros médicos / Productos para imágenes y de medicina nuclear / Artículos para imágenes de ultrasonido, doppler y eco;42201701;Ultrasonido cardiaco o doppler o unidades de eco o cardioscopios;DETECTORES LATIDOS CARDIOFETALES, marca Edan, modelo SD3 Plus, Plazo de entrega 15 días corridos.;DETECTORES LATIDOS CARDIOFETALES, MARCA EDAN, MODELO SD3 PLUS, VALIDEZ DE OFERTA SEGÚN BASES;1.0;;340000.0;0.0;340000.0
1057532-1639-AG24;1;90101700;Servicios de Viajes, alimentación, alojamiento y entretenimiento / Restaurantes y catering / Servicios de cafetería;90101701;Gestión de cafetería;VER ARCHIVO ADJUNTO.;;145.0;;4050.0;0.0;0.0
1057532-1897-SE24;1;90101600;Servicios de Viajes, alimentación, alojamiento y entretenimiento / Restaurantes y catering / Servicios de comedor y banquetes;90101601;Banquetes;Adquisicion de Servicios de Cafetería para un total de 04 Jornadas de Capacitación Red Provincial Participación Ciudadana en Salud.;Adquisicion de Servicios de Cafetería para un total de 04 Jornadas de Capacitación Red Provincial Participación Ciudadana en Salud.  SE COTIZA EN IDENTICAS CONDICIONES SOLICITADAS, CON TODOS LO REQUISITOS ESPECIALES. CON PRODUCTOS 100% DE ELABORACION PROP;1.0;;1848193.0;0.0;1848193.0
1057532-2272-SE24;1;30222500;Artículos para estructuras, obras y construcciones / Construcciones permanentes / Construcciones para alojamiento;30222501;Casas residenciales;01 Cupo para paciente Sociosanitario para el Servicio de Salud  Osorno en la Región Metropolitana/ NOVIEMBRE 2024;ADQUISICION DE 1 CUPO PARA PACIENTE SOCIOSANITARIO DEL SERVICIO DE SALUD OSORNO EN LA REGION METROPOLITANA” ID 1057532-99-LE23;30.0;;40000.0;0.0;1200000.0
1180747-17-SE24;1;42192200;Equipamiento y suministros médicos / Equipamiento para instalaciones médicas / Artículos para transporte de paciente;42192207;Camillas de paciente o accesorios de camilla;CAMILLA DE TRANSPORTE, marca Stryker, modelo ST1, Plazo de entrega 15 días corridos.;M-294 Medical - ST1;1.0;;3600000.0;0.0;3600000.0
1180747-27-SE24;1;42172100;Equipamiento y suministros médicos / Artículos médicos para urgencias y atención en terreno / Productos de resucitación de emergencia;42172101;Desfibriladores externos automatizados (AED) o paletas rígidas;DEA, marca Zoll Medical, modelo AED Plus, Plazo de entrega 15 días corridos.;DEFIBRILADOR AUTOMÁTICO, MARCA ZOLL, MODELO AED PLUS, NUMERO DE REGISTRO ISP DM54422;1.0;;1500384.0;0.0;1500384.0
1057532-2180-SE24;1;43232300;Tecnologías de la información, telecomunicaciones y radiodifusión / Software / Software de consultas y gestión de datos;43232306;Software de consultas e interfaz de usuario de bas;SISTEMA REGISTRO CLINICO ELECTRONICO PARA HOSPITALES DE BAJA COMPLEJIDAD Y COMUNITARIOS.;SISTEMA REGISTRO CLINICO ELECTRONICO PARA HOSPITALES DE BAJA COMPLEJIDAD Y COMUNITARIOS.;330.0;;22478.36;0.0;7417858.8
1057532-2180-SE24;2;43232300;Tecnologías de la información, telecomunicaciones y radiodifusión / Software / Software de consultas y gestión de datos;43232306;Software de consultas e interfaz de usuario de bas;Sistema Registro Clínico Electrónico para la Atención Primaria de   Salud (APS).;Sistema Registro Clínico Electrónico para la Atención Primaria de   Salud (APS).;1569.0;;18569.08;0.0;29134886.520000003
1057532-2228-SE24;1;85122100;Salud, servicios sanitarios y alimentación / Medicina y servicios de salud / Rehabilitación;85122109;Rehabilitación para gente con discapacidades cróni;Adquisición de prestaciones para programa de rehabilitación Tipo II para el Servicio de Salud Osorno, en la ciudad de Osorno” (RES EXENTA N°5717/05.04.2023 Aprueba Contrato) |;Adquisición de prestaciones para programa de rehabilitación Tipo II para el Servicio de Salud Osorno, en la ciudad de Osorno” (RES EXENTA N°5717/05.04.2023 Aprueba Contrato) |;920.0;;15588.0;0.0;14340960.0
1057532-2238-SE24;1;78180100;Servicios de transporte, almacenaje y correo / Servicios de mantención o reparaciones de transportes / Mantención o reparación de vehículos;78180103;Servicios de cambio de fluidos de aceite o de la t;"""CONVENIO DE SERVICIOS DE MANTENCIÓN PREVENVITA, CORRECTIVA Y/O REPARATIVA VEHÍCULOS MERCEDES BENZ DEL SERVICIO DE SALUD OSORNO Y HOSPITALES PERIFERICOS"".";"""CONVENIO DE SERVICIOS DE MANTENCIÓN PREVENVITA, CORRECTIVA Y/O REPARATIVA VEHÍCULOS MERCEDES BENZ DEL SERVICIO DE SALUD OSORNO Y HOSPITALES PERIFERICOS"".";1.0;;690000.0;0.0;690000.0
1077241-51-AG24;1;83111600;Servicios básicos y de información pública / Telecomunicaciones / Comunicaciones móviles;83111603;Servicios de telefonía móvil;Servicio de Telefonía / Según especificaciones adjuntas.  FACTURACION MENSUAL.;Plan Negocios 5G 400GB, Minutos Libres, Apps Libres  Roaming incluido en mas de 50 países, Tiempo de entrega 5 días hábiles posterior a la aprobación de orden de compra.;24.0;;8924.0;0.0;0.0
1057532-509-CC24;1;86101800;Educación, formación, entrenamiento y capacitación / Formación profesional / Desarrollo de recursos humanos;86101808;Desarrollo de recursos humanos en el sector públic;Diplomado de Rehabilitación Oncológica en Mayores de 15 años;Diplomado de Rehabilitación Oncológica en Mayores de 15 años;1.0;;1625000.0;0.0;1625000.0
1180747-24-SE24;1;42192200;Equipamiento y suministros médicos / Equipamiento para instalaciones médicas / Artículos para transporte de paciente;42192207;Camillas de paciente o accesorios de camilla;CAMILLA DE TRANSPORTE, marca Stryker, modelo ST1, Plazo de entrega 15 días corridos.;M-294 Medical - ST1;1.0;;3600000.0;0.0;3600000.0
1057532-1540-AG24;1;44103100;Equipos, accesorios y suministros de oficina / Maquinarias, suministros y accesorios de oficina / Suministros para impresora, fax y fotocopiadora;44103105;Cartuchos de tinta;Total 8 Tintas:     2	PFI-107 C  2	PFI-107 Y  2	PFI-107 M  2	PFI-107 MBK;Total 8 Tintas:     2	PFI-107 C  2	PFI-107 Y  2	PFI-107 M  2	PFI-107 MBK;8.0;;62900.0;0.0;0.0
1180747-28-SE24;1;42192200;Equipamiento y suministros médicos / Equipamiento para instalaciones médicas / Artículos para transporte de paciente;42192207;Camillas de paciente o accesorios de camilla;CAMILLA EXAMEN, marca Saikang, modelo X09, Plazo de entrega 15 días corridos.;0SK74803335P CAMILLA DE MASAJE MANUAL X09;2.0;;220000.0;0.0;440000.0
1180747-28-SE24;2;42192200;Equipamiento y suministros médicos / Equipamiento para instalaciones médicas / Artículos para transporte de paciente;42192207;Camillas de paciente o accesorios de camilla;CAMILLA GINECOLÓGICA, marca Givas, modelo 4030, Plazo de entrega 15 días corridos.;0GI72300145P CAMILLA GIVAS P-EXAMEN GINEC. 3 SECCIONES C-PR-RM AV4028;1.0;;1298900.0;0.0;1298900.0
1057532-1818-SE24;1;83111500;Servicios básicos y de información pública / Telecomunicaciones / Telefonía local y de larga distancia;83111501;Servicio telefónico local;SERVICIO TELEFONIA FIJA AÑO 2023 // T. DIRECTO SERVICIO RED DE COMUNICACIÓN MINSAL, RES. EXENTA N°14526_11.10.2024 REGULARIZA PAGO;SERVICIO TELEFONIA FIJA AÑO 2023 // T. DIRECTO SERVICIO RED DE COMUNICACIÓN MINSAL, RES. EXENTA N°14526_11.10.2024 REGULARIZA PAGO;1.0;;6331585.0;0.0;6331585.0
1057532-1955-AG24;1;90101700;Servicios de Viajes, alimentación, alojamiento y entretenimiento / Restaurantes y catering / Servicios de cafetería;90101701;Gestión de cafetería;Entrega de cafetería a los asistentes de capacitación, se adjuntan especificaciones y documentos a adjuntar. Proveedor debe contar y adjuntar patente comercial y Resolución Sanitaria emitida por la Seremi de Salud que autoriza producción y entrega de alimentos. Adjuntar cotización, patente comercial y resolución sanitaria producción y entrega de alimentos. Raciones según detalle adjunto.;Servicio de cafetería;310.0;;2563.0;0.0;0.0
1057532-1768-AG24;1;82121500;Servicios editoriales, de diseño, publicidad, gráficos y artistas / Servicios de impresión y reproducción / Impresión;82121503;Impresión digital;Considera Cada set: 1 tablero, 39 tarjetas (7 verde, 7 rojo, 7 amarillo, 7 azul, 11 morado) y 1 dado Se adjuntan especificaciones tecnicas del requerimiento, favor considerar;Tableros;3.0;;87654.0;0.0;0.0
1057532-2174-CC24;1;80111500;Servicios profesionales, administrativos y consultorías de gestión empresarial / Servicios de recursos humanos / Consultorías para el desarrollo de recursos humanos;80111504;Formación, capacitación y entrenamiento de persona;Curso de Apoyo en el Rescate y Atención Sanitaria para Conductores de Vehículos de Emergencia;CUPOS Curso de Apoyo en el Rescate y Atención Sanitaria para Conductores de Vehículos de Emergencia;6.0;;1480000.0;0.0;8880000.0
1057532-2182-SE24;1;70141600;Servicios agrícolas, pesqueros, forestales y relacionados con la fauna / Producción, administración y protección de cultivos / Protección de cultivos;70141605;Servicios integrados de gestión de plagas;Servicio Desratización: Casa PRAIS, Lord Cochrane #1245, Octubre 2024.;Servicio Desratización, Desinsectación y Desinfección S.S.O. y  establecimientos dependientes;1.0;;38000.0;0.0;38000.0
1057532-2245-SE24;1;93151500;Organizaciones y consultorías políticas, demográficas, económicas, sociales y de administración pública / Administración y finanzas públicas / Administración pública;93151507;Procedimientos o servicios administrativos;Carga de 543 tarjetas de alimentación correspondiente al mes de Diciembre 2024;Carga de tarjetas de alimentación para funcionarios // G. Compra N°69421 // Res. Exenta N°1218/25.01.2024 Aprueba Acuerdo Complementario // Consumo Mes  de Diciembre 2024;1.0;;35214253.0;0.0;35214253.0
1057532-1858-SE24;1;82121500;Servicios editoriales, de diseño, publicidad, gráficos y artistas / Servicios de impresión y reproducción / Impresión;82121507;Impresión de papelería o formularios comerciales;Carnet de Control Integral ( según Características Técnicas adjuntas).;Carnet de Control Integral Nuevo Llamado;3000.0;;995.0;0.0;2985000.0
1057532-1954-CC24;1;80111500;Servicios profesionales, administrativos y consultorías de gestión empresarial / Servicios de recursos humanos / Consultorías para el desarrollo de recursos humanos;80111504;Formación, capacitación y entrenamiento de persona;“JORNADA DE CAPACITACION PARA EL FORTALECIMIENTO DE MESAS DE SEGURIDAD DE LOS SERVICIOS DE SALUD DEL  PAÍS”.;“JORNADA DE CAPACITACION PARA EL FORTALECIMIENTO DE MESAS DE SEGURIDAD DE LOS SERVICIOS DE SALUD DEL  PAÍS”.;1.0;;511241.1;0.0;511241.1
1057532-2122-SE24;1;93141700;Organizaciones y consultorías políticas, demográficas, económicas, sociales y de administración pública / Desarrollo social, demográfico y comunitario / Cultura;93141701;Organizaciones de eventos culturales;ARRIENDO DE IMPLEMENTOS PARA FERIA DE SALUD 2024// CON MONTEJE Y DESMONTAJE;EMPRESA CON EXPERIENCIA;1.0;;2650000.0;0.0;2650000.0
1077241-216-SE24;1;42211600;Equipamiento y suministros médicos / Ayuda para personas con discapacidad / Artículos de ayuda para el baño de discapacitados;42211610;Sillas o asientos de baño o ducha para personas con discapacidad física;Piso de ducha con Respaldo, según especificaciones técnicas solicitadas;Se oferta Silla De Ducha Con Respaldo y Reposabrazo BA-393. Valor Neto;161.0;;41597.0;0.0;6697117.0
1057532-2160-SE24;1;72131700;Servicios de construcción y mantenimiento / Construcción de edificios en general / Construcción de obras civiles y infraestructuras;72131702;Construcción de obras civiles;GRIFERIA LAVAPLATOS - PEULLA RESIDENCIAL, LP 1057532-47-LE24;CONVENIO DE SERVICIOS DE MANTENCIÓN Y OBRAS MENORES DE LA INFRAESTRUCTURA DE LOS ESTABLECIMIENTOS DEPENDIENTES DEL SERVICIO DE SALUD OSORNO AÑO 2024 CONVENIO DE SERVICIOS DE MANTENCIÓN Y OBRAS MENORES DE LA INFRAESTRUCTURA DE LOS ESTABLECIMIENTOS DEP;1.0;;102000.0;0.0;102000.0
1057532-2165-AG24;1;46182300;Equipos y suministros de defensa, orden público, protección y seguridad / Seguridad y protección personal / Equipos de protección anticaida;46182303;Devanadores de arneses de seguridad;Cabo de vida, según Especificaciones Técnicas adjuntas.;;12.0;;9640.0;0.0;0.0
1057532-2165-AG24;2;46182300;Equipos y suministros de defensa, orden público, protección y seguridad / Seguridad y protección personal / Equipos de protección anticaida;46182303;Devanadores de arneses de seguridad;Arnés de Seguridad, según Especificaciones Técnicas adjuntas.  Talla M = 1  Talla L =1  Talla XL = 3  Talla XXL = 1;;6.0;;9640.0;0.0;0.0
1057532-2114-SE24;1;91111900;Servicios de cuidado personal y domésticos / Servicio doméstico y de cuidados / Cuidado de niños, personas enfermas y ancianos;91111904;Servicios de asistencia puertas adentro;ADQUISICION 3 CUPOS RESIDENCIA PROTEGIDA, RM NOVIEMBRE 2024 // TD OC 1057532-122-SE24;CONTINUIDAD DE SERVICIOS 3 CUPOS RESIDENCIA PROTEGIDA PARA EL SERVICIO DE SALUD OSORNO, EN LA REGION METROPOLITANA;90.0;;35000.0;0.0;3150000.0
1057532-2225-SE24;1;52131500;Muebles, accesorios, electrodomésticos y productos electrónicos / Tratamientos de ventanas / Cortinas y ropaje;52131501;Cortinas;PROVISION E INSTALACION DE CORTINAS ROLLER EDIFICIO MATTA:  -Cortinas roller screen 3%   -Línea para habitación hospitalaria  -30%polyester  -70% PVC.   Provisión e instalación en todas las ventanas especificadas en los planos adjuntos.;PROVISION E INSTALACION DE CORTINAS ROLLER EDIFICIO MATTA:  -Cortinas roller screen 3%   -Línea para habitación hospitalaria  -30%polyester  -70% PVC.   Provisión e instalación en todas las ventanas especificadas en los planos adjuntos.;1.0;;2432327.0;0.0;2432327.0
1057532-2257-SE24;1;91111900;Servicios de cuidado personal y domésticos / Servicio doméstico y de cuidados / Cuidado de niños, personas enfermas y ancianos;91111901;Jardines infantiles o salas cunas;MATRICULAS/NOVIEMBRE 2024;CONTRATACION SERVICIO DE ADMINISTRACION DEL BENEFICIO DE SALA CUNA PARA HIJOS/AS FUNCIONARIAS DEPENDIENTES DEL SERVICIO DE SALUD OSORNO, AÑO 2024;3.0;;350000.0;0.0;1050000.0
1057532-1649-SE24;1;80111500;Servicios profesionales, administrativos y consultorías de gestión empresarial / Servicios de recursos humanos / Consultorías para el desarrollo de recursos humanos;80111504;Formación, capacitación y entrenamiento de personal;CURSO APOYO VITAL CARDIOVASCULAR AVANZADO (ACLS);Curso ACLS acreditado AHA para 21 profesionales del Servicio de Salud Osorno;1.0;;4158000.0;0.0;4158000.0
1057532-1649-SE24;2;80111500;Servicios profesionales, administrativos y consultorías de gestión empresarial / Servicios de recursos humanos / Consultorías para el desarrollo de recursos humanos;80111504;Formación, capacitación y entrenamiento de personal;CURSO APOYO VITAL PEDIÁTRICO AVANZADO (PALS);Curso PALS acreditado AHA para 21 profesionales del Servicio de Salud Osorno;1.0;;4158000.0;0.0;4158000.0
1077241-181-SE24;1;42211600;Equipamiento y suministros médicos / Ayuda para personas con discapacidad / Artículos de ayuda para el baño de discapacitados;42211610;Sillas o asientos de baño o ducha para personas con discapacidad física;Baño Portátil Adulto, según especificaciones técnicas solicitadas.;LAIOCA01 INODORO PORTATIL PLEGABLE SIN RUEDAS Y APOYA  BRAZOS;168.0;;35832.0;0.0;6019776.0
1077241-229-SE24;1;85122200;Salud, servicios sanitarios y alimentación / Medicina y servicios de salud / Evaluaciones de salud individuales;85122201;Exámenes médicos;CONVENIO DE SUMINISTRO DE VIALES PARA GENOTIPIFICACION DE VPH CON ARRIENDO DE EQUIPO PARA ANALISIS DE MUESTRAS, SERVICIO DE SALUD OSORNO  Proyecto GORE;CONVENIO DE SUMINISTRO DE VIALES PARA GENOTIPIFICACION DE VPH CON ARRIENDO DE EQUIPO PARA ANALISIS DE MUESTRAS, SERVICIO DE SALUD OSORNO;63.0;;10700.0;0.0;674100.0
1180747-12-SE24;1;42141600;Equipamiento y suministros médicos / Suministros y productos clínicos / Palanganas y bacinillas de cama y orinales y equipos de ingreso;42141606;Palanganas médicas para fines múltiples;RIÑÓN ACERO, marca B. Braun Aesculap, Garantía Técnica 24 meses, Plazo de Entrega 90 días corridos.;RIÑÓN ACERO	Marca:Aesculap Procedencia:Alemania;14.0;;8750.0;0.0;122500.0
1180747-21-SE24;1;42192200;Equipamiento y suministros médicos / Equipamiento para instalaciones médicas / Artículos para transporte de paciente;42192207;Camillas de paciente o accesorios de camilla;CAMILLA EXAMEN, marca Saikang, modelo X09, Plazo de entrega 15 días corridos.;0SK74803335P CAMILLA DE MASAJE MANUAL X09;2.0;;220000.0;0.0;440000.0
1180747-21-SE24;2;42192200;Equipamiento y suministros médicos / Equipamiento para instalaciones médicas / Artículos para transporte de paciente;42192207;Camillas de paciente o accesorios de camilla;CAMILLA GINECOLÓGICA, marca Givas, modelo 4030, Plazo de entrega 15 días corridos.;0GI72300145P CAMILLA GIVAS P-EXAMEN GINEC. 3 SECCIONES C-PR-RM AV4028;1.0;;1298900.0;0.0;1298900.0
1057532-2186-SE24;1;15101500;Combustibles, lubricantes y anticorrosivos / Combustibles líquidos / Petróleo y derivados;15101505;Diesel;Convenio Suministro Petróleo Diésel para Calderas de Dispositivos Dependientes del S.S.O.;COTIZACIÓN SEGÚN ADJUNTOS;700.0;;1013.0;0.0;709100.0
1057532-2236-SE24;1;76111500;Servicios de limpieza industrial / Servicios de limpieza / Servicios de limpieza de edificios y oficinas en general;76111501;Servicios de limpieza de edificios;SERVICIOS DE ASEO PARA LA DIRECCIÓN DEL SERVICIO DE SALUD OSORNO Y ESTABLECIMIENTOS BASE SAMU Y EDIFICIO M. RODRIGUEZ POR PERIODO DE 18 MESES/Edificio  Plaza Sur/Octubre 2024;Servicio de aseo Edificio Plaza Sur;1.0;;1892179.0;0.0;1892179.0
1077241-225-SE24;1;42191800;Equipamiento y suministros médicos / Equipamiento para instalaciones médicas / Camas para pacientes y accesorios;42191807;Camas de cuidado del paciente o accesorios de uso general;Catre clínico manual de 3 posiciones mas colchón, según especificaciones técnicas.;KCM301 CAMA MANUAL 3 POS + COLCHÓN PROMSA ENTREGA SEGÚN PLAZO OFERTADO, GARANTIA 2 AÑO CONTACTO FRANCISCO MORENO  FMORENO@PROMSA.CL  +56993197298;33.0;;520000.0;0.0;17160000.0
1057532-2271-SE24;1;85122200;Salud, servicios sanitarios y alimentación / Medicina y servicios de salud / Evaluaciones de salud individuales;85122201;Exámenes médicos;CONVENIO DE SUMINISTRO DE VIALES PARA GENOTIPIFICACION DE VPH CON ARRIENDO DE EQUIPO PARA ANALISIS DE MUESTRAS, SERVICIO DE SALUD OSORNO  Programa MINSAL;CONVENIO DE SUMINISTRO DE VIALES PARA GENOTIPIFICACION DE VPH CON ARRIENDO DE EQUIPO PARA ANALISIS DE MUESTRAS, SERVICIO DE SALUD OSORNO;137.0;;10700.0;0.0;1465900.0
1180747-15-SE24;1;42141600;Equipamiento y suministros médicos / Suministros y productos clínicos / Palanganas y bacinillas de cama y orinales y equipos de ingreso;42141606;Palanganas médicas para fines múltiples;RIÑÓN ACERO, marca B. Braun Aesculap, Garantía Técnica 24 meses, Plazo de Entrega 90 días corridos.;RIÑÓN ACERO	Marca:Aesculap Procedencia:Alemania;14.0;;8750.0;0.0;122500.0
1057532-2252-SE24;1;46191600;Equipos y suministros de defensa, orden público, protección y seguridad / Protección contra incendios / Equipos para combatir incendios;46191601;Extintores;Servicios de Inspección;SERVICIOS DE MANTENCIÓN PREVENTIVA PARA RED HÚMEDA Y EXTINTORES, DE LOS ESTABLECIMIENTOS PERTENECIENTES AL SERVICIO DE SALUD OSORNO, POR UN PERIODO DE 31 MESES;3.0;;1290.0;0.0;3870.0
1057532-2256-SE24;1;46191600;Equipos y suministros de defensa, orden público, protección y seguridad / Protección contra incendios / Equipos para combatir incendios;46191601;Extintores;Servicios de Inspección;SERVICIOS DE MANTENCIÓN PREVENTIVA PARA RED HÚMEDA Y EXTINTORES, DE LOS ESTABLECIMIENTOS PERTENECIENTES AL SERVICIO DE SALUD OSORNO, POR UN PERIODO DE 31 MESES;11.0;;1290.0;0.0;14190.0
1057532-2255-SE24;1;46191600;Equipos y suministros de defensa, orden público, protección y seguridad / Protección contra incendios / Equipos para combatir incendios;46191601;Extintores;Servicios de Inspección;SERVICIOS DE MANTENCIÓN PREVENTIVA PARA RED HÚMEDA Y EXTINTORES, DE LOS ESTABLECIMIENTOS PERTENECIENTES AL SERVICIO DE SALUD OSORNO, POR UN PERIODO DE 31 MESES;9.0;;1290.0;0.0;11610.0
1057532-1505-SE24;1;46191600;Equipos y suministros de defensa, orden público, protección y seguridad / Protección contra incendios / Equipos para combatir incendios;46191601;Extintores;Servicios de Inspección;SERVICIOS DE MANTENCIÓN PREVENTIVA PARA RED HÚMEDA Y EXTINTORES, DE LOS ESTABLECIMIENTOS PERTENECIENTES AL SERVICIO DE SALUD OSORNO, POR UN PERIODO DE 31 MESES;10.0;;1290.0;0.0;12900.0
1057532-2253-SE24;1;46191600;Equipos y suministros de defensa, orden público, protección y seguridad / Protección contra incendios / Equipos para combatir incendios;46191601;Extintores;Servicios de Inspección (Peulla Ambulatorio 3 y Residencial 4);SERVICIOS DE MANTENCIÓN PREVENTIVA PARA RED HÚMEDA Y EXTINTORES, DE LOS ESTABLECIMIENTOS PERTENECIENTES AL SERVICIO DE SALUD OSORNO, POR UN PERIODO DE 31 MESES;7.0;;1290.0;0.0;9030.0
1057532-2254-SE24;1;46191600;Equipos y suministros de defensa, orden público, protección y seguridad / Protección contra incendios / Equipos para combatir incendios;46191601;Extintores;Servicios de Inspección;SERVICIOS DE MANTENCIÓN PREVENTIVA PARA RED HÚMEDA Y EXTINTORES, DE LOS ESTABLECIMIENTOS PERTENECIENTES AL SERVICIO DE SALUD OSORNO, POR UN PERIODO DE 31 MESES;14.0;;1290.0;0.0;18060.0
1057532-2243-SE24;1;43223100;Tecnologías de la información, telecomunicaciones y radiodifusión / Equipos, plataformas y accesorios de redes multimedia, voz y datos / Componentes y equipos de infraestructura de redes móviles y digitales;43223113;Antena LAN UMTS GSM;cuota 23/24 - Noviembre 2024;Según  las condiciones definidas en resolución de trato directo 1669 del 03 de febrero del 2023. adjunta;1.0;;557187.0;0.0;557187.0
1057532-2251-SE24;1;46191600;Equipos y suministros de defensa, orden público, protección y seguridad / Protección contra incendios / Equipos para combatir incendios;46191601;Extintores;Servicios de Inspección;SERVICIOS DE MANTENCIÓN PREVENTIVA PARA RED HÚMEDA Y EXTINTORES, DE LOS ESTABLECIMIENTOS PERTENECIENTES AL SERVICIO DE SALUD OSORNO, POR UN PERIODO DE 31 MESES;7.0;;1290.0;0.0;9030.0
1057532-1822-AG24;1;82101500;Servicios editoriales, de diseño, publicidad, gráficos y artistas / Publicidad / Publicidad impresa;82101507;Folletos y catálogos publicitarios, servicios de publicidad y distribución;500 flayer 14x21cm impreso a ambas caras, papel couche mate 170g. Servicio debe incluir diseño, el que se debe trabajar en conjunto con referente. Ambos insumos deben ser trabajados con referente Javiera Gajardo Marín   Javiera.gajardom@redsalud.gob.cl;;500.0;;160.0;0.0;0.0
1057532-2262-SE24;1;43212100;Tecnologías de la información, telecomunicaciones y radiodifusión / Equipos informáticos y accesorios / Impresoras;43212110;Impresoras multifunción o multifuncionales;ARRIENDO IMPRESORAS MULTIFUNCIONALES PARA EL SERVICIO DE SALUD OSORNO Y ESTABLECIMIENTOS DEPENDIENTES PARA CTPEULLA // IMPRESIONES B/N;ARRIENDO IMPRESORAS MULTIFUNCIONALES PARA EL SERVICIO DE SALUD OSORNO Y ESTABLECIMIENTOS DEPENDIENTES;8498.0;;28.34;0.0;240833.32
1077241-223-SE24;1;42191800;Equipamiento y suministros médicos / Equipamiento para instalaciones médicas / Camas para pacientes y accesorios;42191807;Camas de cuidado del paciente o accesorios de uso general;Catre clínico manual de 3 posiciones mas colchón, según especificaciones técnicas.;KCM301 CAMA MANUAL 3 POS + COLCHÓN PROMSA ENTREGA SEGÚN PLAZO OFERTADO, GARANTIA 2 AÑO CONTACTO FRANCISCO MORENO  FMORENO@PROMSA.CL  +56993197298;16.0;;520000.0;0.0;8320000.0
1077241-220-SE24;1;42191800;Equipamiento y suministros médicos / Equipamiento para instalaciones médicas / Camas para pacientes y accesorios;42191807;Camas de cuidado del paciente o accesorios de uso general;Catre clínico manual de 3 posiciones mas colchón, según especificaciones técnicas.;KCM301 CAMA MANUAL 3 POS + COLCHÓN PROMSA ENTREGA SEGÚN PLAZO OFERTADO, GARANTIA 2 AÑO CONTACTO FRANCISCO MORENO  FMORENO@PROMSA.CL  +56993197298;10.0;;520000.0;0.0;5200000.0
1057532-2270-SE24;1;72131700;Servicios de construcción y mantenimiento / Construcción de edificios en general / Construcción de obras civiles y infraestructuras;72131702;Construcción de obras civiles;Nota de Cambio N°1, “HABILITACIÓN DE LA UNIDAD DE HOSPITALIZACIÓN DE CUIDADOS INTENSIVOS PSIQUIÁTRICOS (UHCIP) DEL HBSJO”;LP “HABILITACIÓN DE LA UNIDAD DE HOSPITALIZACIÓN DE CUIDADOS INTENSIVOS PSIQUIÁTRICOS (UHCIP) DEL HBSJO”;1.0;;58983228.5;0.0;58983228.5
1057532-2270-SE24;2;72131700;Servicios de construcción y mantenimiento / Construcción de edificios en general / Construcción de obras civiles y infraestructuras;72131702;Construcción de obras civiles;Nota de Cambio N°2, “HABILITACIÓN DE LA UNIDAD DE HOSPITALIZACIÓN DE CUIDADOS INTENSIVOS PSIQUIÁTRICOS (UHCIP) DEL HBSJO”;LP “HABILITACIÓN DE LA UNIDAD DE HOSPITALIZACIÓN DE CUIDADOS INTENSIVOS PSIQUIÁTRICOS (UHCIP) DEL HBSJO”;1.0;;1119380.6;0.0;1119380.6
1077241-104-CM24;1;0;;0;COTIZACIÓN MOBILIARIO REGIÓN DE LOS LAGOS;(1964208) COTIZACIÓN MOBILIARIO REGIÓN DE LOS LAGOS;(1964208) COTIZACIÓN MOBILIARIO REGIÓN DE LOS LAGOS , Región Metropolitana de Santiago, Santiago, Direccion no aplica a productos virtuales;1.0;;13225000.0;0.0;13225000.0
1077241-222-SE24;1;42191800;Equipamiento y suministros médicos / Equipamiento para instalaciones médicas / Camas para pacientes y accesorios;42191807;Camas de cuidado del paciente o accesorios de uso general;Catre clínico manual de 3 posiciones mas colchón, según especificaciones técnicas.;KCM301 CAMA MANUAL 3 POS + COLCHÓN PROMSA ENTREGA SEGÚN PLAZO OFERTADO, GARANTIA 2 AÑO CONTACTO FRANCISCO MORENO  FMORENO@PROMSA.CL  +56993197298;9.0;;520000.0;0.0;4680000.0
1077241-227-SE24;1;42191800;Equipamiento y suministros médicos / Equipamiento para instalaciones médicas / Camas para pacientes y accesorios;42191807;Camas de cuidado del paciente o accesorios de uso general;Catre clínico manual de 3 posiciones mas colchón, según especificaciones técnicas.;KCM301 CAMA MANUAL 3 POS + COLCHÓN PROMSA ENTREGA SEGÚN PLAZO OFERTADO, GARANTIA 2 AÑO CONTACTO FRANCISCO MORENO  FMORENO@PROMSA.CL  +56993197298;39.0;;520000.0;0.0;20280000.0
1057532-2194-CM24;1;0;;0;HARINA SIN POLVOS SELECTA BOLSA 1K UNIDAD X REGION;(1433379) HARINA SIN POLVOS SELECTA BOLSA 1K UNIDAD X REGION;(1433379) HARINA SIN POLVOS SELECTA BOLSA 1K UNIDAD X REGION , Región de los Lagos , Osorno, M.RODRIGUEZ N°759;42.0;;1652.0;0.0;69384.0
1057532-2194-CM24;2;0;;0;AZUCAR IANSA BLANCA GRANULADA BOLSA 1K  UNIDAD X REGION;(1436064) AZUCAR IANSA BLANCA GRANULADA BOLSA 1K  UNIDAD X REGION;(1436064) AZUCAR IANSA BLANCA GRANULADA BOLSA 1K  UNIDAD X REGION , Región de los Lagos , Osorno, M.RODRIGUEZ N°759;21.0;;1427.0;0.0;29967.0
1057532-2194-CM24;3;0;;0;SPAGHETTI CAROZZI N ° 5 VITAMINIZADA BOLSA 400 G UNIDAD X REGION;(1449999) SPAGHETTI CAROZZI N ° 5 VITAMINIZADA BOLSA 400 G UNIDAD X REGION;(1449999) SPAGHETTI CAROZZI N ° 5 VITAMINIZADA BOLSA 400 G UNIDAD X REGION , Región de los Lagos , Osorno, M.RODRIGUEZ N°759;42.0;;1144.0;0.0;48048.0
1057532-2194-CM24;4;0;;0;QUIFAROS CAROZZI BOLSA 400 G UNIDAD X REGION;(1449819) QUIFAROS CAROZZI BOLSA 400 G UNIDAD X REGION;(1449819) QUIFAROS CAROZZI BOLSA 400 G UNIDAD X REGION , Región de los Lagos , Osorno, M.RODRIGUEZ N°759;42.0;;1160.0;0.0;48720.0
1057532-2194-CM24;5;0;;0;ARROZ PRE GRANEADO MIRAFLORES GRADO 1 BOLSA 1K UNIDAD X REGION;(1451889) ARROZ PRE GRANEADO MIRAFLORES GRADO 1 BOLSA 1K UNIDAD X REGION;(1451889) ARROZ PRE GRANEADO MIRAFLORES GRADO 1 BOLSA 1K UNIDAD X REGION , Región de los Lagos , Osorno, M.RODRIGUEZ N°759;21.0;;1729.0;0.0;36309.0
1057532-2194-CM24;6;0;;0;TE SUPREMO CEYLAN ORO CAJA 100 BOLSAS UNIDAD X REGION;(1437039) TE SUPREMO CEYLAN ORO CAJA 100 BOLSAS UNIDAD X REGION;(1437039) TE SUPREMO CEYLAN ORO CAJA 100 BOLSAS UNIDAD X REGION , Región de los Lagos , Osorno, M.RODRIGUEZ N°759;21.0;;5458.0;0.0;114618.0
1057532-2194-CM24;7;0;;0;CAFE INSTANTANEO NESCAFE TRADICION TARRO 170 G UNIDAD X REGION;(1450194) CAFE INSTANTANEO NESCAFE TRADICION TARRO 170 G UNIDAD X REGION;(1450194) CAFE INSTANTANEO NESCAFE TRADICION TARRO 170 G UNIDAD X REGION , Región de los Lagos , Osorno, M.RODRIGUEZ N°759;21.0;;6498.0;0.0;136458.0
1057532-2194-CM24;8;0;;0;ENDULZANTE LIQUIDO DAILY STEVIA BOTELLA 270 ML UNIDAD X REGION;(1485489) ENDULZANTE LIQUIDO DAILY STEVIA BOTELLA 270 ML UNIDAD X REGION;(1485489) ENDULZANTE LIQUIDO DAILY STEVIA BOTELLA 270 ML UNIDAD X REGION , Región de los Lagos , Osorno, M.RODRIGUEZ N°759;21.0;;3597.0;0.0;75537.0
1057532-2194-CM24;9;0;;0;ACEITE MARAVILLA CHEF BOTELLA 1 L UNIDAD X REGION;(1436769) ACEITE MARAVILLA CHEF BOTELLA 1 L UNIDAD X REGION;(1436769) ACEITE MARAVILLA CHEF BOTELLA 1 L UNIDAD X REGION , Región de los Lagos , Osorno, M.RODRIGUEZ N°759;42.0;;3990.0;0.0;167580.0
1057532-2194-CM24;10;0;;0;SALSA DE TOMATE CAROZZI TOSCANA BOLOÑESA DOYPACK 200 G UNIDAD X REGION;(1449894) SALSA DE TOMATE CAROZZI TOSCANA BOLOÑESA DOYPACK 200 G UNIDAD X REGION;(1449894) SALSA DE TOMATE CAROZZI TOSCANA BOLOÑESA DOYPACK 200 G UNIDAD X REGION , Región de los Lagos , Osorno, M.RODRIGUEZ N°759;126.0;;1076.0;0.0;135576.0
1057532-2194-CM24;11;0;;0;POROTO DON RAFA TORTOLA BOLSA 1K UNIDAD  X REGION;(1655500) POROTO DON RAFA TORTOLA BOLSA 1K UNIDAD  X REGION;(1655500) POROTO DON RAFA TORTOLA BOLSA 1K UNIDAD  X REGION , Región de los Lagos , Osorno, M.RODRIGUEZ N°759;21.0;;4332.0;0.0;90972.0
1057532-2194-CM24;12;0;;0;LENTEJA DON RAFA 6 MM BOLSA 1K UNIDAD X REGION;(1655486) LENTEJA DON RAFA 6 MM BOLSA 1K UNIDAD X REGION;(1655486) LENTEJA DON RAFA 6 MM BOLSA 1K UNIDAD X REGION , Región de los Lagos , Osorno, M.RODRIGUEZ N°759;21.0;;2694.0;0.0;56574.0
1057532-2194-CM24;13;0;;0;GARBANZO CAMPO LINDO SIN PIEL BOLSA 1K UNIDAD X REGION;(1482774) GARBANZO CAMPO LINDO SIN PIEL BOLSA 1K UNIDAD X REGION;(1482774) GARBANZO CAMPO LINDO SIN PIEL BOLSA 1K UNIDAD X REGION , Región de los Lagos , Osorno, M.RODRIGUEZ N°759;21.0;;3071.0;0.0;64491.0
1057532-2194-CM24;14;0;;0;LECHE EN POLVO DESCREMADA COLUN INSTANTANEA BOLSA 800 GR UNIDAD X REGION;(1701720) LECHE EN POLVO DESCREMADA COLUN INSTANTANEA BOLSA 800 GR UNIDAD X REGION;(1701720) LECHE EN POLVO DESCREMADA COLUN INSTANTANEA BOLSA 800 GR UNIDAD X REGION , Región de los Lagos , Osorno, M.RODRIGUEZ N°759;21.0;;7141.0;0.0;149961.0
1057532-2194-CM24;15;0;;0;SABORIZANTE NESTLE MILO BOLSA 700 G UNIDAD X REGION;(1448709) SABORIZANTE NESTLE MILO BOLSA 700 G UNIDAD X REGION;(1448709) SABORIZANTE NESTLE MILO BOLSA 700 G UNIDAD X REGION , Región de los Lagos , Osorno, M.RODRIGUEZ N°759;21.0;;7062.0;0.0;148302.0
1057532-2194-CM24;16;0;;0;JUREL CONSERVA AL NATURAL MAR DEL SUR TARRO 425 G UNIDAD X REGION;(1563652) JUREL CONSERVA AL NATURAL MAR DEL SUR TARRO 425 G UNIDAD X REGION;(1563652) JUREL CONSERVA AL NATURAL MAR DEL SUR TARRO 425 G UNIDAD X REGION , Región de los Lagos , Osorno, M.RODRIGUEZ N°759;42.0;;1646.0;0.0;69132.0
1057532-2194-CM24;17;0;;0;ATUN CONSERVA EN ACEITE OTUNA LOMITOS TARRO 180 G UNIDAD X REGION;(1430604) ATUN CONSERVA EN ACEITE OTUNA LOMITOS TARRO 180 G UNIDAD X REGION;(1430604) ATUN CONSERVA EN ACEITE OTUNA LOMITOS TARRO 180 G UNIDAD X REGION , Región de los Lagos , Osorno, M.RODRIGUEZ N°759;42.0;;2004.0;0.0;84168.0
1057532-2194-CM24;18;0;;0;SAL LOBOS FINA BOLSA 1K UNIDAD X REGION;(1440954) SAL LOBOS FINA BOLSA 1K UNIDAD X REGION;(1440954) SAL LOBOS FINA BOLSA 1K UNIDAD X REGION , Región de los Lagos , Osorno, M.RODRIGUEZ N°759;21.0;;453.0;0.0;9513.0
1057532-2194-CM24;19;0;;0;POLVOS DE HORNEAR IMPERIAL TARRO 200 G UNIDAD X REGION;(1429329) POLVOS DE HORNEAR IMPERIAL TARRO 200 G UNIDAD X REGION;(1429329) POLVOS DE HORNEAR IMPERIAL TARRO 200 G UNIDAD X REGION , Región de los Lagos , Osorno, M.RODRIGUEZ N°759;21.0;;2460.0;0.0;51660.0
1057532-2194-CM24;20;0;;0;MERMELADA SIN AZUCAR REGIMEL BERRIES BOLSA 200 G UNIDAD X REGION;(1440729) MERMELADA SIN AZUCAR REGIMEL BERRIES BOLSA 200 G UNIDAD X REGION;(1440729) MERMELADA SIN AZUCAR REGIMEL BERRIES BOLSA 200 G UNIDAD X REGION , Región de los Lagos , Osorno, M.RODRIGUEZ N°759;42.0;;1512.0;0.0;63504.0
1057532-2194-CM24;21;0;;0;MIEL CM ABEJA POTE 1K UNIDAD X REGION;(1477644) MIEL CM ABEJA POTE 1K UNIDAD X REGION;(1477644) MIEL CM ABEJA POTE 1K UNIDAD X REGION , Región de los Lagos , Osorno, M.RODRIGUEZ N°759;21.0;;9302.0;0.0;195342.0
1057532-2194-CM24;22;0;;0;MANJAR COLUN BOLSA 1K UNIDAD X REGION;(1455954) MANJAR COLUN BOLSA 1K UNIDAD X REGION;(1455954) MANJAR COLUN BOLSA 1K UNIDAD X REGION , Región de los Lagos , Osorno, M.RODRIGUEZ N°759;21.0;;3859.0;0.0;81039.0
1057532-2194-CM24;23;0;;0;LEVADURA SAF-INSTANT SECA CAJA 125 G UNIDAD X REGION;(1504854) LEVADURA SAF-INSTANT SECA CAJA 125 G UNIDAD X REGION;(1504854) LEVADURA SAF-INSTANT SECA CAJA 125 G UNIDAD X REGION , Región de los Lagos , Osorno, M.RODRIGUEZ N°759;42.0;;1864.0;0.0;78288.0
1057532-2194-CM24;24;0;;0;CAJA DE CARTON NORMAL - ESTÁNDAR X REGION;(1569409) CAJA DE CARTON NORMAL - ESTÁNDAR X REGION;(1569409) CAJA DE CARTON NORMAL - ESTÁNDAR X REGION , Región de los Lagos , Osorno, M.RODRIGUEZ N°759;21.0;;600.0;0.0;12600.0
1057532-1825-AG24;1;44121500;Equipos, accesorios y suministros de oficina / Suministros de oficina / Suministros de correo;44121505;Sobres especiales;500 unidades de sobres de 13x19cm, papel kraft, 80 g, con apertura superior y adhesivo doble contacto en su apertura, que incluya diseño e impresión a doble cara según diseño trabajado en conjunto con referente.;;500.0;;190.0;0.0;0.0
1057532-2181-SE24;1;70141600;Servicios agrícolas, pesqueros, forestales y relacionados con la fauna / Producción, administración y protección de cultivos / Protección de cultivos;70141605;Servicios integrados de gestión de plagas;Servicio Sanitización: Comunidad Terapéutica Peulla Residencial, García Hurtado de Mendoza # 945,;Servicio Desratización, Desinsectación y Desinfección S.S.O. y  establecimientos dependientes;1.0;;38000.0;0.0;38000.0
1057532-2181-SE24;2;70141600;Servicios agrícolas, pesqueros, forestales y relacionados con la fauna / Producción, administración y protección de cultivos / Protección de cultivos;70141605;Servicios integrados de gestión de plagas;Servicio Desratización: Comunidad Terapéutica Peulla ambulatoria, Leonardo Da Vinci # 1615;Servicio Desratización, Desinsectación y Desinfección S.S.O. y  establecimientos dependientes;1.0;;38000.0;0.0;38000.0
1057532-2222-SE24;1;51141700;Medicamentos y productos farmacéuticos / Medicamentos para el sistema nervioso central / Agentes antipsicóticos;51141704;Risperidona;Risperidona 37,5 mg Polvo para suspensión Inyectable;Cod. 418204 Risperdal 37.5 mg. Consta   risperidona polvo para suspensión   inyectable de liberación prolongada    Presentación: 1 Frasco Ampolla.  ISP: F-13503  Se oferta x f.a  Despacho regiones 48hrs,Metropolitana 24hrs   Fecha de venc 31-12-2025  Prod;30.0;;83059.0;0.0;2491770.0
1057532-2261-SE24;1;43212100;Tecnologías de la información, telecomunicaciones y radiodifusión / Equipos informáticos y accesorios / Impresoras;43212110;Impresoras multifunción o multifuncionales;ARRIENDO IMPRESORAS MULTIFUNCIONALES PARA EL SERVICIO DE SALUD OSORNO Y ESTABLECIMIENTOS DEPENDIENTES PARA COSAM RAHUE // IMPRESIONES B/N;ARRIENDO IMPRESORAS MULTIFUNCIONALES PARA EL SERVICIO DE SALUD OSORNO Y ESTABLECIMIENTOS DEPENDIENTES.;9761.0;;28.34;0.0;276626.74
1077241-221-SE24;1;42191800;Equipamiento y suministros médicos / Equipamiento para instalaciones médicas / Camas para pacientes y accesorios;42191807;Camas de cuidado del paciente o accesorios de uso general;Catre clínico manual de 3 posiciones mas colchón, según especificaciones técnicas.;KCM301 CAMA MANUAL 3 POS + COLCHÓN PROMSA ENTREGA SEGÚN PLAZO OFERTADO, GARANTIA 2 AÑO CONTACTO FRANCISCO MORENO  FMORENO@PROMSA.CL  +56993197298;18.0;;520000.0;0.0;9360000.0
1057532-2051-AG24;1;51141700;Medicamentos y productos farmacéuticos / Medicamentos para el sistema nervioso central / Agentes antipsicóticos;51141704;Risperidona;Fármaco Risperidona 25 mg Polvo para Suspensión Inyectable de Liberación prolongada. Indicar fecha de vencimiento.;Cod 418203 Risperdal Consta risperidona polvo para suspension inyectable de liberación prolongada 25 mg. Presentación: 1 Frasco Ampolla. ISP:F-13502 Se oferta x frasco Ampolla Despacho regiones 48hrs,Metropolitana 24hrs Fecha de Venc 31-07-2026;19.0;;62294.0;0.0;0.0
1057532-2260-SE24;1;43212100;Tecnologías de la información, telecomunicaciones y radiodifusión / Equipos informáticos y accesorios / Impresoras;43212110;Impresoras multifunción o multifuncionales;ARRIENDO IMPRESORAS MULTIFUNCIONALES PARA EL SERVICIO DE SALUD OSORNO Y ESTABLECIMIENTOS DEPENDIENTES PARA COSAM ORIENTE // IMPRESIONES B/N;ARRIENDO IMPRESORAS MULTIFUNCIONALES PARA EL SERVICIO DE SALUD OSORNO Y ESTABLECIMIENTOS DEPENDIENTES;8610.0;;28.34;0.0;244007.4
1057532-2264-SE24;1;43212100;Tecnologías de la información, telecomunicaciones y radiodifusión / Equipos informáticos y accesorios / Impresoras;43212110;Impresoras multifunción o multifuncionales;ARRIENDO IMPRESORAS MULTIFUNCIONALES PARA EL SERVICIO DE SALUD OSORNO Y ESTABLECIMIENTOS DEPENDIENTES /SAMU;ARRIENDO IMPRESORAS MULTIFUNCIONALES PARA EL SERVICIO DE SALUD OSORNO Y ESTABLECIMIENTOS DEPENDIENTES;2196.0;;28.34;0.0;62234.64
1057532-626-CM24;1;0;;0;AZUCAR IANSA BLANCA GRANULADA BOLSA 1K  UNIDAD X REGION;(1436064) AZUCAR IANSA BLANCA GRANULADA BOLSA 1K  UNIDAD X REGION;(1436064) AZUCAR IANSA BLANCA GRANULADA BOLSA 1K  UNIDAD X REGION , Región de los Lagos , Osorno, M.RODRIGUEZ N°759;50.0;;1306.0;0.0;65300.0
1057532-626-CM24;2;0;;0;SPAGHETTI CAROZZI N ° 5 VITAMINIZADA BOLSA 400 G UNIDAD X REGION;(1449999) SPAGHETTI CAROZZI N ° 5 VITAMINIZADA BOLSA 400 G UNIDAD X REGION;(1449999) SPAGHETTI CAROZZI N ° 5 VITAMINIZADA BOLSA 400 G UNIDAD X REGION , Región de los Lagos , Osorno, M.RODRIGUEZ N°759;100.0;;1119.0;0.0;111900.0
1057532-626-CM24;3;0;;0;ESPIRALES CAROZZI BOLSA 400 G UNIDAD X REGION;(1449564) ESPIRALES CAROZZI BOLSA 400 G UNIDAD X REGION;(1449564) ESPIRALES CAROZZI BOLSA 400 G UNIDAD X REGION , Región de los Lagos , Osorno, M.RODRIGUEZ N°759;100.0;;1261.0;0.0;126100.0
1057532-626-CM24;4;0;;0;TE SUPREMO CEYLAN ORO CAJA 100 BOLSAS UNIDAD X REGION;(1437039) TE SUPREMO CEYLAN ORO CAJA 100 BOLSAS UNIDAD X REGION;(1437039) TE SUPREMO CEYLAN ORO CAJA 100 BOLSAS UNIDAD X REGION , Región de los Lagos , Osorno, M.RODRIGUEZ N°759;50.0;;4906.0;0.0;245300.0
1057532-626-CM24;5;0;;0;ENDULZANTE LIQUIDO DAILY STEVIA BOTELLA 270 ML UNIDAD X REGION;(1485489) ENDULZANTE LIQUIDO DAILY STEVIA BOTELLA 270 ML UNIDAD X REGION;(1485489) ENDULZANTE LIQUIDO DAILY STEVIA BOTELLA 270 ML UNIDAD X REGION , Región de los Lagos , Osorno, M.RODRIGUEZ N°759;50.0;;3597.0;0.0;179850.0
1057532-626-CM24;6;0;;0;CAFE INSTANTANEO NESCAFE TRADICION TARRO 170 G UNIDAD X REGION;(1450194) CAFE INSTANTANEO NESCAFE TRADICION TARRO 170 G UNIDAD X REGION;(1450194) CAFE INSTANTANEO NESCAFE TRADICION TARRO 170 G UNIDAD X REGION , Región de los Lagos , Osorno, M.RODRIGUEZ N°759;50.0;;6091.0;0.0;304550.0
1057532-626-CM24;7;0;;0;ARROZ MIRAFLORES GRADO 1  BOLSA 1K UNIDAD X REGION;(1451829) ARROZ MIRAFLORES GRADO 1  BOLSA 1K UNIDAD X REGION;(1451829) ARROZ MIRAFLORES GRADO 1  BOLSA 1K UNIDAD X REGION , Región de los Lagos , Osorno, M.RODRIGUEZ N°759;50.0;;1432.0;0.0;71600.0
1057532-626-CM24;8;0;;0;ACEITE MARAVILLA CHEF BOTELLA 1 L UNIDAD X REGION;(1436769) ACEITE MARAVILLA CHEF BOTELLA 1 L UNIDAD X REGION;(1436769) ACEITE MARAVILLA CHEF BOTELLA 1 L UNIDAD X REGION , Región de los Lagos , Osorno, M.RODRIGUEZ N°759;100.0;;3990.0;0.0;399000.0
1057532-626-CM24;9;0;;0;SALSA DE TOMATE CAROZZI TOSCANA BOLOÑESA DOYPACK 200 G UNIDAD X REGION;(1449894) SALSA DE TOMATE CAROZZI TOSCANA BOLOÑESA DOYPACK 200 G UNIDAD X REGION;(1449894) SALSA DE TOMATE CAROZZI TOSCANA BOLOÑESA DOYPACK 200 G UNIDAD X REGION , Región de los Lagos , Osorno, M.RODRIGUEZ N°759;300.0;;975.0;0.0;292500.0
1057532-626-CM24;10;0;;0;POROTO DON RAFA TORTOLA BOLSA 1K UNIDAD  X REGION;(1655500) POROTO DON RAFA TORTOLA BOLSA 1K UNIDAD  X REGION;(1655500) POROTO DON RAFA TORTOLA BOLSA 1K UNIDAD  X REGION , Región de los Lagos , Osorno, M.RODRIGUEZ N°759;50.0;;3925.0;0.0;196250.0
1057532-626-CM24;11;0;;0;LENTEJA DON RAFA 6 MM BOLSA 1K UNIDAD X REGION;(1655486) LENTEJA DON RAFA 6 MM BOLSA 1K UNIDAD X REGION;(1655486) LENTEJA DON RAFA 6 MM BOLSA 1K UNIDAD X REGION , Región de los Lagos , Osorno, M.RODRIGUEZ N°759;50.0;;2441.0;0.0;122050.0
1057532-626-CM24;12;0;;0;GARBANZO CAMPO LINDO SIN PIEL BOLSA 1K UNIDAD X REGION;(1482774) GARBANZO CAMPO LINDO SIN PIEL BOLSA 1K UNIDAD X REGION;(1482774) GARBANZO CAMPO LINDO SIN PIEL BOLSA 1K UNIDAD X REGION , Región de los Lagos , Osorno, M.RODRIGUEZ N°759;50.0;;2782.0;0.0;139100.0
1057532-626-CM24;13;0;;0;LECHE EN POLVO DESCREMADA COLUN INSTANTANEA BOLSA 800 GR UNIDAD X REGION;(1701720) LECHE EN POLVO DESCREMADA COLUN INSTANTANEA BOLSA 800 GR UNIDAD X REGION;(1701720) LECHE EN POLVO DESCREMADA COLUN INSTANTANEA BOLSA 800 GR UNIDAD X REGION , Región de los Lagos , Osorno, M.RODRIGUEZ N°759;50.0;;7141.0;0.0;357050.0
1057532-626-CM24;14;0;;0;SABORIZANTE NESTLE MILO BOLSA 700 G UNIDAD X REGION;(1448709) SABORIZANTE NESTLE MILO BOLSA 700 G UNIDAD X REGION;(1448709) SABORIZANTE NESTLE MILO BOLSA 700 G UNIDAD X REGION , Región de los Lagos , Osorno, M.RODRIGUEZ N°759;50.0;;6619.0;0.0;330950.0
1057532-626-CM24;15;0;;0;JUREL CONSERVA AL NATURAL MAR DEL SUR TARRO 425 G UNIDAD X REGION;(1563652) JUREL CONSERVA AL NATURAL MAR DEL SUR TARRO 425 G UNIDAD X REGION;(1563652) JUREL CONSERVA AL NATURAL MAR DEL SUR TARRO 425 G UNIDAD X REGION , Región de los Lagos , Osorno, M.RODRIGUEZ N°759;100.0;;1584.0;0.0;158400.0
1057532-626-CM24;16;0;;0;ATUN CONSERVA EN ACEITE OTUNA LOMITOS TARRO 180 G UNIDAD X REGION;(1430604) ATUN CONSERVA EN ACEITE OTUNA LOMITOS TARRO 180 G UNIDAD X REGION;(1430604) ATUN CONSERVA EN ACEITE OTUNA LOMITOS TARRO 180 G UNIDAD X REGION , Región de los Lagos , Osorno, M.RODRIGUEZ N°759;100.0;;1929.0;0.0;192900.0
1057532-626-CM24;17;0;;0;SAL LOBOS FINA BOLSA 1K UNIDAD X REGION;(1440954) SAL LOBOS FINA BOLSA 1K UNIDAD X REGION;(1440954) SAL LOBOS FINA BOLSA 1K UNIDAD X REGION , Región de los Lagos , Osorno, M.RODRIGUEZ N°759;50.0;;434.0;0.0;21700.0
1057532-626-CM24;18;0;;0;LEVADURA SAF-INSTANT SECA CAJA 125 G UNIDAD X REGION;(1504854) LEVADURA SAF-INSTANT SECA CAJA 125 G UNIDAD X REGION;(1504854) LEVADURA SAF-INSTANT SECA CAJA 125 G UNIDAD X REGION , Región de los Lagos , Osorno, M.RODRIGUEZ N°759;100.0;;1775.0;0.0;177500.0
1057532-626-CM24;19;0;;0;POLVOS DE HORNEAR IMPERIAL TARRO 200 G UNIDAD X REGION;(1429329) POLVOS DE HORNEAR IMPERIAL TARRO 200 G UNIDAD X REGION;(1429329) POLVOS DE HORNEAR IMPERIAL TARRO 200 G UNIDAD X REGION , Región de los Lagos , Osorno, M.RODRIGUEZ N°759;50.0;;2343.0;0.0;117150.0
1057532-626-CM24;20;0;;0;MERMELADA SIN AZUCAR REGIMEL BERRIES BOLSA 200 G UNIDAD X REGION;(1440729) MERMELADA SIN AZUCAR REGIMEL BERRIES BOLSA 200 G UNIDAD X REGION;(1440729) MERMELADA SIN AZUCAR REGIMEL BERRIES BOLSA 200 G UNIDAD X REGION , Región de los Lagos , Osorno, M.RODRIGUEZ N°759;100.0;;1415.0;0.0;141500.0
1057532-626-CM24;21;0;;0;MIEL CM ABEJA POTE 1K UNIDAD X REGION;(1477644) MIEL CM ABEJA POTE 1K UNIDAD X REGION;(1477644) MIEL CM ABEJA POTE 1K UNIDAD X REGION , Región de los Lagos , Osorno, M.RODRIGUEZ N°759;50.0;;8801.0;0.0;440050.0
1057532-626-CM24;22;0;;0;MANJAR COLUN BOLSA 1K UNIDAD X REGION;(1455954) MANJAR COLUN BOLSA 1K UNIDAD X REGION;(1455954) MANJAR COLUN BOLSA 1K UNIDAD X REGION , Región de los Lagos , Osorno, M.RODRIGUEZ N°759;50.0;;3652.0;0.0;182600.0
1057532-626-CM24;23;0;;0;CAJA DE CARTON NORMAL - ESTÁNDAR X REGION;(1569409) CAJA DE CARTON NORMAL - ESTÁNDAR X REGION;(1569409) CAJA DE CARTON NORMAL - ESTÁNDAR X REGION , Región de los Lagos , Osorno, M.RODRIGUEZ N°759;50.0;;600.0;0.0;30000.0
1057532-626-CM24;24;0;;0;JUGO LIQUIDO  VIVO NECTAR BERRIES CAJA 190 CC UNIDAD X REGION;(1490934) JUGO LIQUIDO  VIVO NECTAR BERRIES CAJA 190 CC UNIDAD X REGION;(1490934) JUGO LIQUIDO  VIVO NECTAR BERRIES CAJA 190 CC UNIDAD X REGION , Región de los Lagos , Osorno, M.RODRIGUEZ N°759;4500.0;;295.0;0.0;1327500.0
1057532-626-CM24;25;0;;0;GALLETA DULCE MCKAY MINI MANTEQUILLA 40 G UNIDAD X REGION;(1452414) GALLETA DULCE MCKAY MINI MANTEQUILLA 40 G UNIDAD X REGION;(1452414) GALLETA DULCE MCKAY MINI MANTEQUILLA 40 G UNIDAD X REGION , Región de los Lagos , Osorno, M.RODRIGUEZ N°759;4500.0;;249.0;0.0;1120500.0
1057532-626-CM24;26;0;;0;HARINA SIN POLVOS SELECTA BOLSA 1K UNIDAD X REGION;(1433379) HARINA SIN POLVOS SELECTA BOLSA 1K UNIDAD X REGION;(1433379) HARINA SIN POLVOS SELECTA BOLSA 1K UNIDAD X REGION , Región de los Lagos , Osorno, M.RODRIGUEZ N°759;100.0;;1618.0;0.0;161800.0
1180747-22-SE24;1;42192400;Equipamiento y suministros médicos / Equipamiento para instalaciones médicas / Transporte de equipo médico y traslado de productos;42192404;Carros médicos o accesorios;CARRO DE PROCEDIMIENTO, marca Malvestio, modelo 329604, Plazo de entrega 30 días corridos.;329604 CARRO DE PROCEDIMIENTO  COT  10047197;1.0;;2320000.0;0.0;2320000.0
1180747-22-SE24;2;42192400;Equipamiento y suministros médicos / Equipamiento para instalaciones médicas / Transporte de equipo médico y traslado de productos;42192401;Carros de resucitación de emergencia;CARRO DE PARO, marca Malvestio, modelo 329501, Plazo de entrega 45 días corridos.;329501 CARRO DE PARO  COT 10047198;1.0;;4190000.0;0.0;4190000.0
1057532-2231-SE24;1;72131700;Servicios de construcción y mantenimiento / Construcción de edificios en general / Construcción de obras civiles y infraestructuras;72131702;Construcción de obras civiles;Goma antideslizante para peldaño escalera Cosam Rahue, LP 1057532-47-LE24;CONVENIO DE SERVICIOS DE MANTENCIÓN Y OBRAS MENORES DE LA INFRAESTRUCTURA DE LOS ESTABLECIMIENTOS DEPENDIENTES DEL SERVICIO DE SALUD OSORNO AÑO 2024 CONVENIO DE SERVICIOS DE MANTENCIÓN Y OBRAS MENORES DE LA INFRAESTRUCTURA DE LOS ESTABLECIMIENTOS DEP;43.2;;28000.0;0.0;1209600.0
1077241-224-SE24;1;42191800;Equipamiento y suministros médicos / Equipamiento para instalaciones médicas / Camas para pacientes y accesorios;42191807;Camas de cuidado del paciente o accesorios de uso general;Catre clínico manual de 3 posiciones mas colchón, según especificaciones técnicas.;KCM301 CAMA MANUAL 3 POS + COLCHÓN PROMSA ENTREGA SEGÚN PLAZO OFERTADO, GARANTIA 2 AÑO CONTACTO FRANCISCO MORENO  FMORENO@PROMSA.CL  +56993197298;8.0;;520000.0;0.0;4160000.0
1077241-98-AG24;1;90101700;Servicios de Viajes, alimentación, alojamiento y entretenimiento / Restaurantes y catering / Servicios de cafetería;90101701;Gestión de cafetería;Productos solicitados por persona en el servicio o Coffe break Tarde  Jornada PM  2 porciones de tapados salados: ave-palta, carne mechada   Variedad de galletas caseras   1 porción de torta.  1 brocheta de fruta mixta  Todo considerando las cantidades por persona;Servicio de cafetería para el día 12.12.2024// en Cosam Rahue;85.0;;3272.0;0.0;0.0
1057532-2239-SE24;1;85122200;Salud, servicios sanitarios y alimentación / Medicina y servicios de salud / Evaluaciones de salud individuales;85122201;Exámenes médicos;INSUMOS PARA EXAMENES DE LABORATORIO TIPO POC, CON ARRIENDO DE EQUIPOS (HOSPITAL RIO NEGRO, HOSPITAL PUERTO OCTAY, HOSPITAL PU MULEN QUILACAHUIN, HOSPITAL FUKA SRUKA LAWENCHE KUNKO MAPU MO, CESFAM PUYEHUE);TRI CONTROL LEVEL 2;1.0;;6000.0;0.0;6000.0
1057532-2239-SE24;2;85122200;Salud, servicios sanitarios y alimentación / Medicina y servicios de salud / Evaluaciones de salud individuales;85122201;Exámenes médicos;INSUMOS PARA EXAMENES DE LABORATORIO TIPO POC, CON ARRIENDO DE EQUIPOS (HOSPITAL RIO NEGRO, HOSPITAL PUERTO OCTAY, HOSPITAL PU MULEN QUILACAHUIN, HOSPITAL FUKA SRUKA LAWENCHE KUNKO MAPU MO, CESFAM PUYEHUE);TROPONIN CARTRIDGE;1.0;;400000.0;0.0;400000.0
1057532-2239-SE24;3;85122200;Salud, servicios sanitarios y alimentación / Medicina y servicios de salud / Evaluaciones de salud individuales;85122201;Exámenes médicos;INSUMOS PARA EXAMENES DE LABORATORIO TIPO POC, CON ARRIENDO DE EQUIPOS (HOSPITAL RIO NEGRO, HOSPITAL PUERTO OCTAY, HOSPITAL PU MULEN QUILACAHUIN, HOSPITAL FUKA SRUKA LAWENCHE KUNKO MAPU MO, CESFAM PUYEHUE);CHEM 8 CARTRIDGE;1.0;;360000.0;0.0;360000.0
1057532-2239-SE24;4;85122200;Salud, servicios sanitarios y alimentación / Medicina y servicios de salud / Evaluaciones de salud individuales;85122201;Exámenes médicos;INSUMOS PARA EXAMENES DE LABORATORIO TIPO POC, CON ARRIENDO DE EQUIPOS (HOSPITAL RIO NEGRO, HOSPITAL PUERTO OCTAY, HOSPITAL PU MULEN QUILACAHUIN, HOSPITAL FUKA SRUKA LAWENCHE KUNKO MAPU MO, CESFAM PUYEHUE);CONTROL NORMAL I-STAT CTNI;1.0;;14000.0;0.0;14000.0
1057532-2259-SE24;1;43212100;Tecnologías de la información, telecomunicaciones y radiodifusión / Equipos informáticos y accesorios / Impresoras;43212110;Impresoras multifunción o multifuncionales;ARRIENDO IMPRESORAS MULTIFUNCIONALES PARA EL SERVICIO DE SALUD OSORNO Y ESTABLECIMIENTOS DEPENDIENTES PARA CDRAM/ IMPRESIONES B/N;ARRIENDO IMPRESORAS MULTIFUNCIONALES PARA EL SERVICIO DE SALUD OSORNO Y ESTABLECIMIENTOS DEPENDIENTES;12920.0;;28.34;0.0;366152.8
1057532-1585-SE24;1;42191700;Equipamiento y suministros médicos / Equipamiento para instalaciones médicas / Gas de uso hospitalario;42191701;Servicio eléctrico o de gas médico;S2.1 Asistencia ventilatoria NO Invasiva (AVNI)/Julio/Tres pacientes.;S2.1 Asistencia ventilatoria NO Invasiva (AVNI);90.0;;18813.47;0.0;1693212.3
1057532-1585-SE24;2;42191700;Equipamiento y suministros médicos / Equipamiento para instalaciones médicas / Gas de uso hospitalario;42191701;Servicio eléctrico o de gas médico;S2.4 Asistencia ventilatoria Invasiva sin TENS/Julio/Cuatro pacientes.;S2.4 Asistencia ventilatoria invasiva sin TENS.;120.0;;61513.43;0.0;7381611.6
1057532-1585-SE24;3;42191700;Equipamiento y suministros médicos / Equipamiento para instalaciones médicas / Gas de uso hospitalario;42191701;Servicio eléctrico o de gas médico;S2.1 Asistencia ventilatoria NO Invasiva (AVNI)/Junio/Tres pacientes.;S2.1 Asistencia ventilatoria NO Invasiva (AVNI);90.0;;18813.47;0.0;1693212.3
1057532-1585-SE24;4;42191700;Equipamiento y suministros médicos / Equipamiento para instalaciones médicas / Gas de uso hospitalario;42191701;Servicio eléctrico o de gas médico;S2.4 Asistencia ventilatoria Invasiva sin TENS/Junio/Cuatro pacientes.;S2.4 Asistencia ventilatoria invasiva sin TENS.;120.0;;61513.43;0.0;7381611.6
1057532-1983-AG24;1;48101900;Maquinarias, equipos y suministros para la industria de servicios / Equipos para servicios de alimentación institucional / Vajilla y servicio de mesa;48101903;Vasos de servicio;200 VASOS DE POLI PAPEL 250 CC.;;200.0;;80.0;0.0;0.0
1057532-1983-AG24;2;50201700;Alimentos, bebidas y tabaco / Bebidas / Café y té;50201709;Café instantáneo;1 TARRO DE CAFE X 400 GRAMOS.;;1.0;;14000.0;0.0;0.0
1057532-1983-AG24;3;50161500;Alimentos, bebidas y tabaco / Chocolates, azúcares, edulcorantes y productos de confitería / Productos de chocolates, azúcares y edulcorantes;50161509;Productos de edulcorantes o azúcares naturales;2 KILOS DE AZUCAR;;2.0;;1500.0;0.0;0.0
1057532-1983-AG24;4;50161500;Alimentos, bebidas y tabaco / Chocolates, azúcares, edulcorantes y productos de confitería / Productos de chocolates, azúcares y edulcorantes;50161509;Productos de edulcorantes o azúcares naturales;1 BOTELLA DE ENDULZANTE GRANDE TAPA VERDE.;;1.0;;4000.0;0.0;0.0
1057532-1983-AG24;5;50202300;Alimentos, bebidas y tabaco / Bebidas / Bebidas no alcohólicas;50202310;Agua mineral;70 BOTELLAS  DE AGUA MINERAL  CON GAS X 500 CC.;;70.0;;400.0;0.0;0.0
1057532-1983-AG24;6;50131700;Alimentos, bebidas y tabaco / Productos lácteos y huevos / Productos de leche y mantequilla;50131701;Leche o productos de mantequilla;150 UNIDADES DE LECHE DE 200 CC.;;150.0;;400.0;0.0;0.0
1057532-1983-AG24;7;50101600;Alimentos, bebidas y tabaco / Frutas, verduras y frutos secos / Frutas;50101634;Fruta fresca;45 NARANJAS;;45.0;;600.0;0.0;0.0
1057532-1983-AG24;8;50101600;Alimentos, bebidas y tabaco / Frutas, verduras y frutos secos / Frutas;50101634;Fruta fresca;45 PLATANOS;;45.0;;800.0;0.0;0.0
1057532-1983-AG24;9;47121700;Equipos y suministros de limpieza / Equipo de limpieza / Envases y accesorios para residuos;47121701;Bolsas de basura;150 BOLSAS BIODEGRADABLE COMPOSTABLE TIPO CAMISETA 36X40.;;150.0;;200.0;0.0;0.0
1077241-210-AG24;1;50101700;Alimentos, bebidas y tabaco / Frutas, verduras y frutos secos / Frutos secos;50101716;Semillas o frutos secos con cáscara;165 Sachet de Semillas: Segun especificaciones técnas, favor enviar cotización archivo;165 Sachet de Semillas: Segun especificaciones técnas, favor enviar cotización archivo;165.0;;658.0;0.0;0.0
1077241-210-AG24;2;50101700;Alimentos, bebidas y tabaco / Frutas, verduras y frutos secos / Frutos secos;50101716;Semillas o frutos secos con cáscara;2 KG Semilla Poroto  2 KG Semilla Arveja  2 KG Semilla Habas   Segun especificaciones técnas, favor enviar cotización archivo;2 KG Semilla Poroto  2 KG Semilla Arveja  2 KG Semilla Habas   Segun especificaciones técnas, favor enviar cotización archivo;6.0;;5920.0;0.0;0.0
1077241-219-SE24;1;42191800;Equipamiento y suministros médicos / Equipamiento para instalaciones médicas / Camas para pacientes y accesorios;42191807;Camas de cuidado del paciente o accesorios de uso general;Catre clínico manual de 3 posiciones mas colchón, según especificaciones técnicas.;KCM301 CAMA MANUAL 3 POS + COLCHÓN PROMSA ENTREGA SEGÚN PLAZO OFERTADO, GARANTIA 2 AÑO CONTACTO FRANCISCO MORENO  FMORENO@PROMSA.CL  +56993197298;5.0;;520000.0;0.0;2600000.0
1057532-1786-AG24;1;82101500;Servicios editoriales, de diseño, publicidad, gráficos y artistas / Publicidad / Publicidad impresa;82101507;Folletos y catálogos publicitarios, servicios de publicidad y distribución;"2.000. UNIDADES DE FLAYER "" PREVENCION DE CANCER CERVICOUTERINO""";;2000.0;;49.0;0.0;0.0
1057532-1786-AG24;2;82101500;Servicios editoriales, de diseño, publicidad, gráficos y artistas / Publicidad / Publicidad impresa;82101507;Folletos y catálogos publicitarios, servicios de publicidad y distribución;"1.500 UNIDADES  DE FLAYER  "" CANCER DE MAMAS""";;1500.0;;49.0;0.0;0.0
1057532-1786-AG24;3;82101500;Servicios editoriales, de diseño, publicidad, gráficos y artistas / Publicidad / Publicidad impresa;82101507;Folletos y catálogos publicitarios, servicios de publicidad y distribución;"1500 UNIDADES DE FLAYER "" CONTROL GINECOLOGICO""";;1500.0;;49.0;0.0;0.0
1057532-2275-SE24;1;72131700;Servicios de construcción y mantenimiento / Construcción de edificios en general / Construcción de obras civiles y infraestructuras;72131702;Construcción de obras civiles;Trabajo según OT N° 000014/Diciembre 2024 (Trabajos de urgencia realizados el día viernes 27 por filtración en Dispositivo COSAM RAHUE);CONVENIO DE SERVICIOS DE MANTENCIÓN Y OBRAS MENORES DE LA INFRAESTRUCTURA DE LOS ESTABLECIMIENTOS DEPENDIENTES DEL SERVICIO DE SALUD OSORNO AÑO 2024 CONVENIO DE SERVICIOS DE MANTENCIÓN Y OBRAS MENORES DE LA INFRAESTRUCTURA DE LOS ESTABLECIMIENTOS DEP;1.0;;75000.0;0.0;75000.0
1077241-228-AG24;1;56101500;Muebles y mobiliario / Muebles de alojamiento / Muebles;56101520;Clóset o armarios;1 MUEBLE CLOSET 3 PUERTAS DE 150CM ANCHO X 60CM PROFUNDIDAD X 201CM ALTO CON 3 REPISAS Y PERCHERO. VALOR INCLUYE IVA Y DESPACHO.;1 MUEBLE CLOSET 3 PUERTAS DE 150CM ANCHO X 60CM PROFUNDIDAD X 201CM ALTO CON 3 REPISAS Y PERCHERO. VALOR INCLUYE IVA Y DESPACHO.;1.0;;260000.0;0.0;0.0
1057532-2207-AG24;1;78121600;Servicios de transporte, almacenaje y correo / Manejo, manipulación y embalaje de material / Servicios de manipulación de materiales;78121601;Servicios de flete;traslado de todo el mobiliario de oficina desde Calle Los Carrera N°418 hasta Juan de Dios Angulo N°399, en camión de 5000 kgs. carrocería cerrada, con mínimo 4 peonetas para carga y descarga;Se ofrece camion cerrado para 5.000 kg con 4 pionetas y conductor fono contacto 56 9 94698072;1.0;;850000.0;0.0;0.0
1057532-2258-SE24;1;43212100;Tecnologías de la información, telecomunicaciones y radiodifusión / Equipos informáticos y accesorios / Impresoras;43212110;Impresoras multifunción o multifuncionales;COLOR/DSSO;ARRIENDO IMPRESORAS MULTIFUNCIONALES PARA EL SERVICIO DE SALUD OSORNO Y ESTABLECIMIENTOS DEPENDIENTES;8893.0;;78.19;0.0;695343.6699999999
1057532-2258-SE24;2;43212100;Tecnologías de la información, telecomunicaciones y radiodifusión / Equipos informáticos y accesorios / Impresoras;43212110;Impresoras multifunción o multifuncionales;ADICIONALES/DSSO;ARRIENDO IMPRESORAS MULTIFUNCIONALES PARA EL SERVICIO DE SALUD OSORNO Y ESTABLECIMIENTOS DEPENDIENTES;118307.0;;9.77;0.0;1155859.39
1057532-2258-SE24;3;43212100;Tecnologías de la información, telecomunicaciones y radiodifusión / Equipos informáticos y accesorios / Impresoras;43212110;Impresoras multifunción o multifuncionales;B/N/DSSO;ARRIENDO IMPRESORAS MULTIFUNCIONALES PARA EL SERVICIO DE SALUD OSORNO Y ESTABLECIMIENTOS DEPENDIENTES;3304.0;;28.34;0.0;93635.36
1077241-204-AG24;1;82121500;Servicios editoriales, de diseño, publicidad, gráficos y artistas / Servicios de impresión y reproducción / Impresión;82121505;Impresión promocional o publicitaria;300 STICKERS ( VER ARCHIVO);;300.0;;90.0;0.0;0.0
1077241-204-AG24;2;82121500;Servicios editoriales, de diseño, publicidad, gráficos y artistas / Servicios de impresión y reproducción / Impresión;82121505;Impresión promocional o publicitaria;100 CALENDARIO.( VER ARCHIVO);;100.0;;1250.0;0.0;0.0
1077241-204-AG24;3;82121500;Servicios editoriales, de diseño, publicidad, gráficos y artistas / Servicios de impresión y reproducción / Impresión;82121505;Impresión promocional o publicitaria;50 VASOS TERMICOS ( VER ARCHIVO);;50.0;;5080.0;0.0;0.0
1077241-204-AG24;4;82121500;Servicios editoriales, de diseño, publicidad, gráficos y artistas / Servicios de impresión y reproducción / Impresión;82121505;Impresión promocional o publicitaria;100 MAGNETICOS. ( VER ARCHIVO);;100.0;;350.0;0.0;0.0
1077241-204-AG24;5;82121500;Servicios editoriales, de diseño, publicidad, gráficos y artistas / Servicios de impresión y reproducción / Impresión;82121505;Impresión promocional o publicitaria;400 CHAPITAS  ( VER ARCHIVO);;400.0;;500.0;0.0;0.0
1077241-204-AG24;6;82121500;Servicios editoriales, de diseño, publicidad, gráficos y artistas / Servicios de impresión y reproducción / Impresión;82121505;Impresión promocional o publicitaria;150 LANYARD COLOR ROSADO  ( VER ARCHIVO);;150.0;;900.0;0.0;0.0
1077241-204-AG24;7;82121500;Servicios editoriales, de diseño, publicidad, gráficos y artistas / Servicios de impresión y reproducción / Impresión;82121505;Impresión promocional o publicitaria;150 LANYARD COLOR CALIPSO ( VER ARCHIVO);;150.0;;900.0;0.0;0.0
1077241-204-AG24;8;82121500;Servicios editoriales, de diseño, publicidad, gráficos y artistas / Servicios de impresión y reproducción / Impresión;82121505;Impresión promocional o publicitaria;250 LAPICES ( VER ARCHIVO);;250.0;;336.0;0.0;0.0
1077241-204-AG24;9;82121500;Servicios editoriales, de diseño, publicidad, gráficos y artistas / Servicios de impresión y reproducción / Impresión;82121505;Impresión promocional o publicitaria;100 PINES  ( VER ARCHIVO);;100.0;;1800.0;0.0;0.0
1057532-1475-SE24;1;73152100;Servicios de producción y fabricación industrial / Servicios de apoyo o soporte a la fabricación / Servicios de mantenimiento y reparación de equipo de fabricación;73152101;Servicio de mantenimiento de equipo de fabricación;Mantención Preventiva de 1 DEA (Edificio Plaza Sur) y 4 Monitores signos vitales DSSO (bodega SAMU);MANTENCIÓN DE MONITORES DE SIGNOS VITALES Y DESFIBRILADORES;5.0;;21000.0;0.0;105000.0
1057532-2263-SE24;1;43212100;Tecnologías de la información, telecomunicaciones y radiodifusión / Equipos informáticos y accesorios / Impresoras;43212110;Impresoras multifunción o multifuncionales;ARRIENDO IMPRESORAS MULTIFUNCIONALES PARA EL SERVICIO DE SALUD OSORNO Y ESTABLECIMIENTOS DEPENDIENTES //PRAIS;ARRIENDO IMPRESORAS MULTIFUNCIONALES PARA EL SERVICIO DE SALUD OSORNO Y ESTABLECIMIENTOS DEPENDIENTES;3302.0;;28.34;0.0;93578.68
1057532-2268-SE24;1;70141600;Servicios agrícolas, pesqueros, forestales y relacionados con la fauna / Producción, administración y protección de cultivos / Protección de cultivos;70141605;Servicios integrados de gestión de plagas;Servicio Desratización: Centro de Rehabilitación del Adulto Mayor (CDRAM), IPROSEC, Los Carreras # 418, Octubre 2024.;Servicio Desratización, Desinsectación y Desinfección S.S.O. y  establecimientos dependientes;1.0;;15000.0;0.0;15000.0
1057532-2268-SE24;2;70141600;Servicios agrícolas, pesqueros, forestales y relacionados con la fauna / Producción, administración y protección de cultivos / Protección de cultivos;70141605;Servicios integrados de gestión de plagas;Servicio Sanitización: Centro de Rehabilitación del Adulto Mayor (CDRAM), IPROSEC, Los Carreras # 418, Octubre 2024.;Servicio Desratización, Desinsectación y Desinfección S.S.O. y  establecimientos dependientes;1.0;;10000.0;0.0;10000.0
1057532-2268-SE24;3;70141600;Servicios agrícolas, pesqueros, forestales y relacionados con la fauna / Producción, administración y protección de cultivos / Protección de cultivos;70141605;Servicios integrados de gestión de plagas;Servicio Desinsectación: Centro de Rehabilitación del Adulto Mayor (CDRAM), IPROSEC, Los Carreras # 418,  Octubre 2024.;Servicio Desratización, Desinsectación y Desinfección S.S.O. y  establecimientos dependientes;1.0;;13000.0;0.0;13000.0
1180747-29-SE24;1;42192400;Equipamiento y suministros médicos / Equipamiento para instalaciones médicas / Transporte de equipo médico y traslado de productos;42192404;Carros médicos o accesorios;CARRO DE PROCEDIMIENTO, marca Malvestio, modelo 329604, Plazo de entrega 30 días corridos.;329604 CARRO DE PROCEDIMIENTO  COT  10047197;1.0;;2320000.0;0.0;2320000.0
1180747-29-SE24;2;42192400;Equipamiento y suministros médicos / Equipamiento para instalaciones médicas / Transporte de equipo médico y traslado de productos;42192401;Carros de resucitación de emergencia;CARRO DE PARO, marca Malvestio, modelo 329501, Plazo de entrega 45 días corridos.;329501 CARRO DE PARO  COT 10047198;1.0;;4190000.0;0.0;4190000.0
1057532-2266-SE24;1;30222500;Artículos para estructuras, obras y construcciones / Construcciones permanentes / Construcciones para alojamiento;30222506;Residencia de ancianos;TRATO DIRECTO ADQUISICIÓN DE 6 CUPOS EN ESTABLECIMIENTO DE LARGA ESTADÍA DE ADULTO MAYOR (ELEAM) POR 90 DÍAS CORRIDOS//RESOLUCIÓN EXENTA N°10078 DEL 03/07/2024;CUPOR RESIDENDIA DESDE TRATO DIRECTO;6.0;;850000.0;0.0;5100000.0
1057532-2156-SE24;1;72131700;Servicios de construcción y mantenimiento / Construcción de edificios en general / Construcción de obras civiles y infraestructuras;72131702;Construcción de obras civiles;REPOSICION LUMINARIAS - SECTOR EX SEREMI Y HALL SEGUNDO PISO E. RODRIGUEZ, LP 1057532-47-LE24;CONVENIO DE SERVICIOS DE MANTENCIÓN Y OBRAS MENORES DE LA INFRAESTRUCTURA DE LOS ESTABLECIMIENTOS DEPENDIENTES DEL SERVICIO DE SALUD OSORNO AÑO 2024 CONVENIO DE SERVICIOS DE MANTENCIÓN Y OBRAS MENORES DE LA INFRAESTRUCTURA DE LOS ESTABLECIMIENTOS DEP;1.0;;2474000.0;0.0;2474000.0
1057532-1722-AG24;1;90111500;Servicios de Viajes, alimentación, alojamiento y entretenimiento / Instalaciones hoteleras, alojamientos y centros de eventos / Hoteles, moteles y hostales;90111501;Hoteles;Arriendo de espacio fisico para actividad con servicio de cafeteria para el dia 13.12.2024, considerar especificaciones tecnicas adjuntas;Arriendo de Local y servicio de cafeteria.;1.0;;1080000.0;0.0;0.0
1057532-2191-AG23;1;78102200;Servicios de transporte, almacenaje y correo / Transporte de correo y carga / Servicios postales de pequeños paquetes y mensajería;78102202;Franqueos;SERVICIO DE CORRESPONDENCIA CARTAS CERTIFICADAS PARA EL SERVICIO DE SALUD OSORNO, AÑO 2024.;SERVICIO DE CORRESPONDENCIA CARTAS CERTIFICADAS PARA EL SERVICIO DE SALUD OSORNO, AÑO 2024.;1.0;;1000000.0;0.0;0.0
1077241-187-AG24;1;90101700;Servicios de Viajes, alimentación, alojamiento y entretenimiento / Restaurantes y catering / Servicios de cafetería;90101701;Gestión de cafetería;Jornada AM  Cantidad 30 personas:  bocados salados (ej. Sándwich queso-jamón, pastas, otros)  bocados dulces (ej. Trozo de torta, brownie, kuchen galletas, otros)  bolsas de frutos secos 35 grs  Porciones de brochetas de frutas mixtas  Café, té, leche, azúcar, endulzante, jugos diferentes, agua mineral individual.;;30.0;;3361.0;0.0;0.0
1057532-2164-SE24;1;72131700;Servicios de construcción y mantenimiento / Construcción de edificios en general / Construcción de obras civiles y infraestructuras;72131702;Construcción de obras civiles;_ Trabajo según OT N° 000008 en el mes de Diciembre 2024 (Pintura en pasillos sector Ex Seremi y Hall segundo piso);CONVENIO DE SERVICIOS DE MANTENCIÓN Y OBRAS MENORES DE LA INFRAESTRUCTURA DE LOS ESTABLECIMIENTOS DEPENDIENTES DEL SERVICIO DE SALUD OSORNO AÑO 2024 CONVENIO DE SERVICIOS DE MANTENCIÓN Y OBRAS MENORES DE LA INFRAESTRUCTURA DE LOS ESTABLECIMIENTOS DEP;1.0;;5423035.0;0.0;5423035.0
1057532-1221-AG24;1;73141700;Servicios de producción y fabricación industrial / Industrias de fibras, textiles y tejidos / Producción de telas y cueros;73141707;Servicios de fabricación de trajes, chaquetas o abrigos tejidos;-02 PARKAS IMPERMEABLES CON RELLENO DE PLUMA SINTETICA SPINLOFT:  Parka impermeable con relleno de pluma sintética Spinloft. Cómoda y liviana. Gorro desmontable.  Características:  - Impermeable.  - Pluma Sintética.  - Transpirable.  - Costuras Selladas.  Composición:  - Tela Exterior: 100% Poliéster.  - Tela Forro 1: 100% Nylon.  - Tela Forro 2: 100% Poliéster.  - Relleno: 100% Poliéster.  Desempeño:  - 10.000 mm Impermeabilidad.  - 10.000 g/m2 /24hrs. Transpirabilidad.  BORDADO según ETE adjuntas.;-02 PARKAS IMPERMEABLES CON RELLENO DE PLUMA SINTETICA SPINLOFT: Parka impermeable con relleno de pluma sintética Spinloft. Cómoda y liviana. Gorro desmontable. Características: Impermeable, pluma Sintética, transpirable, según ETE adjuntas.;2.0;;149635.0;0.0;0.0
1057532-1221-AG24;2;46181500;Equipos y suministros de defensa, orden público, protección y seguridad / Seguridad y protección personal / Ropa protectora de seguridad contra materias peligrosas;46181507;Chalecos de protección;-06 CHALECOS TIPO GEOLOGOS:  Chalecos tipo geólogos confeccionado tela polymicrofibra 100%poliester, textura aterciopelada y de impermeabilidad mediana, recubierto con capa poliuretano invisible, forro malla fina y respirable, múltiples bolsillos bolsillos con fuelle y tapa, velcro, reflectante plata 5 cm en hombros, bordado institucional frente y cargo en espalda, confección nacional. BORDADO SEGÚN ESPECIFICACIONES TÉCNICAS ADJUNTAS.;-06 CHALECOS TIPO GEOLOGOS:  Chalecos tipo geólogos confeccionado tela polymicrofibra 100% poliéster, textura aterciopelada y de impermeabilidad mediana, recubierto con capa poliuretano invisible, forro malla fina y respirable, según ETE adjuntas.;6.0;;31150.0;0.0;0.0
1057532-1221-AG24;3;73141700;Servicios de producción y fabricación industrial / Industrias de fibras, textiles y tejidos / Producción de telas y cueros;73141707;Servicios de fabricación de trajes, chaquetas o abrigos tejidos;-02 POLAR TÉRMICO RETENCIÓN DE CALOR CORPORAL:  Interior forrado de chiporro, puños elasticados y cierre frontal YKK  Membrana NO WIND interior(barrera contra el viento).Con bordado institucional.  BORDADO SEGÚN ESPECIFICACIONES TÉCNICAS ADJUNTAS.;-02 POLAR TÉRMICO RETENCIÓN DE CALOR CORPORAL:  Interior forrado de chiporro, puños elasticados y cierre frontal YKK  Membrana NO WIND interior(barrera contra el viento).Con bordado institucional. según ETE adjuntas.;2.0;;42350.0;0.0;0.0
1057532-18-CM25;1;0;;0;ESTACIÓN DE SERVICIO GASOLINA - REGIÓN DE LOS LAGOS DESCUENTO PESOS POR LITRO;(2237119) ESTACIÓN DE SERVICIO GASOLINA - REGIÓN DE LOS LAGOS DESCUENTO PESOS POR LITRO;(2237119) ESTACIÓN DE SERVICIO GASOLINA - REGIÓN DE LOS LAGOS DESCUENTO PESOS POR LITRO , Región Metropolitana de Santiago, Santiago, Direccion no aplica a productos virtuales, Descuento $40;1.0;;1121327.0;0.0;1121327.0
1057532-18-CM25;2;0;;0;ESTACIÓN DE SERVICIO DIESEL - REGIÓN DE LOS LAGOS DESCUENTO PESOS POR LITRO;(2237135) ESTACIÓN DE SERVICIO DIESEL - REGIÓN DE LOS LAGOS DESCUENTO PESOS POR LITRO;(2237135) ESTACIÓN DE SERVICIO DIESEL - REGIÓN DE LOS LAGOS DESCUENTO PESOS POR LITRO , Región Metropolitana de Santiago, Santiago, Direccion no aplica a productos virtuales, Descuento $54;1.0;;2525552.0;0.0;2525552.0
1057532-1807-AG24;1;80111500;Servicios profesionales, administrativos y consultorías de gestión empresarial / Servicios de recursos humanos / Consultorías para el desarrollo de recursos humanos;80111504;Formación, capacitación y entrenamiento de personal;JORNADA DE CAPACITACION INTERCULTURALIDAD EN SALUD, APROXIMACIONES LOCALES CON PERTINENCIA CULTURAL MAPUCHE HUILLICHE, PARA FUNCIONARIOS DE CENTRO DIURNO DE REHABILITACIÓN DE ADULTOS MAYORES CON DEMENCIA “KUMELEN”. SEGÚN ESPECIFICACIONES TÉCNICAS ADJUNTAS.;JORNADA DE CAPACITACION INTERCULTURALIDAD EN SALUD, APROXIMACIONES LOCALES CON PERTINENCIA CULTURAL MAPUCHE HUILLICHE, PARA FUNCIONARIOS DE CENTRO DIURNO DE REHABILITACIÓN DE ADULTOS MAYORES CON DEMENCIA “KUMELEN”.;1.0;;430000.0;0.0;0.0
1077241-198-AG24;1;82121500;Servicios editoriales, de diseño, publicidad, gráficos y artistas / Servicios de impresión y reproducción / Impresión;82121507;Impresión de papelería o formularios comerciales;Carnet Programa Cáncer Pulmonar, según características técnicas adjuntas.;;500.0;;550.0;0.0;0.0
1057532-2198-SE24;1;72131700;Servicios de construcción y mantenimiento / Construcción de edificios en general / Construcción de obras civiles y infraestructuras;72131702;Construcción de obras civiles;_ Trabajo según OT N° 000009 en el mes de Diciembre 2024 (Instalación de piso en sector Droguería.);CONVENIO DE SERVICIOS DE MANTENCIÓN Y OBRAS MENORES DE LA INFRAESTRUCTURA DE LOS ESTABLECIMIENTOS DEPENDIENTES DEL SERVICIO DE SALUD OSORNO AÑO 2024 CONVENIO DE SERVICIOS DE MANTENCIÓN Y OBRAS MENORES DE LA INFRAESTRUCTURA DE LOS ESTABLECIMIENTOS DEP;1.0;;2136620.168;0.0;2136620.168
1057532-912-CM24;1;0;;0;BOLSA DE BASURA IMPEKE PEQUEÑA 50X70 30 L ROLLO X 10 UNIDADES REGIÓN X;(1889017) BOLSA DE BASURA IMPEKE PEQUEÑA 50X70 30 L ROLLO X 10 UNIDADES REGIÓN X;(1889017) BOLSA DE BASURA IMPEKE PEQUEÑA 50X70 30 L ROLLO X 10 UNIDADES REGIÓN X , Región de los Lagos , Osorno, M.RODRIGUEZ N°759;1200.0;;312.0;0.0;374400.0
1057532-912-CM24;2;0;;0;CERA PARA PISOS TREMEX LÍQUIDA BOTELLA 900 ML AUTO BRILLO INCOLORA UNIDAD REGIÓN X;(1895715) CERA PARA PISOS TREMEX LÍQUIDA BOTELLA 900 ML AUTO BRILLO INCOLORA UNIDAD REGIÓN X;(1895715) CERA PARA PISOS TREMEX LÍQUIDA BOTELLA 900 ML AUTO BRILLO INCOLORA UNIDAD REGIÓN X , Región de los Lagos , Osorno, M.RODRIGUEZ N°759;192.0;;1996.0;0.0;383232.0
1057532-912-CM24;3;0;;0;ESCOBILLÓN VIRUTEX PRO USO INTERIOR FIBRA MEDIA MANGO METÁLICO 30 CM UNIDAD REGIÓN X;(1902039) ESCOBILLÓN VIRUTEX PRO USO INTERIOR FIBRA MEDIA MANGO METÁLICO 30 CM UNIDAD REGIÓN X;(1902039) ESCOBILLÓN VIRUTEX PRO USO INTERIOR FIBRA MEDIA MANGO METÁLICO 30 CM UNIDAD REGIÓN X , Región de los Lagos , Osorno, M.RODRIGUEZ N°759;40.0;;1768.0;0.0;70720.0
1057532-912-CM24;4;0;;0;PALA DE ASEO VIRUTEX PRO PLÁSTICA MANGO LARGO 80 CM UNIDAD REGIÓN X;(1913650) PALA DE ASEO VIRUTEX PRO PLÁSTICA MANGO LARGO 80 CM UNIDAD REGIÓN X;(1913650) PALA DE ASEO VIRUTEX PRO PLÁSTICA MANGO LARGO 80 CM UNIDAD REGIÓN X , Región de los Lagos , Osorno, M.RODRIGUEZ N°759;80.0;;1703.0;0.0;136240.0
1057532-912-CM24;5;0;;0;ESPONJA FIBRO CHILE NO RAYA C/FIBRA ABRASIVA UNIDAD REGIÓN X;(1903144) ESPONJA FIBRO CHILE NO RAYA C/FIBRA ABRASIVA UNIDAD REGIÓN X;(1903144) ESPONJA FIBRO CHILE NO RAYA C/FIBRA ABRASIVA UNIDAD REGIÓN X , Región de los Lagos , Osorno, M.RODRIGUEZ N°759;640.0;;411.0;0.0;263040.0
1057532-912-CM24;6;0;;0;DESENGRASANTE COCINA TREMEX MULTIUSO CREMA ANTIGRASA 750 ML UNIDAD REGIÓN X;(1945379) DESENGRASANTE COCINA TREMEX MULTIUSO CREMA ANTIGRASA 750 ML UNIDAD REGIÓN X;(1945379) DESENGRASANTE COCINA TREMEX MULTIUSO CREMA ANTIGRASA 750 ML UNIDAD REGIÓN X , Región de los Lagos , Osorno, M.RODRIGUEZ N°759;320.0;;1712.0;0.0;547840.0
1057532-912-CM24;7;0;;0;LAVALOZAS CONCENTRADO LAVADO MANUAL VIRGINIA ANTIGRASA CÍTRICO 750 ML UNIDAD REGIÓN X;(1909332) LAVALOZAS CONCENTRADO LAVADO MANUAL VIRGINIA ANTIGRASA CÍTRICO 750 ML UNIDAD REGIÓN X;(1909332) LAVALOZAS CONCENTRADO LAVADO MANUAL VIRGINIA ANTIGRASA CÍTRICO 750 ML UNIDAD REGIÓN X , Región de los Lagos , Osorno, M.RODRIGUEZ N°759;384.0;;1091.0;0.0;418944.0
1057532-912-CM24;8;0;;0;CLORO CONCENTRADO IMPEKE 5% 1000 ML UNIDAD REGIÓN X;(1896548) CLORO CONCENTRADO IMPEKE 5% 1000 ML UNIDAD REGIÓN X;(1896548) CLORO CONCENTRADO IMPEKE 5% 1000 ML UNIDAD REGIÓN X , Región de los Lagos , Osorno, M.RODRIGUEZ N°759;160.0;;693.0;0.0;110880.0
1057532-912-CM24;9;0;;0;DESINFECTANTE SUPERFICIES EN AEROSOL IGENIX ANTIBACTERIAL 360 ML UNIDAD REGIÓN X;(1931421) DESINFECTANTE SUPERFICIES EN AEROSOL IGENIX ANTIBACTERIAL 360 ML UNIDAD REGIÓN X;(1931421) DESINFECTANTE SUPERFICIES EN AEROSOL IGENIX ANTIBACTERIAL 360 ML UNIDAD REGIÓN X , Región de los Lagos , Osorno, M.RODRIGUEZ N°759;800.0;;1628.0;0.0;1302400.0
1057532-912-CM24;10;0;;0;PAÑO ABSORBENTE MULTIUSO IGENIX DESINFECTANTE PAQUETE DE 35 UNIDADES REGIÓN X;(1917475) PAÑO ABSORBENTE MULTIUSO IGENIX DESINFECTANTE PAQUETE DE 35 UNIDADES REGIÓN X;(1917475) PAÑO ABSORBENTE MULTIUSO IGENIX DESINFECTANTE PAQUETE DE 35 UNIDADES REGIÓN X , Región de los Lagos , Osorno, M.RODRIGUEZ N°759;560.0;;1672.0;0.0;936320.0
1057532-912-CM24;11;0;;0;LIMPIADOR DE PISOS TREMEX CONCENTRADO MULTIUSO BOTELLA 900 ML UNIDAD REGIÓN X;(1911151) LIMPIADOR DE PISOS TREMEX CONCENTRADO MULTIUSO BOTELLA 900 ML UNIDAD REGIÓN X;(1911151) LIMPIADOR DE PISOS TREMEX CONCENTRADO MULTIUSO BOTELLA 900 ML UNIDAD REGIÓN X , Región de los Lagos , Osorno, M.RODRIGUEZ N°759;400.0;;932.0;0.0;372800.0
1057532-912-CM24;12;0;;0;CLORO GEL  TREMEX SIN AROMA BOTELLA 900 ML UNIDAD REGIÓN X;(1945345) CLORO GEL  TREMEX SIN AROMA BOTELLA 900 ML UNIDAD REGIÓN X;(1945345) CLORO GEL  TREMEX SIN AROMA BOTELLA 900 ML UNIDAD REGIÓN X , Región de los Lagos , Osorno, M.RODRIGUEZ N°759;384.0;;1722.0;0.0;661248.0
1057532-912-CM24;13;0;;0;TRAPERO REUTILIZABLE IGENIX DESINFECTANTE C/ OJAL 40X60 CM PAQUETE 10 UNIDADES REGIÓN X;(1926264) TRAPERO REUTILIZABLE IGENIX DESINFECTANTE C/ OJAL 40X60 CM PAQUETE 10 UNIDADES REGIÓN X;(1926264) TRAPERO REUTILIZABLE IGENIX DESINFECTANTE C/ OJAL 40X60 CM PAQUETE 10 UNIDADES REGIÓN X , Región de los Lagos , Osorno, M.RODRIGUEZ N°759;560.0;;2372.0;0.0;1328320.0
1057532-912-CM24;14;0;;0;LIMPIADOR DE PISOS TREMEX AMONIACLORO BIDÓN 5000 ML UNIDAD REGIÓN X;(1945481) LIMPIADOR DE PISOS TREMEX AMONIACLORO BIDÓN 5000 ML UNIDAD REGIÓN X;(1945481) LIMPIADOR DE PISOS TREMEX AMONIACLORO BIDÓN 5000 ML UNIDAD REGIÓN X , Región de los Lagos , Osorno, M.RODRIGUEZ N°759;96.0;;7070.0;0.0;678720.0
1057532-912-CM24;15;0;;0;LÍQUIDO LIMPIAVIDRIOS TREMEX BOTELLA C/PULVERIZADOR 500 CC UNIDAD REGIÓN X;(1912443) LÍQUIDO LIMPIAVIDRIOS TREMEX BOTELLA C/PULVERIZADOR 500 CC UNIDAD REGIÓN X;(1912443) LÍQUIDO LIMPIAVIDRIOS TREMEX BOTELLA C/PULVERIZADOR 500 CC UNIDAD REGIÓN X , Región de los Lagos , Osorno, M.RODRIGUEZ N°759;96.0;;2037.0;0.0;195552.0
1057532-912-CM24;16;0;;0;GUANTES DE LIMPIEZA TRESOR MULTIUSO GAMUZADO TALLA S PAR REGIÓN X;(1906901) GUANTES DE LIMPIEZA TRESOR MULTIUSO GAMUZADO TALLA S PAR REGIÓN X;(1906901) GUANTES DE LIMPIEZA TRESOR MULTIUSO GAMUZADO TALLA S PAR REGIÓN X , Región de los Lagos , Osorno, M.RODRIGUEZ N°759;192.0;;459.0;0.0;88128.0
1057532-912-CM24;17;0;;0;GUANTES DE LIMPIEZA IMPEKE MULTIUSO GAMUZADO TALLA L PAR REGIÓN X;(1906510) GUANTES DE LIMPIEZA IMPEKE MULTIUSO GAMUZADO TALLA L PAR REGIÓN X;(1906510) GUANTES DE LIMPIEZA IMPEKE MULTIUSO GAMUZADO TALLA L PAR REGIÓN X , Región de los Lagos , Osorno, M.RODRIGUEZ N°759;192.0;;692.0;0.0;132864.0
1057532-912-CM24;18;0;;0;GUANTES DE LIMPIEZA TRESOR MULTIUSO GAMUZADO TALLA M PAR REGIÓN X;(1906884) GUANTES DE LIMPIEZA TRESOR MULTIUSO GAMUZADO TALLA M PAR REGIÓN X;(1906884) GUANTES DE LIMPIEZA TRESOR MULTIUSO GAMUZADO TALLA M PAR REGIÓN X , Región de los Lagos , Osorno, M.RODRIGUEZ N°759;192.0;;459.0;0.0;88128.0
1057532-2121-AG24;1;53131600;Ropa, maletas y productos de aseo personal / Artículos de baño o tocador / Artículos de baño y cuerpo;53131615;Productos de higiene femenina;14 Pack de al menos 30 unidades de toallas higiénicas, de empaque individual, tela suave, sin aroma, diurna.;;14.0;;4520.0;0.0;0.0
1057532-2121-AG24;2;53131600;Ropa, maletas y productos de aseo personal / Artículos de baño o tocador / Artículos de baño y cuerpo;53131615;Productos de higiene femenina;Pack de al menos 30 unidades de toallas higiénicas, de empaque individual, tela suave, sin aroma, nocturna.;;14.0;;5250.0;0.0;0.0
1057532-2121-AG24;3;53131600;Ropa, maletas y productos de aseo personal / Artículos de baño o tocador / Artículos de baño y cuerpo;53131615;Productos de higiene femenina;Calzón menstrual talla S, material sobre el 90% algodón, que contenga al menos 4 capas de contención de flujo.;Calzón menstrual talla S, material sobre el 90% algodón, que contenga al menos 4 capas de contención de flujo.;7.0;;14000.0;0.0;0.0
1057532-2121-AG24;4;53131600;Ropa, maletas y productos de aseo personal / Artículos de baño o tocador / Artículos de baño y cuerpo;53131615;Productos de higiene femenina;"Pack de al menos 2 toallas higiénicas de tela, composición sobre el 90% algodón, con al menos 3 capas de contención de flujo, tamaño ""normal""";;14.0;;4820.0;0.0;0.0
1057532-2121-AG24;5;42251600;Equipamiento y suministros médicos / Productos de rehabilitación, terapia ocupacional y física / Equipo y dispositivos para ejercicios de rehabilitación;42251617;Cojines de asiento terapéuticos o accesorios;Bolsa de tela de algodón o lino, grueso, color crudo, relleno de semillas para uso de calor o frío, separadas en columnas (referencia imagen), con aroma a lavanda. Forma rectangular, tamaño 20x15cm;;14.0;;4650.0;0.0;0.0
1057532-2121-AG24;6;31261500;Artículos de fabricación y producción / Cubiertas, cajas y envoltorios / Cubiertas y cajas;31261501;Cubiertas y cajas de plástico;Caja de plastico rigido, resistente, de aproximadamente 31 cm x 20,5 cm x 20 cm, rectangular, volumen entre 9 a 10 litros, capacidad de al menos 15 kg. Con tapa plastica rígida, con broches cierre para asegurar y manilla transportadora. Medidas son referenciales, pueden variar dependiendo de la marca y diseño.;;7.0;;6890.0;0.0;0.0
1057922-200-CM24;1;0;;0;AIRE ACONDICIONADO KHONE SPLIT INVERTER 18000 BTU/H UNIDAD REGIÓN X;(2065152) AIRE ACONDICIONADO KHONE SPLIT INVERTER 18000 BTU/H UNIDAD REGIÓN X;(2065152) AIRE ACONDICIONADO KHONE SPLIT INVERTER 18000 BTU/H UNIDAD REGIÓN X , Región de los Lagos , Osorno, M.RODRIGUEZ N°759;4.0;;456169.0;0.0;1824676.0
1057922-200-CM24;2;0;;0;"BOMBA DE AGUA INGCO ELECTROBOMBA 550 W 1"" UNIDAD REGIÓN X";"(2073924) BOMBA DE AGUA INGCO ELECTROBOMBA 550 W 1"" UNIDAD REGIÓN X";"(2073924) BOMBA DE AGUA INGCO ELECTROBOMBA 550 W 1"" UNIDAD REGIÓN X , Región de los Lagos , Osorno, M.RODRIGUEZ N°759";4.0;;89605.0;0.0;358420.0
1057922-200-CM24;3;0;;0;PERFIL ACERO PERFIMET ÁNGULO 30X30X3 MM 6 M UNIDAD REGIÓN X;(2172932) PERFIL ACERO PERFIMET ÁNGULO 30X30X3 MM 6 M UNIDAD REGIÓN X;(2172932) PERFIL ACERO PERFIMET ÁNGULO 30X30X3 MM 6 M UNIDAD REGIÓN X , Región de los Lagos , Osorno, M.RODRIGUEZ N°759;8.0;;9261.0;0.0;74088.0
1057532-2101-AG24;1;44122000;Equipos, accesorios y suministros de oficina / Suministros de oficina / Carpetas de archivo y separadores;44122017;Carpetas colgantes o accesorios;CARPETA CON FUNDA TAMAÑO CARTA;;10.0;;1101.0;0.0;0.0
1057532-2101-AG24;2;44122000;Equipos, accesorios y suministros de oficina / Suministros de oficina / Carpetas de archivo y separadores;44122017;Carpetas colgantes o accesorios;CARPETA PLASTIFICADA C/ESPIRAL, T/ OFICIO;;250.0;;395.0;0.0;0.0
1057532-2101-AG24;3;31201500;Artículos de fabricación y producción / Cintas adhesivas y selladores / Cinta adhesiva;31201512;Cinta Transparente;CINTA ADHESIVA P/EMBALAJE 48 M/M X 40 MTS.;;250.0;;347.0;0.0;0.0
1057532-2101-AG24;4;44122100;Equipos, accesorios y suministros de oficina / Suministros de oficina / Suministros de sujeción;44122101;Gomas elásticas;ELASTICOS BLANCO BOLSA X 50 GR. APROX. (100 gr.);;250.0;;375.0;0.0;0.0
1057532-2101-AG24;5;44121700;Equipos, accesorios y suministros de oficina / Suministros de oficina / Instrumentos de escritura;44121708;Marcadores;LIPIZ SIMILAR (SHARPIE) COLOR NEGRO;;60.0;;589.0;0.0;0.0
1077241-116-AG24;1;78131600;Servicios de transporte, almacenaje y correo / Almacenaje / Almacenaje de mercancía en general;78131603;Bodegaje de muebles o mobiliario;2 bodegas tipo jardin, segun especificaciones técnicas;2 bodegas tipo jardin, segun especificaciones técnicas;2.0;;225000.0;0.0;0.0
1057532-2071-SE24;1;80111500;Servicios profesionales, administrativos y consultorías de gestión empresarial / Servicios de recursos humanos / Consultorías para el desarrollo de recursos humanos;80111504;Formación, capacitación y entrenamiento de personal;CURSO HERRAMIENTAS PARA LA IMPLEMENTACIÓN DEL MODELO DE ATENCIÓN CENTRADO EN LAS PERSONAS CON MULTIMORBILIDAD CRÓNICA, PARA 46 CUPOS.;CURSO HERRAMIENTAS PARA LA IMPLEMENTACIÓN DEL MODELO DE ATENCIÓN CENTRADO EN LAS PERSONAS CON MULTIMORBILIDAD CRÓNICA, PARA 46 CUPOS.;1.0;;4900000.0;0.0;4900000.0
1057532-2071-SE24;2;80111500;Servicios profesionales, administrativos y consultorías de gestión empresarial / Servicios de recursos humanos / Consultorías para el desarrollo de recursos humanos;80111504;Formación, capacitación y entrenamiento de personal;CURSO ELEMENTOS BÁSICOS DE LA GESTIÓN DE CASOS EN PERSONAS CON CONDICIONES CRÓNICAS DE SALUD, PARA 16 CUPOS.;CURSO ELEMENTOS BÁSICOS DE LA GESTIÓN DE CASOS EN PERSONAS CON CONDICIONES CRÓNICAS DE SALUD, PARA 16 CUPOS.;1.0;;2900000.0;0.0;2900000.0
1057532-2071-SE24;3;80111500;Servicios profesionales, administrativos y consultorías de gestión empresarial / Servicios de recursos humanos / Consultorías para el desarrollo de recursos humanos;80111504;Formación, capacitación y entrenamiento de personal;CURSO PROFUNDIZACIÓN EN MODELO DE ATENCIÓN CENTRADO EN LAS PERSONAS CON MULTIMORBILIDAD CRÓNICA, PARA 16 CUPOS.;CURSO PROFUNDIZACIÓN EN MODELO DE ATENCIÓN CENTRADO EN LAS PERSONAS CON MULTIMORBILIDAD CRÓNICA, PARA 16 CUPOS.;1.0;;2900000.0;0.0;2900000.0
1057532-2071-SE24;4;80111500;Servicios profesionales, administrativos y consultorías de gestión empresarial / Servicios de recursos humanos / Consultorías para el desarrollo de recursos humanos;80111504;Formación, capacitación y entrenamiento de personal;CURSO ELEMENTOS CONCEPTUALES PARA EL APOYO AL AUTOMANEJO EN PERSONAS CON CONDICIONES CRÓNICAS PARA TENS, PARA 16 CUPOS.;CURSO ELEMENTOS CONCEPTUALES PARA EL APOYO AL AUTOMANEJO EN PERSONAS CON CONDICIONES CRÓNICAS PARA TENS, PARA 16 CUPOS.;1.0;;2900000.0;0.0;2900000.0
1057532-2232-SE24;1;72131700;Servicios de construcción y mantenimiento / Construcción de edificios en general / Construcción de obras civiles y infraestructuras;72131702;Construcción de obras civiles;MUEBLE VANITORIO DOBLE 121 cm CHOCOLATE REF:SENSI DACQUA Cód. del producto: 110165569;CONVENIO DE SERVICIOS DE MANTENCIÓN Y OBRAS MENORES DE LA INFRAESTRUCTURA DE LOS ESTABLECIMIENTOS DEPENDIENTES DEL SERVICIO DE SALUD OSORNO AÑO 2024 CONVENIO DE SERVICIOS DE MANTENCIÓN Y OBRAS MENORES DE LA INFRAESTRUCTURA DE LOS ESTABLECIMIENTOS DEP;1.0;;400000.0;0.0;400000.0
1057532-2232-SE24;2;72131700;Servicios de construcción y mantenimiento / Construcción de edificios en general / Construcción de obras civiles y infraestructuras;72131702;Construcción de obras civiles;MUEBLE VANITORIO SIMPLE 60 cm  CHOCOLATE REF: SENCI DACQUA Cód. del producto: 110181198;CONVENIO DE SERVICIOS DE MANTENCIÓN Y OBRAS MENORES DE LA INFRAESTRUCTURA DE LOS ESTABLECIMIENTOS DEPENDIENTES DEL SERVICIO DE SALUD OSORNO AÑO 2024 CONVENIO DE SERVICIOS DE MANTENCIÓN Y OBRAS MENORES DE LA INFRAESTRUCTURA DE LOS ESTABLECIMIENTOS DEP;1.0;;350000.0;0.0;350000.0
1057532-2232-SE24;3;72131700;Servicios de construcción y mantenimiento / Construcción de edificios en general / Construcción de obras civiles y infraestructuras;72131702;Construcción de obras civiles;Cambio de flexible lavamanos/WC/Lavaplatos, calidad certificada por Cesmec (REF:Stretto, Nibsa, Comisa);CONVENIO DE SERVICIOS DE MANTENCIÓN Y OBRAS MENORES DE LA INFRAESTRUCTURA DE LOS ESTABLECIMIENTOS DEPENDIENTES DEL SERVICIO DE SALUD OSORNO AÑO 2024 CONVENIO DE SERVICIOS DE MANTENCIÓN Y OBRAS MENORES DE LA INFRAESTRUCTURA DE LOS ESTABLECIMIENTOS DEP;5.0;;12500.0;0.0;62500.0
1057532-2232-SE24;4;72131700;Servicios de construcción y mantenimiento / Construcción de edificios en general / Construcción de obras civiles y infraestructuras;72131702;Construcción de obras civiles;Cambio de Sifón Lavamanos PVC (REF:Stretto, Vinilit, Fluidmaster, Nibsa);CONVENIO DE SERVICIOS DE MANTENCIÓN Y OBRAS MENORES DE LA INFRAESTRUCTURA DE LOS ESTABLECIMIENTOS DEPENDIENTES DEL SERVICIO DE SALUD OSORNO AÑO 2024 CONVENIO DE SERVICIOS DE MANTENCIÓN Y OBRAS MENORES DE LA INFRAESTRUCTURA DE LOS ESTABLECIMIENTOS DEP;2.0;;25000.0;0.0;50000.0
1057532-2232-SE24;5;72131700;Servicios de construcción y mantenimiento / Construcción de edificios en general / Construcción de obras civiles y infraestructuras;72131702;Construcción de obras civiles;Sellado de lavamanos/lavaplatos/lavaderos Silicona Blanca Para Baño Y Cocina Antihongo  (REF:Sika, Lanco, Agorex);CONVENIO DE SERVICIOS DE MANTENCIÓN Y OBRAS MENORES DE LA INFRAESTRUCTURA DE LOS ESTABLECIMIENTOS DEPENDIENTES DEL SERVICIO DE SALUD OSORNO AÑO 2024 CONVENIO DE SERVICIOS DE MANTENCIÓN Y OBRAS MENORES DE LA INFRAESTRUCTURA DE LOS ESTABLECIMIENTOS DEP;2.0;;15000.0;0.0;30000.0
1057532-2232-SE24;6;72131700;Servicios de construcción y mantenimiento / Construcción de edificios en general / Construcción de obras civiles y infraestructuras;72131702;Construcción de obras civiles;Sellado de inodoro Silicona Blanca Para Baño Y Cocina Antihongo  (REF:Sika, Lanco, Agorex);CONVENIO DE SERVICIOS DE MANTENCIÓN Y OBRAS MENORES DE LA INFRAESTRUCTURA DE LOS ESTABLECIMIENTOS DEPENDIENTES DEL SERVICIO DE SALUD OSORNO AÑO 2024 CONVENIO DE SERVICIOS DE MANTENCIÓN Y OBRAS MENORES DE LA INFRAESTRUCTURA DE LOS ESTABLECIMIENTOS DEP;2.0;;15000.0;0.0;30000.0
1057532-2232-SE24;7;72131700;Servicios de construcción y mantenimiento / Construcción de edificios en general / Construcción de obras civiles y infraestructuras;72131702;Construcción de obras civiles;Reemplazo de Monomando lavamanos (certificación ISO 9001 y Cesmec) (mod. Estandar);CONVENIO DE SERVICIOS DE MANTENCIÓN Y OBRAS MENORES DE LA INFRAESTRUCTURA DE LOS ESTABLECIMIENTOS DEPENDIENTES DEL SERVICIO DE SALUD OSORNO AÑO 2024 CONVENIO DE SERVICIOS DE MANTENCIÓN Y OBRAS MENORES DE LA INFRAESTRUCTURA DE LOS ESTABLECIMIENTOS DEP;3.0;;46000.0;0.0;138000.0
1057532-2232-SE24;8;72131700;Servicios de construcción y mantenimiento / Construcción de edificios en general / Construcción de obras civiles y infraestructuras;72131702;Construcción de obras civiles;Reemplazo de Wc tamaño mediano estandar con doble capacidad de descarga (4 y 6 litros) (REF:Fanaloza, Vessanti, o similar);CONVENIO DE SERVICIOS DE MANTENCIÓN Y OBRAS MENORES DE LA INFRAESTRUCTURA DE LOS ESTABLECIMIENTOS DEPENDIENTES DEL SERVICIO DE SALUD OSORNO AÑO 2024 CONVENIO DE SERVICIOS DE MANTENCIÓN Y OBRAS MENORES DE LA INFRAESTRUCTURA DE LOS ESTABLECIMIENTOS DEP;3.0;;159990.0;0.0;479970.0
1057532-2232-SE24;9;72131700;Servicios de construcción y mantenimiento / Construcción de edificios en general / Construcción de obras civiles y infraestructuras;72131702;Construcción de obras civiles;Retiro piso cerámico / porcelanato;CONVENIO DE SERVICIOS DE MANTENCIÓN Y OBRAS MENORES DE LA INFRAESTRUCTURA DE LOS ESTABLECIMIENTOS DEPENDIENTES DEL SERVICIO DE SALUD OSORNO AÑO 2024 CONVENIO DE SERVICIOS DE MANTENCIÓN Y OBRAS MENORES DE LA INFRAESTRUCTURA DE LOS ESTABLECIMIENTOS DEP;3.24;;4500.0;0.0;14580.000000000002
1057532-2232-SE24;10;72131700;Servicios de construcción y mantenimiento / Construcción de edificios en general / Construcción de obras civiles y infraestructuras;72131702;Construcción de obras civiles;Suministro e Instalación de Espejo con marco de aluminio (m²);CONVENIO DE SERVICIOS DE MANTENCIÓN Y OBRAS MENORES DE LA INFRAESTRUCTURA DE LOS ESTABLECIMIENTOS DEPENDIENTES DEL SERVICIO DE SALUD OSORNO AÑO 2024 CONVENIO DE SERVICIOS DE MANTENCIÓN Y OBRAS MENORES DE LA INFRAESTRUCTURA DE LOS ESTABLECIMIENTOS DEP;2.1;;75000.0;0.0;157500.0
1057532-2232-SE24;11;72131700;Servicios de construcción y mantenimiento / Construcción de edificios en general / Construcción de obras civiles y infraestructuras;72131702;Construcción de obras civiles;Cubrejuntas piso bronce (REF:Holztek);CONVENIO DE SERVICIOS DE MANTENCIÓN Y OBRAS MENORES DE LA INFRAESTRUCTURA DE LOS ESTABLECIMIENTOS DEPENDIENTES DEL SERVICIO DE SALUD OSORNO AÑO 2024 CONVENIO DE SERVICIOS DE MANTENCIÓN Y OBRAS MENORES DE LA INFRAESTRUCTURA DE LOS ESTABLECIMIENTOS DEP;2.0;;14500.0;0.0;29000.0
1057532-2232-SE24;12;72131700;Servicios de construcción y mantenimiento / Construcción de edificios en general / Construcción de obras civiles y infraestructuras;72131702;Construcción de obras civiles;Pintura Esmalte al Agua (Calidad de referencia: Sherwin Williams, Tricolor, Soquina o calidad similar);CONVENIO DE SERVICIOS DE MANTENCIÓN Y OBRAS MENORES DE LA INFRAESTRUCTURA DE LOS ESTABLECIMIENTOS DEPENDIENTES DEL SERVICIO DE SALUD OSORNO AÑO 2024 CONVENIO DE SERVICIOS DE MANTENCIÓN Y OBRAS MENORES DE LA INFRAESTRUCTURA DE LOS ESTABLECIMIENTOS DEP;38.71;;14500.0;0.0;561295.0
1057532-2232-SE24;13;72131700;Servicios de construcción y mantenimiento / Construcción de edificios en general / Construcción de obras civiles y infraestructuras;72131702;Construcción de obras civiles;Pintura Esmalte al Agua (Calidad de referencia: Sherwin Williams, Tricolor, Soquina o calidad similar);CONVENIO DE SERVICIOS DE MANTENCIÓN Y OBRAS MENORES DE LA INFRAESTRUCTURA DE LOS ESTABLECIMIENTOS DEPENDIENTES DEL SERVICIO DE SALUD OSORNO AÑO 2024 CONVENIO DE SERVICIOS DE MANTENCIÓN Y OBRAS MENORES DE LA INFRAESTRUCTURA DE LOS ESTABLECIMIENTOS DEP;11.58;;14500.0;0.0;167910.0
1057532-2091-SE24;1;80111500;Servicios profesionales, administrativos y consultorías de gestión empresarial / Servicios de recursos humanos / Consultorías para el desarrollo de recursos humanos;80111504;Formación, capacitación y entrenamiento de persona;CURSO PROGRAMA DE REANIMACIÓN NEONATAL (PRN) PARA 15 CUPOS;CURSO PROGRAMA DE REANIMACIÓN NEONATAL (PRN) PARA 15 CUPOS;1.0;;2925000.0;0.0;2925000.0
1057532-2168-AG24;1;73141700;Servicios de producción y fabricación industrial / Industrias de fibras, textiles y tejidos / Producción de telas y cueros;73141707;Servicios de fabricación de trajes, chaquetas o abrigos tejidos;Parkas de acuerdo a especificaciones técnicas adjuntas;;19.0;;53809.0;0.0;0.0
1057532-530-AG24;1;47131800;Equipos y suministros de limpieza / Suministros de limpieza / Soluciones de limpieza y desinfección;47131803;Desinfectantes domésticos;CLORO GEL SIN AROMA BOTELLA 900 ML UNIDAD;;100.0;;898.0;0.0;0.0
1057532-530-AG24;2;47121600;Equipos y suministros de limpieza / Equipo de limpieza / Máquinas y accesorios para suelos;47121605;Limpiadores de suelo;LIMPIADOR DE PISOS CONCENTRADO MULTIUSO BOTELLA 900 ML UNIDAD;;100.0;;920.0;0.0;0.0
1057532-530-AG24;3;42281700;Equipamiento y suministros médicos / Productos para la esterilización médica / Soluciones y equipo de limpieza pre-esterilización;42281704;Detergentes o limpiadores de instrumentos;LAVALOZAS CONCENTRADO LAVADO MANUAL ANTIGRASA CÍTRICO 750 ML UNIDAD;;100.0;;1050.0;0.0;0.0
1057532-530-AG24;4;47131800;Equipos y suministros de limpieza / Suministros de limpieza / Soluciones de limpieza y desinfección;47131803;Desinfectantes domésticos;DESINFECTANTE SUPERFICIES EN AEROSOL ANTIBACTERIAL 360 ML UNIDAD;;50.0;;1690.0;0.0;0.0
1057532-530-AG24;5;53131600;Ropa, maletas y productos de aseo personal / Artículos de baño o tocador / Artículos de baño y cuerpo;53131608;Jabones;JABÓN NEUTRO-GLICERINA LÍQUIDO DOYPACK 1000 ML UNIDAD;;100.0;;1719.0;0.0;0.0
1057532-530-AG24;6;47131600;Equipos y suministros de limpieza / Suministros de limpieza / Escobas, traperos, cepillos y accesorios;47131602;Paños de limpieza absorbente;PAÑO ABSORBENTE MULTIUSO FIBRO CELULOSA PAQUETE DE 6 UNIDADES;;20.0;;2464.0;0.0;0.0
1057532-2221-AG24;1;80111500;Servicios profesionales, administrativos y consultorías de gestión empresarial / Servicios de recursos humanos / Consultorías para el desarrollo de recursos humanos;80111504;Formación, capacitación y entrenamiento de personal;CURSO PROGRAMA DE CAPACITACIÓN PARA 100 PERSONAS POR 2 DÍAS, DE ACUERDO A COMPRA ÁGIL 1057532-884-COT24;CURSO PROGRAMA DE CAPACITACIÓN PARA 100 PERSONAS POR 2 DÍAS, DE ACUERDO A COMPRA ÁGIL 1057532-884-COT24;1.0;;1740000.0;0.0;0.0
1057532-1794-AG23;1;50181900;Alimentos, bebidas y tabaco / Productos de panadería / Pan, galletas y pastelitos dulces;50181901;Pan fresco;PAN FRESCO CORRIENTE / 2 KILOS DIARIOS A ENTREGAR /TOTAL AÑO 2024// 732 KILOS;;732.0;;2100.0;0.0;0.0
1077241-101-AG24;1;31201600;Artículos de fabricación y producción / Cintas adhesivas y selladores / Adhesivos y selladores;31201611;Adhesivos de láminas;-01 Resma Adhesivos de lamina:  -Adhesivos de lamina   para termolaminar.  -Poucher tamaño carta.   -125 micas.  Según Cotización del Proveedor Adjunta.;-01 Resma Adhesivos de lamina:  -Adhesivos de lamina   para termolaminar.  -Poucher tamaño carta.   -125 micas.;1.0;;18000.0;0.0;0.0
1057532-1144-SE24;1;86101800;Educación, formación, entrenamiento y capacitación / Formación profesional / Desarrollo de recursos humanos;86101808;Desarrollo de recursos humanos en el sector público;PROGRAMA DE COACHING PARA JEFATURAS INTERMEDIAS;PROGRAMA DE COACHING PARA JEFATURAS INTERMEDIAS PARA 25 CUPOS/60 HORAS PEDAGÓGICAS POR CUPO//;1.0;;11580000.0;0.0;11580000.0
1057532-1402-AG24;1;90101700;Servicios de Viajes, alimentación, alojamiento y entretenimiento / Restaurantes y catering / Servicios de cafetería;90101701;Gestión de cafetería;COFFE BREAK Mañana, 10:30 a 11:00 aprox, (fecha y lugar de la actividad a confirmar, Entre Octubre y Noviembre 2024);Servicio de Cafeteria;70.0;;2700.0;0.0;0.0
1057532-1402-AG24;2;90101700;Servicios de Viajes, alimentación, alojamiento y entretenimiento / Restaurantes y catering / Servicios de cafetería;90101701;Gestión de cafetería;COFFE BREAK tarde, 15:30 a 16:00 aprox, (fecha y lugar de la actividad a confirmar, Entre Octubre y Noviembre 2024 );Servicio de Cafeteria;35.0;;2300.0;0.0;0.0
1077241-117-AG24;1;30151900;Artículos para estructuras, obras y construcciones / Materiales para terminaciones exteriores / Materiales para acabado;30151901;Toldos;1 TOLDO VELA 9X7 MTS;1 TOLDO VELA 9X7 MTS;1.0;;800000.0;0.0;0.0
1077241-134-AG24;1;44121600;Equipos, accesorios y suministros de oficina / Suministros de oficina / Suministros de escritorio;44121604;Timbres y sellos;4 Timbre ITOS SSO 	- medida 3.5 cm  3 Timbres FOS	- medida 3.5 cm;4 Timbre ITOS SSO 	- medida 3.5 cm  3 Timbres FOS	- medida 3.5 cm;7.0;;18500.0;0.0;0.0
1057532-964-AG24;1;72102300;Servicios de construcción y mantenimiento / Servicios de atención, mantenimiento y reparaciones de edificios / Gasfitería, calefacción y aire acondicionado;72102301;Supervisión de instalación, ajuste o mantenimiento de calderas;Pruebas Reglamentarias e Inscripción en SEREMI de Salud de Caldera para Calefacción de Base SAMU, Decreto 10/12 del Ministerio de Salud. / Según Especificaciones Adjuntas;;1.0;;280000.0;0.0;0.0
1057532-1779-AG24;1;90111500;Servicios de Viajes, alimentación, alojamiento y entretenimiento / Instalaciones hoteleras, alojamientos y centros de eventos / Hoteles, moteles y hostales;90111501;Hoteles;Se requiere Contratar Alojamiento que incluya desayuno, Almuerzo y cena, para 2 personas, 2 noches:  Noche (1) 6/noviembre                              Noche (2) 7/ noviembre. Debe contar con desayuno, Almuerzo para ambos dias y cena para el día 6 de noviembre 6.  se requiere adjuntar fotografias.;Alojamiento;2.0;;146218.0;0.0;0.0
1057532-2233-AG24;1;51141700;Medicamentos y productos farmacéuticos / Medicamentos para el sistema nervioso central / Agentes antipsicóticos;51141704;Risperidona;Risperidona 25 mg Polvo para Suspensión Inyectable de Liberación prolongada, ficha técnica y vencimiento igual o superior a 12 meses.;Cod418203 Risperdal Consta risperidona 25 mg. Presentación: 1 Frasco Ampolla. ISP:F-13502 Venc 31-08-2026 Despacho regiones 48 hrs.;35.0;;62294.0;0.0;0.0
1057532-2233-AG24;2;51141700;Medicamentos y productos farmacéuticos / Medicamentos para el sistema nervioso central / Agentes antipsicóticos;51141704;Risperidona;Risperidona 37.5 mg Polvo para Suspensión Inyectable de Liberación prolongada, ficha técnica y vencimiento igual o superior a 12 meses.;Cod.418204 Risperdal 37.5 mg. Consta risperidona ISP: F-13503 Venc 28-02-2026 Despacho regiones 48 hrs.;20.0;;83059.0;0.0;0.0
1057532-535-SE24;1;78102200;Servicios de transporte, almacenaje y correo / Transporte de correo y carga / Servicios postales de pequeños paquetes y mensajería;78102201;Servicios de entrega postal nacional;Servicio de entrega documentación y paquetes con cobertura nacional;Se adjunta tarifario, nuestros valores son exentos de IVA;1.0;;5000000.0;0.0;5000000.0
1057532-2111-AG24;1;44103100;Equipos, accesorios y suministros de oficina / Maquinarias, suministros y accesorios de oficina / Suministros para impresora, fax y fotocopiadora;44103105;Cartuchos de tinta;4 Kit de 4 recambios para tinta de colores Epson ORIGINALES T504 L4150 L4160 L4260 L6161 L6171 ORIGINALES;4 Kit de 4 recambios para tinta de colores Epson ORIGINALES T504 L4150 L4160 L4260 L6161 L6171 ORIGINALES;4.0;;29738.0;0.0;0.0
1057532-26-SE25;1;78111800;Servicios de transporte, almacenaje y correo / Transporte de pasajeros / Transporte de pasajeros por carretera;78111808;Arriendo de vehículos;Servicio de Movilización  Comunidad Terapéutica  Peulla//Movilización  dentro de la ciudad;HORAS INTERURBANO;9.25;;35000.0;0.0;323750.0
1057532-26-SE25;2;78111800;Servicios de transporte, almacenaje y correo / Transporte de pasajeros / Transporte de pasajeros por carretera;78111808;Arriendo de vehículos;Servicio de Movilización  Comunidad Terapéutica  Peulla//Movilización  dentro de la ciudad;HORAS URBANA;60.17;;25000.0;0.0;1504250.0
1057532-26-SE25;3;78111800;Servicios de transporte, almacenaje y correo / Transporte de pasajeros / Transporte de pasajeros por carretera;78111808;Arriendo de vehículos;Servicio de Movilización  Comunidad Terapéutica  Peulla//Movilización  dentro de la ciudad;HORAS RURAL;2.5;;30000.0;0.0;75000.0
1057532-2267-SE24;1;43232400;Tecnologías de la información, telecomunicaciones y radiodifusión / Software / Programas de desarrollo;43232408;Software de desarrollo de plataforma Web;Emisión LME No Adscrito;Emisión LME No Adscrito;258.0;;80.0;0.0;20640.0
1057532-2267-SE24;2;43232400;Tecnologías de la información, telecomunicaciones y radiodifusión / Software / Programas de desarrollo;43232408;Software de desarrollo de plataforma Web;Emisión LME Si Adscrito;Emisión LME Si Adscrito;1029.0;;91.0;0.0;93639.0
1057532-2267-SE24;3;43232400;Tecnologías de la información, telecomunicaciones y radiodifusión / Software / Programas de desarrollo;43232408;Software de desarrollo de plataforma Web;Emisión LME Prestador (Full);Emisión LME Prestador (Full);57.0;;91.0;0.0;5187.0
1057532-19-SE25;1;30222500;Artículos para estructuras, obras y construcciones / Construcciones permanentes / Construcciones para alojamiento;30222501;Casas residenciales;TRATO DIRECTO ADQ. DE 10 CUPOS DE RESIDENCIA PROTEGIDA DE ALTA COMPLEJIDAD PARA EL SERVICIO DE SALUD OSORNO EN LA CIUDAD DE OSORNO, POR UN PERIODO DE 12 MESES.;TRATO DIRECTO ADQ. DE 10 CUPOS DE RESIDENCIA PROTEGIDA DE ALTA COMPLEJIDAD PARA EL SERVICIO DE SALUD OSORNO EN LA CIUDAD DE OSORNO, POR UN PERIODO DE 12 MESES.//  10 USUARIOS MES DE NOVIEMBRE 2024;310.0;;65546.21848;0.0;20319327.7288
1057532-19-SE25;2;30222500;Artículos para estructuras, obras y construcciones / Construcciones permanentes / Construcciones para alojamiento;30222501;Casas residenciales;.TRATO DIRECTO ADQ. DE 10 CUPOS DE RESIDENCIA PROTEGIDA DE ALTA COMPLEJIDAD PARA EL SERVICIO DE SALUD OSORNO EN LA CIUDAD DE OSORNO, POR UN PERIODO DE 12 MESES/RETROACTIVO SERVICIOS DE REFUERZO (OCTUBRE - NOVIEMBRE 2024 /;TRATO DIRECTO ADQ. DE 10 CUPOS DE RESIDENCIA PROTEGIDA DE ALTA COMPLEJIDAD PARA EL SERVICIO DE SALUD OSORNO EN LA CIUDAD DE OSORNO, POR UN PERIODO DE 12 MESES.//  10 USUARIOS//RETROACTIVO SERVICIOS DE REFUERZO (OCTUBRE - NOVIEMBRE 2024;610.0;;15126.05;0.0;9226890.5
1057532-5-AG25;1;44101700;Equipos, accesorios y suministros de oficina / Maquinarias, suministros y accesorios de oficina / Accesorios para impresoras, fotocopiadoras y aparatos de fax;44101707;Corcheteras;2 CORCHETERA DE ESCRITORIO.;;2.0;;3953.0;0.0;0.0
1057532-5-AG25;2;44121600;Equipos, accesorios y suministros de oficina / Suministros de oficina / Suministros de escritorio;44121611;Perforadoras;1 PERFORADORA DE ESCRITORIO.;;1.0;;5234.0;0.0;0.0
1057532-5-AG25;3;44121600;Equipos, accesorios y suministros de oficina / Suministros de oficina / Suministros de escritorio;44121635;Portarrollos de cinta adhesiva;1 PORTA CINTA ADHESIVA DE ESCRITORIO.;;1.0;;1460.0;0.0;0.0
1057532-5-AG25;4;41122800;Equipamiento para laboratorios / Suministros para laboratorios / Estantes, soportes y bandejas de laboratorio;41122808;Bandejas de uso general;2 BANDEJAS DE ESCRITORIO .;;2.0;;7844.0;0.0;0.0
1057532-5-AG25;5;24111800;Equipamiento para manejo y estiba de materiales / Recipientes para almacenamiento / Tanques y cilindros;24111801;Depósitos;2 PAPELERO DE ESCRITORIO.;;2.0;;3466.0;0.0;0.0
1057532-5-AG25;6;44101800;Equipos, accesorios y suministros de oficina / Maquinarias, suministros y accesorios de oficina / Máquinas calculadoras y accesorios;44101801;Calculadoras o accesorios;2 CALCULADORA DE ESCRITORIO.;;2.0;;3173.0;0.0;0.0
1057532-5-AG25;7;44111500;Equipos, accesorios y suministros de oficina / Accesorios de oficina y escritorio / Agendas y accesorios;44111509;Portalápiz;2 LAPICERO DE ESCRITORIO.;;2.0;;682.0;0.0;0.0
1057532-8-SE25;1;43223100;Tecnologías de la información, telecomunicaciones y radiodifusión / Equipos, plataformas y accesorios de redes multimedia, voz y datos / Componentes y equipos de infraestructura de redes móviles y digitales;43223113;Antena LAN UMTS GSM;cuota 23/24 - Noviembre 2024//diferencia;Según  las condiciones definidas en resolución de trato directo 1669 del 03 de febrero del 2023. adjunta;1.0;;5057.0;0.0;5057.0
1180747-26-SE24;1;42201700;Equipamiento y suministros médicos / Productos para imágenes y de medicina nuclear / Artículos para imágenes de ultrasonido, doppler y eco;42201701;Ultrasonido cardiaco o doppler o unidades de eco o cardioscopios;DETECTORES LATIDOS CARDIOFETALES, marca Edan, modelo SD3 Plus, Plazo de entrega 15 días corridos.;DETECTORES LATIDOS CARDIOFETALES, MARCA EDAN, MODELO SD3 PLUS, VALIDEZ DE OFERTA SEGÚN BASES;1.0;;340000.0;0.0;340000.0
1057532-2235-SE24;1;76111500;Servicios de limpieza industrial / Servicios de limpieza / Servicios de limpieza de edificios y oficinas en general;76111501;Servicios de limpieza de edificios;Servicio de Aseo Edificio Manuel Rodriguez/Octubre 2024;SERVICIOS DE ASEO PARA LA DIRECCIÓN DEL SERVICIO DE SALUD OSORNO Y ESTABLECIMIENTOS BASE SAMU Y EDIFICIO M. RODRIGUEZ POR PERIODO DE 18 MESES;1.0;;1375000.0;0.0;1375000.0
1057532-2274-AG24;1;46191600;Equipos y suministros de defensa, orden público, protección y seguridad / Protección contra incendios / Equipos para combatir incendios;46191601;Extintores;Extintor PQS de 2 kilos, certificado;;1.0;;10000.0;0.0;0.0
1057532-2274-AG24;2;46191600;Equipos y suministros de defensa, orden público, protección y seguridad / Protección contra incendios / Equipos para combatir incendios;46191601;Extintores;Extintor de PQS de 4 kilos, certificado;;1.0;;20000.0;0.0;0.0
1057532-2274-AG24;3;46191600;Equipos y suministros de defensa, orden público, protección y seguridad / Protección contra incendios / Equipos para combatir incendios;46191601;Extintores;Extintor de PQS de 6 kilos, certificados;;27.0;;25000.0;0.0;0.0
1057532-2274-AG24;4;46191600;Equipos y suministros de defensa, orden público, protección y seguridad / Protección contra incendios / Equipos para combatir incendios;46191601;Extintores;Extintor de PQS de 10 kilos, certificado;;1.0;;25000.0;0.0;0.0
1057532-2274-AG24;5;46191600;Equipos y suministros de defensa, orden público, protección y seguridad / Protección contra incendios / Equipos para combatir incendios;46191601;Extintores;Extintor de CO2 de 2 kilos, certificado;;4.0;;25000.0;0.0;0.0
1057532-2274-AG24;6;46191600;Equipos y suministros de defensa, orden público, protección y seguridad / Protección contra incendios / Equipos para combatir incendios;46191601;Extintores;Extintor de CO2 de 5 kilos, certificado;;10.0;;45000.0;0.0;0.0
1057532-21-SE25;1;78111800;Servicios de transporte, almacenaje y correo / Transporte de pasajeros / Transporte de pasajeros por carretera;78111802;Servicios de autobuses regulares, recorridos fijos;Convenio de Movilización Funcionarios Unidad Salud Mental a Domicilio NEWEN. Viajes Urbanos.;Convenio de Movilización Funcionarios Unidad Salud Mental a Domicilio NEWEN. Viajes Urbanos.;21.0;;72000.0;0.0;1512000.0
1057532-23-SE25;1;30222500;Artículos para estructuras, obras y construcciones / Construcciones permanentes / Construcciones para alojamiento;30222501;Casas residenciales;ADQUISICIÓN 12 CUPOS RESDIENCIA PROTEGIDA PARA EL SERVICIO DE SALUD OSORNO EN LA PROVINCIA DE OSORNO POR UN PERIODO DE 12 MESES / DICIEMBRE 2024;ADQUISICIÓN 12 CUPOS RESDIENCIA PROTEGIDA PARA EL SERVICIO DE SALUD OSORNO EN LA PROVINCIA DE OSORNO POR UN PERIODO DE 12 MESES;372.0;;45500.0;0.0;16926000.0
1057532-23-SE25;2;30222500;Artículos para estructuras, obras y construcciones / Construcciones permanentes / Construcciones para alojamiento;30222501;Casas residenciales;ADQUISICIÓN 12 CUPOS RESDIENCIA PROTEGIDA PARA EL SERVICIO DE SALUD OSORNO EN LA PROVINCIA DE OSORNO POR UN PERIODO DE 12 MESES / DICIEMBRE 2024;ADQUISICIÓN 12 CUPOS RESDIENCIA PROTEGIDA PARA EL SERVICIO DE SALUD OSORNO EN LA PROVINCIA DE OSORNO POR UN PERIODO DE 12 MESES;732.0;;10500.0;0.0;7686000.0
1057532-28-SE25;1;78111800;Servicios de transporte, almacenaje y correo / Transporte de pasajeros / Transporte de pasajeros por carretera;78111802;Servicios de autobuses regulares, recorridos fijos o servicios programados;Viajes Urbanos;Servicio de movilizacion;20.0;;153000.0;0.0;3060000.0
1057532-28-SE25;2;78111800;Servicios de transporte, almacenaje y correo / Transporte de pasajeros / Transporte de pasajeros por carretera;78111802;Servicios de autobuses regulares, recorridos fijos;Viajes Rurales;Servicio de movilizacion;1.0;;153000.0;0.0;153000.0
1057532-27-SE25;1;78111800;Servicios de transporte, almacenaje y correo / Transporte de pasajeros / Transporte de pasajeros por carretera;78111802;Servicios de autobuses regulares, recorridos fijos;Convenio de Movilización Funcionarios CDR Kumelen.   Viajes Urbanos// DICIEMBRE 2024.;Convenio de Movilización Funcionarios CDR Kumelen.   Viajes Urbanos.;18.0;;110000.0;0.0;1980000.0
1057532-27-SE25;2;78111800;Servicios de transporte, almacenaje y correo / Transporte de pasajeros / Transporte de pasajeros por carretera;78111802;Servicios de autobuses regulares, recorridos fijos;Convenio de Movilización Funcionarios CDR Kumelen.   Viajes Rurales//DICIEMBRE 2024.;Convenio de Movilización Funcionarios CDR Kumelen.   Viajes Rurales.;2.0;;110000.0;0.0;220000.0
1057532-58-SE25;1;30222500;Artículos para estructuras, obras y construcciones / Construcciones permanentes / Construcciones para alojamiento;30222501;Casas residenciales;ADQUISICIÓN 3 CUPOS RESIDENCIA PROTEGIDA DE PARA EL SERVICIO DE SALUD OSORNO EN LA PROVINCIA DE CONCEPCION, 2° LLAMADO” | Dic 2024;ADQUISICIÓN 3 CUPOS RESIDENCIA PROTEGIDA DE PARA EL SERVICIO DE SALUD OSORNO EN LA PROVINCIA DE CONCEPCION, 2° LLAMADO” | Dic 2024;93.0;;35000.0;0.0;3255000.0
1057532-24-AG25;1;55121800;Productos impresos y publicaciones / Etiquetado y accesorios / Documentos de identificación;55121802;Pulseras o tarjetas de identificación o productos similares;50 CINTA COLOR AZUL CON GANCHO PARA PORTA CREDENCIAL CON LETRA BLANCAS.;;50.0;;899.0;0.0;0.0
1057532-61-SE25;1;43232300;Tecnologías de la información, telecomunicaciones y radiodifusión / Software / Software de consultas y gestión de datos;43232306;Software de consultas e interfaz de usuario de bas;SISTEMA REGISTRO CLINICO ELECTRONICO PARA HOSPITALES DE BAJA COMPLEJIDAD Y COMUNITARIOS.;SISTEMA REGISTRO CLINICO ELECTRONICO PARA HOSPITALES DE BAJA COMPLEJIDAD Y COMUNITARIOS.;330.0;;22818.76;0.0;7530190.8
1057532-61-SE25;2;43232300;Tecnologías de la información, telecomunicaciones y radiodifusión / Software / Software de consultas y gestión de datos;43232306;Software de consultas e interfaz de usuario de bas;Sistema Registro Clínico Electrónico para la Atención Primaria de   Salud (APS).;Sistema Registro Clínico Electrónico para la Atención Primaria de   Salud (APS).;1569.0;;18850.28;0.0;29576089.319999997
1180747-36-AG24;1;43212100;Tecnologías de la información, telecomunicaciones y radiodifusión / Equipos informáticos y accesorios / Impresoras;43212110;Impresoras multifunción o multifuncionales;Impresora Mono Funcional / Según Especificaciones adjuntas;Impresora Brother DCP-1617NW, Plazo de Entrega 4 días hábiles.;1.0;;149900.0;0.0;0.0
1180747-35-AG24;1;43212100;Tecnologías de la información, telecomunicaciones y radiodifusión / Equipos informáticos y accesorios / Impresoras;43212104;Impresoras de chorro de tinta;Impresora Mono Funcional / Según Especificaciones Adjuntas;Impresora Brother DCP-1617NW, Plazo de Entrega 4 días hábiles.;1.0;;149900.0;0.0;0.0
1057532-29-SE25;1;91111900;Servicios de cuidado personal y domésticos / Servicio doméstico y de cuidados / Cuidado de niños, personas enfermas y ancianos;91111901;Jardines infantiles o salas cunas;MENSUALIDAD /DICIEMBRE 2024;CONTRATACION SERVICIO DE ADMINISTRACION DEL BENEFICIO DE SALA CUNA PARA HIJOS/AS FUNCIONARIAS DEPENDIENTES DEL SERVICIO DE SALUD OSORNO, AÑO 2024;15.0;;380000.0;0.0;5700000.0
1057532-29-SE25;2;91111900;Servicios de cuidado personal y domésticos / Servicio doméstico y de cuidados / Cuidado de niños, personas enfermas y ancianos;91111901;Jardines infantiles o salas cunas;MATRICULA/DICIEMBRE 2024;CONTRATACION SERVICIO DE ADMINISTRACION DEL BENEFICIO DE SALA CUNA PARA HIJOS/AS FUNCIONARIAS DEPENDIENTES DEL SERVICIO DE SALUD OSORNO, AÑO 2024;1.0;;350000.0;0.0;350000.0
1057532-43-SE25;1;72101600;Servicios de construcción y mantenimiento / Servicios de atención, mantenimiento y reparaciones de edificios / Revestimientos de techos, paredes o metalistería;72101601;Instalación o reparación de techos;MANTENCIÓN SISTEMA DE CAPTACION, ACUMULACION, TRATAMIENTO E IMPULSIÓN DE AGUAS LLUVIAS Y CAPTACION. HOSPITAL MISION SAN JUAN DE LA COSTA. 2024;según lo solicitado 1057532-112-LP24;1.0;;85322880.0;0.0;85322880.0
1057532-33-SE25;1;43223100;Tecnologías de la información, telecomunicaciones y radiodifusión / Equipos, plataformas y accesorios de redes multimedia, voz y datos / Componentes y equipos de infraestructura de redes móviles y digitales;43223113;Antena LAN UMTS GSM;cuota 24/24 - Diciembre 2024;Según  las condiciones definidas en resolución de trato directo 1669 del 03 de febrero del 2023. adjunta;1.0;;564725.343;0.0;564725.343
1057532-59-AG25;1;42311500;Equipamiento y suministros médicos / Productos para el cuidado de heridas / Vendas, vendajes y productos relacionados;42311505;Vendas o vendajes para uso general;Adquisición de parche curita redondo es un apósito adhesivo, poroso y estéril, según EETT adjuntas.;Según cotización adjunta N°59572;30.0;;1000.0;0.0;0.0
1057532-53-SE25;1;15101500;Combustibles, lubricantes y anticorrosivos / Combustibles líquidos / Petróleo y derivados;15101505;Diesel;Convenio Suministro Petróleo Diésel para Calderas de Dispositivos Dependientes del Servicio de Salud Osorno// DSSO Rodriguez.;COTIZACIÓN SEGÚN ADJUNTOS;2000.0;;1061.0;0.0;2122000.0
1077241-188-AG24;1;82121500;Servicios editoriales, de diseño, publicidad, gráficos y artistas / Servicios de impresión y reproducción / Impresión;82121511;Impresión de manuales;Cuadernillos de Salud, para entregar a Usuarios Policlínico Oncología HBSJO, según  EETT: Tamaño 23 cms largo x 15 cms ancho aprox., Tapa en cartulina sólida blanca de 250 grs, Impreso a 4:4 Colores, Duplex.  INTERIOR: Papel bond 80 grs, color en ambos lados, 100 páginas (50 hojas de contenido por doble fac),  Páginas 23 y 24 deben repetirse hasta completar 100 páginas, diseño personalizado con logos del programa.;"Cuadernillos de Salud, ""Programa Cuidarte es Amarte"" para entregar a Usuarios Policlínico Oncología HBSJO, según  EETT indicadas en Compra Agil y de acuerdo a Cotización entregada";100.0;;2490.0;0.0;0.0
1057532-57-SE25;1;85122200;Salud, servicios sanitarios y alimentación / Medicina y servicios de salud / Evaluaciones de salud individuales;85122201;Exámenes médicos;Convenio de servicios de arriendo de equipos de tele electrocardiografía a distancia para los establecimientos de salud de la red de APS de la provincia de Osorno año 2024 / Enero a Diciembre 2024;Convenio de servicios de arriendo de equipos de tele electrocardiografía a distancia para los establecimientos de salud de la red de APS de la provincia de Osorno año 2024.;443.69;;1.0;0.0;443.69
1057532-55-SE25;1;85122200;Salud, servicios sanitarios y alimentación / Medicina y servicios de salud / Evaluaciones de salud individuales;85122201;Exámenes médicos;convenio de servicios de arriendo de equipos de tele electrocardiografía a distancia para los establecimientos de salud de la red de APS de la provincia de Osorno año 2024-2025.  (CASA PRAIS  Enero a Diciembre (12 meses));convenio de servicios de arriendo de equipos de tele electrocardiografía a distancia para los establecimientos de salud de la red de APS de la provincia de Osorno año 2024-2025;10.0;;1.0;0.0;10.0
1057532-45-SE25;1;93131600;Organizaciones y consultorías políticas, demográficas, económicas, sociales y de administración pública / Ayuda y asistencia humanitaria / Política, planificación y programas de alimentación y nutrición;93131607;Servicios de distribución de alimentos;Desayunos / Mes de Diciembre 2024;“SERVICIO DE ALIMENTACIÓN PARA USUARIOS CDR ADULTO MAYOR KÜMELEN 2024”;191.0;;2100.0;0.0;401100.0
1057532-45-SE25;2;93131600;Organizaciones y consultorías políticas, demográficas, económicas, sociales y de administración pública / Ayuda y asistencia humanitaria / Política, planificación y programas de alimentación y nutrición;93131607;Servicios de distribución de alimentos;Almuerzos / Mes de Diciembre 2024;“SERVICIO DE ALIMENTACIÓN PARA USUARIOS CDR ADULTO MAYOR KÜMELEN 2024”;322.0;;3782.0;0.0;1217804.0
1057532-51-SE25;1;85122200;Salud, servicios sanitarios y alimentación / Medicina y servicios de salud / Evaluaciones de salud individuales;85122201;Exámenes médicos;CONVENIO DE SUMINISTRO DE KIT POINT OF CARE (POC) Y KIT DE ANALISIS DE GASES SANGUINEOS, CON ARRIENDO DE EQUIPO, SERVICIO DE SALUD OSORNO”;I-SMART 300 BLOOD GAS CART.200 TEST/3 WEEKS;2.0;;417800.0;0.0;835600.0
1057532-51-SE25;2;85122200;Salud, servicios sanitarios y alimentación / Medicina y servicios de salud / Evaluaciones de salud individuales;85122201;Exámenes médicos;CONVENIO DE SUMINISTRO DE KIT POINT OF CARE (POC) Y KIT DE ANALISIS DE GASES SANGUINEOS, CON ARRIENDO DE EQUIPO, SERVICIO DE SALUD OSORNO”;QC BLOOD GAS;2.0;;181600.0;0.0;363200.0
1057532-51-SE25;3;85122200;Salud, servicios sanitarios y alimentación / Medicina y servicios de salud / Evaluaciones de salud individuales;85122201;Exámenes médicos;CONVENIO DE SUMINISTRO DE KIT POINT OF CARE (POC) Y KIT DE ANALISIS DE GASES SANGUINEOS, CON ARRIENDO DE EQUIPO, SERVICIO DE SALUD OSORNO”;ATRAPACOÁGULOS X 200 UNIDADES;2.0;;52600.0;0.0;105200.0
1057532-15-SE25;1;30222500;Artículos para estructuras, obras y construcciones / Construcciones permanentes / Construcciones para alojamiento;30222501;Casas residenciales;Adquisición 8 cupos Día Hogar Protegido para hombres para el Servicio de Salud Osorno en la Provincia de Osorno” (RES EXENTA N°17422/29.12.2023;Adquisición 8 cupos Día Hogar Protegido para hombres para el Servicio de Salud Osorno en la Provincia de Osorno” (RES EXENTA N°17422/29.12.2023// CATEGORIA 3;31.0;;60000.0;0.0;1860000.0
1057532-15-SE25;2;30222500;Artículos para estructuras, obras y construcciones / Construcciones permanentes / Construcciones para alojamiento;30222501;Casas residenciales;Adquisición 8 cupos Día Hogar Protegido para hombres para el Servicio de Salud Osorno en la Provincia de Osorno” (RES EXENTA N°17422/29.12.2023;Adquisición 8 cupos Día Hogar Protegido para hombres para el Servicio de Salud Osorno en la Provincia de Osorno” (RES EXENTA N°17422/29.12.2023// CATEGORIA 1;217.0;;25437.0;0.0;5519829.0
1057532-44-AG25;1;50112000;Alimentos, bebidas y tabaco / Productos de carne y aves de corral / Carnes procesadas y preparadas;50112001;Carnes frescas procesadas y preparadas;Abastero Vacuno Porcionada en bolsas de 1 kilo;;4.0;;14000.0;0.0;0.0
1057532-44-AG25;2;50101500;Alimentos, bebidas y tabaco / Frutas, verduras y frutos secos / Verduras;50101539;Verduras congeladas;Arvejas Verdad de 500 grs;;3.0;;2500.0;0.0;0.0
1057532-44-AG25;3;50112000;Alimentos, bebidas y tabaco / Productos de carne y aves de corral / Carnes procesadas y preparadas;50112003;Carnes estables sin refrigerar procesadas y preparadas;Carne molida Vacuno -Porcionada en bolsas de ½ kilo;;3.0;;4500.0;0.0;0.0
1057532-44-AG25;4;50112000;Alimentos, bebidas y tabaco / Productos de carne y aves de corral / Carnes procesadas y preparadas;50112001;Carnes frescas procesadas y preparadas;Cazuela Vacuno kilo;;4.0;;7500.0;0.0;0.0
1057532-44-AG25;5;50101500;Alimentos, bebidas y tabaco / Frutas, verduras y frutos secos / Verduras;50101539;Verduras congeladas;Choclo desgranado 500 grs;;4.0;;2500.0;0.0;0.0
1057532-44-AG25;6;50101500;Alimentos, bebidas y tabaco / Frutas, verduras y frutos secos / Verduras;50101539;Verduras congeladas;Choclo en trozos 500 grs;;3.0;;3500.0;0.0;0.0
1057532-44-AG25;7;50112000;Alimentos, bebidas y tabaco / Productos de carne y aves de corral / Carnes procesadas y preparadas;50112003;Carnes estables sin refrigerar procesadas y preparadas;Chorizos por kilos;;2.0;;7000.0;0.0;0.0
1057532-44-AG25;8;50112000;Alimentos, bebidas y tabaco / Productos de carne y aves de corral / Carnes procesadas y preparadas;50112003;Carnes estables sin refrigerar procesadas y preparadas;Chuleta vetada de cerdo por kilo;;6.0;;8000.0;0.0;0.0
1057532-44-AG25;9;50112000;Alimentos, bebidas y tabaco / Productos de carne y aves de corral / Carnes procesadas y preparadas;50112003;Carnes estables sin refrigerar procesadas y preparadas;Guatita  -Porcionada en bolsas de 1 kilo;;2.0;;8500.0;0.0;0.0
1057532-44-AG25;10;50131600;Alimentos, bebidas y tabaco / Productos lácteos y huevos / Huevos y sustitutos;50131606;Huevos frescos;Huevos, Bandeja de 30 unid.;;4.0;;8000.0;0.0;0.0
1057532-44-AG25;11;50131700;Alimentos, bebidas y tabaco / Productos lácteos y huevos / Productos de leche y mantequilla;50131701;Leche o productos de mantequilla;Mantequilla 125 grs;;7.0;;2200.0;0.0;0.0
1057532-44-AG25;12;50112000;Alimentos, bebidas y tabaco / Productos de carne y aves de corral / Carnes procesadas y preparadas;50112001;Carnes frescas procesadas y preparadas;Osobuco  -Proporcionado en bolsas de 1 kilo;;4.0;;9500.0;0.0;0.0
1057532-44-AG25;13;50111500;Alimentos, bebidas y tabaco / Productos de carne y aves de corral / Carnes y aves de corral;50111510;Carne de ave o carne fresca;Pechuga de Pollo Deshuesada de kilo;;4.0;;7500.0;0.0;0.0
1057532-44-AG25;14;50111500;Alimentos, bebidas y tabaco / Productos de carne y aves de corral / Carnes y aves de corral;50111510;Carne de ave o carne fresca;Pechuga laminada  Ahumada de pavo/ 150 grs o sachet;;2.0;;2500.0;0.0;0.0
1057532-44-AG25;15;50101500;Alimentos, bebidas y tabaco / Frutas, verduras y frutos secos / Verduras;50101539;Verduras congeladas;Pimiento congelado 500 grs;;3.0;;3500.0;0.0;0.0
1057532-44-AG25;16;50112000;Alimentos, bebidas y tabaco / Productos de carne y aves de corral / Carnes procesadas y preparadas;50112002;Carnes congeladas procesadas y preparadas;Prietas kilo;;4.0;;13500.0;0.0;0.0
1057532-44-AG25;17;50101500;Alimentos, bebidas y tabaco / Frutas, verduras y frutos secos / Verduras;50101539;Verduras congeladas;Primavera 500 grs;;3.0;;2500.0;0.0;0.0
1057532-44-AG25;18;50112000;Alimentos, bebidas y tabaco / Productos de carne y aves de corral / Carnes procesadas y preparadas;50112001;Carnes frescas procesadas y preparadas;Pulpa de Cerdo -Porcionada en bolsas de 1 kilo;;3.0;;8500.0;0.0;0.0
1057532-44-AG25;19;50131800;Alimentos, bebidas y tabaco / Productos lácteos y huevos / Quesos;50131801;Queso natural;Queso Laminado de 500 grs;;1.0;;7000.0;0.0;0.0
1057532-44-AG25;20;50111500;Alimentos, bebidas y tabaco / Productos de carne y aves de corral / Carnes y aves de corral;50111510;Carne de ave o carne fresca;Truto corto de Pollo de kilo;;2.0;;6000.0;0.0;0.0
1057532-44-AG25;21;50192300;Alimentos, bebidas y tabaco / Alimentos preparados y conservados / Postres y decoraciones;50192303;Postres, helados o yogurt congelado;Yogurt sin Lactosa de litro;;24.0;;4500.0;0.0;0.0
1057532-44-AG25;22;50131800;Alimentos, bebidas y tabaco / Productos lácteos y huevos / Quesos;50131803;Sucedáneo de Queso;Queso Crema;;14.0;;2500.0;0.0;0.0
1057532-44-AG25;23;50131800;Alimentos, bebidas y tabaco / Productos lácteos y huevos / Quesos;50131802;Queso rallado;Queso rallado en bolsa de 125 grs;;2.0;;3000.0;0.0;0.0
1057532-44-AG25;24;50171800;Alimentos, bebidas y tabaco / Condimentos y preservantes / Salsas, condimentos y productos para untar;50171833;Paté u otras pastas para untar;Pate (diferentes);;16.0;;1500.0;0.0;0.0
1057532-44-AG25;25;50201700;Alimentos, bebidas y tabaco / Bebidas / Café y té;50201714;Cremas no lácteas;Tarro de Crema 236 grs;;2.0;;2900.0;0.0;0.0
1057532-44-AG25;26;50101500;Alimentos, bebidas y tabaco / Frutas, verduras y frutos secos / Verduras;50101539;Verduras congeladas;Habas Congeladas 500 grs;;2.0;;3000.0;0.0;0.0
1057532-44-AG25;27;50112000;Alimentos, bebidas y tabaco / Productos de carne y aves de corral / Carnes procesadas y preparadas;50112002;Carnes congeladas procesadas y preparadas;Hamburguesas de vacuno 185 grs;;18.0;;1800.0;0.0;0.0
1057532-44-AG25;28;50112000;Alimentos, bebidas y tabaco / Productos de carne y aves de corral / Carnes procesadas y preparadas;50112002;Carnes congeladas procesadas y preparadas;Vienesas paquete de 20 unidades.;;3.0;;5500.0;0.0;0.0
1057727-50-AG24;1;73141700;Servicios de producción y fabricación industrial / Industrias de fibras, textiles y tejidos / Producción de telas y cueros;73141703;Servicios de fabricación de géneros de punto;Se requiere 40 metros de bistrech Floreado múltiples flores diferentes color con fondo negro se adjunta imagen de referencia. Se debe adjuntar imagen de lo ofertado para poder evaluar.;;40.0;;2980.0;0.0;0.0
1057727-50-AG24;2;73141700;Servicios de producción y fabricación industrial / Industrias de fibras, textiles y tejidos / Producción de telas y cueros;73141703;Servicios de fabricación de géneros de punto;40 metros de TUL can can blanco. Se debe adjuntar imagen de lo ofertado para poder evaluar.;;40.0;;2980.0;0.0;0.0
1057727-50-AG24;3;73141700;Servicios de producción y fabricación industrial / Industrias de fibras, textiles y tejidos / Producción de telas y cueros;73141703;Servicios de fabricación de géneros de punto;15 metros de casimir negro. Se debe adjuntar imagen de lo ofertado para poder evaluar.;;15.0;;6980.0;0.0;0.0
1057727-50-AG24;4;73141700;Servicios de producción y fabricación industrial / Industrias de fibras, textiles y tejidos / Producción de telas y cueros;73141703;Servicios de fabricación de géneros de punto;8 metros de forro negro para interior de chaqueta de huaso. Se debe adjuntar imagen de lo ofertado para poder evaluar.;;8.0;;3680.0;0.0;0.0
1057727-50-AG24;5;73141700;Servicios de producción y fabricación industrial / Industrias de fibras, textiles y tejidos / Producción de telas y cueros;73141703;Servicios de fabricación de géneros de punto;4 metros entretela no tejida blanca. Se debe adjuntar imagen de lo ofertado para poder evaluar.;;4.0;;1290.0;0.0;0.0
1057532-36-SE25;1;72102300;Servicios de construcción y mantenimiento / Servicios de atención, mantenimiento y reparaciones de edificios / Gasfitería, calefacción y aire acondicionado;72102305;Servicios de reparación, mantenimiento o reparación de aire acondicionado;"""CONVENIO DE MANTENCION PREVENTIVA DE EQUIPOS DE AIRE  ACONDICONADO DE ESTABLECIMIENTOS DEPENDIENTES DEL  SERVICIO DE SALUD OSORNO AÑOS 2024-2025""";ítem 28: SOME Split Muro Anwo  ítem 29: TENS Split Muro Anwo  ítem 36: Sala Social Split Muro Anwo;1.0;;580000.0;0.0;580000.0
1077241-58-SE24;1;78111800;Servicios de transporte, almacenaje y correo / Transporte de pasajeros / Transporte de pasajeros por carretera;78111802;Servicios de autobuses regulares, recorridos fijos o servicios programados;Servicio de Movilización de 1 Minibús o VAN con capacidad mínima de 7 más 1 asiento, por 82 días corridos distribuidos entre los días lunes, miércoles y viernes de 18 a 22 horas, para trasladar a 4 profesionales  en el radio urbano de Osorno.;Servicio de Movilización Traslado de Profesionales Ruta Medica por 82 días, valor día  70.000, Total  5.740.000, Valores Exentos de IVA.;1.0;;5740000.0;0.0;5740000.0
1057532-30-CM25;1;0;;0;COMPOSITE 3M JERINGA UNIVERSAL 4GR COLOR A3B UNIDAD;(2230080) COMPOSITE 3M JERINGA UNIVERSAL 4GR COLOR A3B UNIDAD;(2230080) COMPOSITE 3M JERINGA UNIVERSAL 4GR COLOR A3B UNIDAD , Región de los Lagos , Osorno, M.RODRIGUEZ N°759;3.0;;18600.0;0.0;55800.0
1057532-30-CM25;2;0;;0;COMPOSITE FILTEK JERINGA UNIVERSAL 4GR COLOR A2B UNIDAD;(2230139) COMPOSITE FILTEK JERINGA UNIVERSAL 4GR COLOR A2B UNIDAD;(2230139) COMPOSITE FILTEK JERINGA UNIVERSAL 4GR COLOR A2B UNIDAD , Región de los Lagos , Osorno, M.RODRIGUEZ N°759;3.0;;18071.0;0.0;54213.0
1057532-30-CM25;3;0;;0;COMPOSITE FILTEK JERINGA UNIVERSAL 4GR COLOR A3.5B UNIDAD;(2230143) COMPOSITE FILTEK JERINGA UNIVERSAL 4GR COLOR A3.5B UNIDAD;(2230143) COMPOSITE FILTEK JERINGA UNIVERSAL 4GR COLOR A3.5B UNIDAD , Región de los Lagos , Osorno, M.RODRIGUEZ N°759;3.0;;18600.0;0.0;55800.0
1057532-30-CM25;4;0;;0;COMPOSITE FILTEK JERINGA UNIVERSAL 4GR COLOR A4 UNIDAD;(2230147) COMPOSITE FILTEK JERINGA UNIVERSAL 4GR COLOR A4 UNIDAD;(2230147) COMPOSITE FILTEK JERINGA UNIVERSAL 4GR COLOR A4 UNIDAD , Región de los Lagos , Osorno, M.RODRIGUEZ N°759;3.0;;15477.0;0.0;46431.0
1057532-30-CM25;5;0;;0;COMPOSITE NEO SPECTRA JERINGA UNIVERSAL SPECTRA FLOW 4GR COLOR A3.5B UNIDAD;(2230177) COMPOSITE NEO SPECTRA JERINGA UNIVERSAL SPECTRA FLOW 4GR COLOR A3.5B UNIDAD;(2230177) COMPOSITE NEO SPECTRA JERINGA UNIVERSAL SPECTRA FLOW 4GR COLOR A3.5B UNIDAD , Región de los Lagos , Osorno, M.RODRIGUEZ N°759;3.0;;22775.0;0.0;68325.0
1057532-30-CM25;6;0;;0;COMPOSITE NEO SPECTRA JERINGA UNIVERSAL SPECTRA FLOW 4GR COLOR A2/B2 UNIDAD;(2230176) COMPOSITE NEO SPECTRA JERINGA UNIVERSAL SPECTRA FLOW 4GR COLOR A2/B2 UNIDAD;(2230176) COMPOSITE NEO SPECTRA JERINGA UNIVERSAL SPECTRA FLOW 4GR COLOR A2/B2 UNIDAD , Región de los Lagos , Osorno, M.RODRIGUEZ N°759;3.0;;22775.0;0.0;68325.0
1057532-30-CM25;7;0;;0;ACCESORIO DE IMPRESIÓN DENTAL JELTRATE ALGINATO CROMÁTICO ALTA CONSISTENCIA RÁPIDO 454 GR UNIDAD;(2228043) ACCESORIO DE IMPRESIÓN DENTAL JELTRATE ALGINATO CROMÁTICO ALTA CONSISTENCIA RÁPIDO 454 GR UNIDAD;(2228043) ACCESORIO DE IMPRESIÓN DENTAL JELTRATE ALGINATO CROMÁTICO ALTA CONSISTENCIA RÁPIDO 454 GR UNIDAD , Región de los Lagos , Osorno, M.RODRIGUEZ N°759;3.0;;5390.0;0.0;16170.0
1057532-30-CM25;8;0;;0;ADHESIVO DE IMPRESIÓN DENTAL ADPER 1 PASO 1 CAPA SINGLE BOND 5 ML UNIDAD;(2228158) ADHESIVO DE IMPRESIÓN DENTAL ADPER 1 PASO 1 CAPA SINGLE BOND 5 ML UNIDAD;(2228158) ADHESIVO DE IMPRESIÓN DENTAL ADPER 1 PASO 1 CAPA SINGLE BOND 5 ML UNIDAD , Región de los Lagos , Osorno, M.RODRIGUEZ N°759;4.0;;20654.0;0.0;82616.0
1057532-30-CM25;9;0;;0;PASTA DE ODONTOLOGÍA RELYX CLICKER CEMENTO DE RESINA ADHESIVA UNIVERSAL 11 GR UNIDAD;(2232670) PASTA DE ODONTOLOGÍA RELYX CLICKER CEMENTO DE RESINA ADHESIVA UNIVERSAL 11 GR UNIDAD;(2232670) PASTA DE ODONTOLOGÍA RELYX CLICKER CEMENTO DE RESINA ADHESIVA UNIVERSAL 11 GR UNIDAD , Región de los Lagos , Osorno, M.RODRIGUEZ N°759;3.0;;41285.0;0.0;123855.0
1057532-47-SE25;1;78111800;Servicios de transporte, almacenaje y correo / Transporte de pasajeros / Transporte de pasajeros por carretera;78111802;Servicios de autobuses regulares, recorridos fijos;Viajes Rurales;Servicio de movilización;4.0;;85000.0;0.0;340000.0
1057532-47-SE25;2;78111800;Servicios de transporte, almacenaje y correo / Transporte de pasajeros / Transporte de pasajeros por carretera;78111802;Servicios de autobuses regulares, recorridos fijos;Viajes Urbanos;Servicio de movilización;17.0;;85000.0;0.0;1445000.0
1057532-63-SE25;1;78180100;Servicios de transporte, almacenaje y correo / Servicios de mantención o reparaciones de transportes / Mantención o reparación de vehículos;78180103;Servicios de cambio de fluidos de aceite o de la t;-MANTENCIÓN CORRECTIVA AMBULANCIA MERCEDES BENZ SPRINTER.  -PPU: JB.CY-47  -DOTACION DE LA BASE SAMU OSORNO  -Según Orden de Trabajo N° 204713504;-MANTENCIÓN CORRECTIVA AMBULANCIA MERCEDES BENZ SPRINTER.  -PPU: JB.CY-47  -DOTACION DE LA BASE SAMU OSORNO  -Según Orden de Trabajo N° 204713504;1.0;;259391.0;0.0;259391.0
1057532-46-SE25;1;42171600;Equipamiento y suministros médicos / Artículos médicos para urgencias y atención en terreno / Productos médicos de urgencia para catástrofes;42171604;Camillas cestas o accesorios;CONVENIO DE ARRIENDO DE 8 CATRES CLINICOS PARA SERVICIO DE SALUD OSORNO, 12 MESES.//Cuota 2 de 12;camas linet eleganza 2 / ( CUOTA CATRES CLINICOS);1.0;;2224074.0;0.0;2224074.0
1057532-850-SE24;1;80101600;Servicios profesionales, administrativos y consultorías de gestión empresarial / Consultorías o asesorías en gestión empresarial / Gestión de proyectos;80101604;Asesorías en gestión de proyectos;Consultoría para la Actualización y Reformulación Proyectos de Climatización y de Electricidad Mejoramiento Hospital Rio Negro;Consultoría para la Actualización y Reformulación Proyecto de  Climatización y Electricidad Mejoramiento Hospital Rio Negro;1.0;;4000000.0;0.0;4000000.0
1057532-75-SE25;1;44103200;Equipos, accesorios y suministros de oficina / Maquinarias, suministros y accesorios de oficina / Máquinas y accesorios para registro de hora y asistencia en la oficina;44103201;Reloj de control;"“SERVICIO DE REGISTRO DE INFORMACIÓN DE CONTROL DE ASISTENCIA RELOJ CONTROL BIOLETRICO PARA EL SERVICIO DE SALUD OSORNO Y SUS ESTABLECIMIENTOS DEPENDIENTES, POR 36 MESES"". DSSO, DICIEMBRE 2024";SERVICIO DE REGISTRO DE INFORMACION DE CONTROL DE ASISTENCIA RELOJ CONTROL;5.0;;80729.0;0.0;403645.0
1057532-75-SE25;2;44103200;Equipos, accesorios y suministros de oficina / Maquinarias, suministros y accesorios de oficina / Máquinas y accesorios para registro de hora y asistencia en la oficina;44103201;Reloj de control;"“SERVICIO DE REGISTRO DE INFORMACIÓN DE CONTROL DE ASISTENCIA RELOJ CONTROL BIOLETRICO PARA EL SERVICIO DE SALUD OSORNO Y SUS ESTABLECIMIENTOS DEPENDIENTES, POR 36 MESES"". EDIFICIO RODRIGUEZ, DICIEMBRE 2024";SERVICIO DE REGISTRO DE INFORMACION DE CONTROL DE ASISTENCIA RELOJ CONTROL;1.0;;80729.0;0.0;80729.0
1057532-76-SE25;1;44103200;Equipos, accesorios y suministros de oficina / Maquinarias, suministros y accesorios de oficina / Máquinas y accesorios para registro de hora y asistencia en la oficina;44103201;Reloj de control;"“SERVICIO DE REGISTRO DE INFORMACIÓN DE CONTROL DE ASISTENCIA RELOJ CONTROL BIOLETRICO PARA EL SERVICIO DE SALUD OSORNO Y SUS ESTABLECIMIENTOS DEPENDIENTES, POR 36 MESES"". BASE SAMU, DICIEMBRE 2024";SERVICIO DE REGISTRO DE INFORMACION DE CONTROL DE ASISTENCIA RELOJ CONTROL;1.0;;80729.0;0.0;80729.0
1057532-1-AG25;1;60141100;Instrumentos musicales, juegos, juguetes, artesanías y materiales educativos / Juguetes y juegos / Juegos;60141112;Libros de juegos;8 LIBROS MANIFOLD TRIPLICADO BUHO.;;8.0;;7058.0;0.0;0.0
1057532-1-AG25;2;53121700;Ropa, maletas y productos de aseo personal / Maletas, bolsos de mano, mochilas y estuches / Carteras;53121701;Porta documentos;13 TABLAS DE APOYO DE HOJAS.;;13.0;;1345.0;0.0;0.0
1057532-1-AG25;3;11101500;Productos derivados de minerales, plantas y animales / Minerales y metales / Minerales;11101501;Mica;1 PAQUETE DE MICAS TRANSPARENTES  TAMAÑO CARTA.;;1.0;;8403.0;0.0;0.0
1057532-1-AG25;4;11101500;Productos derivados de minerales, plantas y animales / Minerales y metales / Minerales;11101501;Mica;1 PAQUETE DE MICAS TRANSPARENTES TAMAÑO OFICIO.;;1.0;;9403.0;0.0;0.0
1057532-1-AG25;5;44121600;Equipos, accesorios y suministros de oficina / Suministros de oficina / Suministros de escritorio;44121605;Dispensador de cinta;2 DISPENSADORES DE CINTA ADHESIVA.;;2.0;;2017.0;0.0;0.0
1057532-1-AG25;6;44121600;Equipos, accesorios y suministros de oficina / Suministros de oficina / Suministros de escritorio;44121618;Tijeras;2 TIJERAS GRANDES PARA CORTA PLANO.;;2.0;;1513.0;0.0;0.0
1057532-1-AG25;7;44121600;Equipos, accesorios y suministros de oficina / Suministros de oficina / Suministros de escritorio;44121624;Tijeras;4 TIJERAS DE OFICINA.;;4.0;;1008.0;0.0;0.0
1057532-1-AG25;8;53141600;Ropa, maletas y productos de aseo personal / Suministros y accesorios de costura / Suministros de costura variados;53141629;Porta alfileres;13 PORTA CLIPS MAGNETICO.;;13.0;;1176.0;0.0;0.0
1057532-1-AG25;9;44101700;Equipos, accesorios y suministros de oficina / Maquinarias, suministros y accesorios de oficina / Accesorios para impresoras, fotocopiadoras y aparatos de fax;44101707;Corcheteras;6 CORCHETERA.;;6.0;;2521.0;0.0;0.0
1057532-1-AG25;10;44121600;Equipos, accesorios y suministros de oficina / Suministros de oficina / Suministros de escritorio;44121615;Corcheteras;1 UNIDAD DE CORCHETERA SEMI INSDUSTRIAL X 100 HOJAS.;;1.0;;35126.0;0.0;0.0
1077241-3-SE25;1;78111800;Servicios de transporte, almacenaje y correo / Transporte de pasajeros / Transporte de pasajeros por carretera;78111802;Servicios de autobuses regulares, recorridos fijos;Salidas Osorno Radio Urbano / Diciembre 2024.;Salidas Osorno Radio Urbano / Diciembre 2024.;7.0;;95000.0;0.0;665000.0
1077241-3-SE25;2;78111800;Servicios de transporte, almacenaje y correo / Transporte de pasajeros / Transporte de pasajeros por carretera;78111802;Servicios de autobuses regulares, recorridos fijos;Salidas Osorno Radio Rural/ Diciembre 2024.;Salidas Osorno Radio Rural/ Diciembre 2024.;4.0;;115000.0;0.0;460000.0
1077241-3-SE25;3;78111800;Servicios de transporte, almacenaje y correo / Transporte de pasajeros / Transporte de pasajeros por carretera;78111802;Servicios de autobuses regulares, recorridos fijos;Salidas San Pablo Radio Rural/ Diciembre 2024.;Salidas San Pablo Radio Rural/ Diciembre 2024.;1.0;;128000.0;0.0;128000.0
1077241-3-SE25;4;78111800;Servicios de transporte, almacenaje y correo / Transporte de pasajeros / Transporte de pasajeros por carretera;78111802;Servicios de autobuses regulares, recorridos fijos;Salidas Rio Negro Radio Urbano / Diciembre 2024.;Salidas Rio Negro Radio Urbano / Diciembre 2024.;1.0;;110000.0;0.0;110000.0
1077241-3-SE25;5;78111800;Servicios de transporte, almacenaje y correo / Transporte de pasajeros / Transporte de pasajeros por carretera;78111802;Servicios de autobuses regulares, recorridos fijos;Salidas San Juan de la Costa Radio Rural/ Diciembre 2024.;Salidas San Juan de la Costa Radio Rural/ Diciembre 2024.;3.0;;125000.0;0.0;375000.0
1077241-3-SE25;6;78111800;Servicios de transporte, almacenaje y correo / Transporte de pasajeros / Transporte de pasajeros por carretera;78111802;Servicios de autobuses regulares, recorridos fijos;Salidas Purranque Radio Urbano/ Diciembre 2024.;Salidas Purranque Radio Urbano/ Diciembre 2024.;1.0;;120000.0;0.0;120000.0
1077241-3-SE25;7;78111800;Servicios de transporte, almacenaje y correo / Transporte de pasajeros / Transporte de pasajeros por carretera;78111802;Servicios de autobuses regulares, recorridos fijos;Salidas Purranque Radio Rural / Diciembre 2024.;Salidas Purranque Radio Rural / Diciembre 2024.;1.0;;145000.0;0.0;145000.0
1077241-3-SE25;8;78111800;Servicios de transporte, almacenaje y correo / Transporte de pasajeros / Transporte de pasajeros por carretera;78111802;Servicios de autobuses regulares, recorridos fijos;Salidas Puyehue Radio Rural / Diciembre 2024.;Salidas Puyehue Radio Rural / Diciembre 2024.;3.0;;145000.0;0.0;435000.0
1057532-1079-CM24;1;0;;0;PAPEL HIGIENICO TORK ALTO METRAJE SMARTONE DOBLE HOJA 207 METROS 6 ROLLOS 1 PAQUETE REGIÓN X;(1946811) PAPEL HIGIENICO TORK ALTO METRAJE SMARTONE DOBLE HOJA 207 METROS 6 ROLLOS 1 PAQUETE REGIÓN X;(1946811) PAPEL HIGIENICO TORK ALTO METRAJE SMARTONE DOBLE HOJA 207 METROS 6 ROLLOS 1 PAQUETE REGIÓN X , Región de los Lagos , Osorno, M.RODRIGUEZ N°759;360.0;;28367.0;0.0;10212120.0
1057532-1079-CM24;2;0;;0;TOALLA DE PAPEL TORK ADVANCE HOJA SIMPLE 250 M 6 ROLLOS REGIÓN X;(1941111) TOALLA DE PAPEL TORK ADVANCE HOJA SIMPLE 250 M 6 ROLLOS REGIÓN X;(1941111) TOALLA DE PAPEL TORK ADVANCE HOJA SIMPLE 250 M 6 ROLLOS REGIÓN X , Región de los Lagos , Osorno, M.RODRIGUEZ N°759;456.0;;42660.0;0.0;19452960.0
1057532-1079-CM24;3;0;;0;JABÓN TORK NEUTRO-GLICERINA LÍQUIDO DOYPACK 1000 ML UNIDAD REGIÓN X;(1932999) JABÓN TORK NEUTRO-GLICERINA LÍQUIDO DOYPACK 1000 ML UNIDAD REGIÓN X;(1932999) JABÓN TORK NEUTRO-GLICERINA LÍQUIDO DOYPACK 1000 ML UNIDAD REGIÓN X , Región de los Lagos , Osorno, M.RODRIGUEZ N°759;576.0;;5735.0;0.0;3303360.0
1057532-1079-CM24;4;0;;0;GEL SANITIZANTE PARA MANOS TORK 70% DOYPACK 1000 ML UNIDAD REGIÓN X;(1946845) GEL SANITIZANTE PARA MANOS TORK 70% DOYPACK 1000 ML UNIDAD REGIÓN X;(1946845) GEL SANITIZANTE PARA MANOS TORK 70% DOYPACK 1000 ML UNIDAD REGIÓN X , Región de los Lagos , Osorno, M.RODRIGUEZ N°759;576.0;;10047.0;0.0;5787072.0
1057532-636-SE24;1;78111800;Servicios de transporte, almacenaje y correo / Transporte de pasajeros / Transporte de pasajeros por carretera;78111808;Arriendo de vehículos;Arriendo de vehículo (sin conductor) para conducción de funcionarios de la Subdirección Administrativa del Servicio de Salud Osorno.;Vehículo Station Wagon 2022;1.0;;5625000.0;0.0;5625000.0
1057532-80-SE25;1;44103200;Equipos, accesorios y suministros de oficina / Maquinarias, suministros y accesorios de oficina / Máquinas y accesorios para registro de hora y asistencia en la oficina;44103201;Reloj de control;"“SERVICIO DE REGISTRO DE INFORMACIÓN DE CONTROL DE ASISTENCIA RELOJ CONTROL BIOLETRICO PARA EL SERVICIO DE SALUD OSORNO Y SUS ESTABLECIMIENTOS DEPENDIENTES, POR 36 MESES"". COSAM ORIENTE, DICIEMBRE 2024.";SERVICIO DE REGISTRO DE INFORMACION DE CONTROL DE ASISTENCIA RELOJ CONTROL;1.0;;80729.0;0.0;80729.0
1057532-32-AG25;1;39111600;Artículos eléctricos y de iluminación / Artefactos y accesorios de iluminación / Iluminación de interiores;39111609;Linternas de queroseno, propano o butano;-20 Unidades Linterna Frontal Con Cintillo HEADLAMP HDL20 325 LUMENS MARCA ENERGIZER  4 MODES  IPX4  Según especificaciones adjuntas;-20 Unidades Linterna Frontal Con Cintillo HEADLAMP HDL20 325 LUMENS MARCA ENERGIZER  4 MODES  IPX4  Según especificaciones adjuntas;20.0;;9810.0;0.0;0.0
1057532-635-SE24;1;78111800;Servicios de transporte, almacenaje y correo / Transporte de pasajeros / Transporte de pasajeros por carretera;78111808;Arriendo de vehículos;Arriendo de vehículo (sin conductor) para conducción de funcionarios de la Subdirección de Gestión Asistencial del Servicio de Salud Osorno.;Vehículo Station Wagon 2024;1.0;;5625000.0;0.0;5625000.0
1057532-77-SE25;1;44103200;Equipos, accesorios y suministros de oficina / Maquinarias, suministros y accesorios de oficina / Máquinas y accesorios para registro de hora y asistencia en la oficina;44103201;Reloj de control;"“SERVICIO DE REGISTRO DE INFORMACIÓN DE CONTROL DE ASISTENCIA RELOJ CONTROL BIOLETRICO PARA EL SERVICIO DE SALUD OSORNO Y SUS ESTABLECIMIENTOS DEPENDIENTES, POR 36 MESES"". PRAIS, DICIEMBRE 2024.";SERVICIO DE REGISTRO DE INFORMACION DE CONTROL DE ASISTENCIA RELOJ CONTROL;1.0;;80729.0;0.0;80729.0
1057532-103-SE25;1;72131700;Servicios de construcción y mantenimiento / Construcción de edificios en general / Construcción de obras civiles y infraestructuras;72131702;Construcción de obras civiles;Devolución de retenciones, “HABILITACIÓN DE LA UNIDAD DE HOSPITALIZACIÓN DE CUIDADOS INTENSIVOS PSIQUIÁTRICOS (UHCIP) DEL HBSJO”;LP “HABILITACIÓN DE LA UNIDAD DE HOSPITALIZACIÓN DE CUIDADOS INTENSIVOS PSIQUIÁTRICOS (UHCIP) DEL HBSJO”;1.0;;57059948.7;0.0;57059948.7
1057532-78-SE25;1;44103200;Equipos, accesorios y suministros de oficina / Maquinarias, suministros y accesorios de oficina / Máquinas y accesorios para registro de hora y asistencia en la oficina;44103201;Reloj de control;"“SERVICIO DE REGISTRO DE INFORMACIÓN DE CONTROL DE ASISTENCIA RELOJ CONTROL BIOLETRICO PARA EL SERVICIO DE SALUD OSORNO Y SUS ESTABLECIMIENTOS DEPENDIENTES, POR 36 MESES"". CDR KUMELEN DICIEMBRE 2024.";SERVICIO DE REGISTRO DE INFORMACION DE CONTROL DE ASISTENCIA RELOJ CONTROL;1.0;;80729.0;0.0;80729.0
1057532-81-SE25;1;44103200;Equipos, accesorios y suministros de oficina / Maquinarias, suministros y accesorios de oficina / Máquinas y accesorios para registro de hora y asistencia en la oficina;44103201;Reloj de control;"“SERVICIO DE REGISTRO DE INFORMACIÓN DE CONTROL DE ASISTENCIA RELOJ CONTROL BIOLETRICO PARA EL SERVICIO DE SALUD OSORNO Y SUS ESTABLECIMIENTOS DEPENDIENTES, POR 36 MESES"". COSAM RAHUE, DICIEMBRE 2024.";SERVICIO DE REGISTRO DE INFORMACION DE CONTROL DE ASISTENCIA RELOJ CONTROL;1.0;;80729.0;0.0;80729.0
1057532-81-SE25;2;44103200;Equipos, accesorios y suministros de oficina / Maquinarias, suministros y accesorios de oficina / Máquinas y accesorios para registro de hora y asistencia en la oficina;44103201;Reloj de control;"“SERVICIO DE REGISTRO DE INFORMACIÓN DE CONTROL DE ASISTENCIA RELOJ CONTROL BIOLETRICO PARA EL SERVICIO DE SALUD OSORNO Y SUS ESTABLECIMIENTOS DEPENDIENTES, POR 36 MESES"". COSAM RAHUE INFANTIL, DICIEMBRE 2024.";SERVICIO DE REGISTRO DE INFORMACION DE CONTROL DE ASISTENCIA RELOJ CONTROL;1.0;;80729.0;0.0;80729.0
1057532-79-SE25;1;44103200;Equipos, accesorios y suministros de oficina / Maquinarias, suministros y accesorios de oficina / Máquinas y accesorios para registro de hora y asistencia en la oficina;44103201;Reloj de control;"“SERVICIO DE REGISTRO DE INFORMACIÓN DE CONTROL DE ASISTENCIA RELOJ CONTROL BIOLETRICO PARA EL SERVICIO DE SALUD OSORNO Y SUS ESTABLECIMIENTOS DEPENDIENTES, POR 36 MESES"". CT PEULLA AMBULATORIA, DICIEMBRE 2024.";SERVICIO DE REGISTRO DE INFORMACION DE CONTROL DE ASISTENCIA RELOJ CONTROL;1.0;;80729.0;0.0;80729.0
1057532-79-SE25;2;44103200;Equipos, accesorios y suministros de oficina / Maquinarias, suministros y accesorios de oficina / Máquinas y accesorios para registro de hora y asistencia en la oficina;44103201;Reloj de control;"“SERVICIO DE REGISTRO DE INFORMACIÓN DE CONTROL DE ASISTENCIA RELOJ CONTROL BIOLETRICO PARA EL SERVICIO DE SALUD OSORNO Y SUS ESTABLECIMIENTOS DEPENDIENTES, POR 36 MESES"". CT PEULLA RESIDENCIAL, DICIEMBRE 2024.";SERVICIO DE REGISTRO DE INFORMACION DE CONTROL DE ASISTENCIA RELOJ CONTROL;1.0;;80729.0;0.0;80729.0
1057532-83-AG25;1;44121500;Equipos, accesorios y suministros de oficina / Suministros de oficina / Suministros de correo;44121506;Sobres estándar;Sobres Revistero Carta Blanco (Tamaño 23 X 30,5 cm);;250.0;;117.0;0.0;0.0
1057532-83-AG25;2;44121500;Equipos, accesorios y suministros de oficina / Suministros de oficina / Suministros de correo;44121506;Sobres estándar;Sobres saco ½ Oficio Blanco (Tamaño (20 x26 cm);;250.0;;97.0;0.0;0.0
1057532-83-AG25;3;44121500;Equipos, accesorios y suministros de oficina / Suministros de oficina / Suministros de correo;44121506;Sobres estándar;Sobres Oficio Tipo Saco (Tamaño (25 x 36 cm);;250.0;;144.0;0.0;0.0
1057532-11-CM25;1;0;;0;PASAJE AÉREO NACIONAL;(2237550) PASAJE AÉREO NACIONAL;(2237550) PASAJE AÉREO NACIONAL , Región Metropolitana de Santiago, Las Condes, Por correo electrónico;1.0;;68391.0;0.0;68391.0
1057532-10-CM25;1;0;;0;PASAJE AÉREO NACIONAL;(2237550) PASAJE AÉREO NACIONAL;(2237550) PASAJE AÉREO NACIONAL , Región Metropolitana de Santiago, Las Condes, Por correo electrónico;1.0;;51291.0;0.0;51291.0
1057532-93-SE25;1;76111500;Servicios de limpieza industrial / Servicios de limpieza / Servicios de limpieza de edificios y oficinas en general;76111501;Servicios de limpieza de edificios;Servicio de Aseo Base SAMU/Octubre 2024 (se realizo descuento del día 23.10.2024);SERVICIOS DE ASEO PARA LA DIRECCIÓN DEL SERVICIO DE SALUD OSORNO Y ESTABLECIMIENTOS BASE SAMU Y EDIFICIO M. RODRIGUEZ POR PERIODO DE 18 MESES/;1.0;;1329166.0;0.0;1329166.0
1057532-12-CM25;1;0;;0;PASAJE AÉREO NACIONAL;(2237550) PASAJE AÉREO NACIONAL;(2237550) PASAJE AÉREO NACIONAL , Región Metropolitana de Santiago, Las Condes, Por correo electrónico;1.0;;51291.0;0.0;51291.0
1057532-64-SE25;1;43232400;Tecnologías de la información, telecomunicaciones y radiodifusión / Software / Programas de desarrollo;43232408;Software de desarrollo de plataforma Web;Emisión LME No Adscrito;Emisión LME No Adscrito;190.0;;80.0;0.0;15200.0
1057532-64-SE25;2;43232400;Tecnologías de la información, telecomunicaciones y radiodifusión / Software / Programas de desarrollo;43232408;Software de desarrollo de plataforma Web;Emisión LME Si Adscrito;Emisión LME Si Adscrito;930.0;;91.0;0.0;84630.0
1057532-64-SE25;3;43232400;Tecnologías de la información, telecomunicaciones y radiodifusión / Software / Programas de desarrollo;43232408;Software de desarrollo de plataforma Web;Emisión LME Prestador (Full);Emisión LME Prestador (Full);66.0;;91.0;0.0;6006.0
1057532-38-CM25;1;0;;0;PASAJE AÉREO NACIONAL;(2237550) PASAJE AÉREO NACIONAL;(2237550) PASAJE AÉREO NACIONAL , Región Metropolitana de Santiago, Las Condes, Por correo electrónico;1.0;;44991.0;0.0;44991.0
1057532-38-CM25;2;0;;0;PASAJE AÉREO NACIONAL;(2237550) PASAJE AÉREO NACIONAL;(2237550) PASAJE AÉREO NACIONAL , Región Metropolitana de Santiago, Las Condes, Por correo electrónico;1.0;;44991.0;0.0;44991.0
1057532-38-CM25;3;0;;0;PASAJE AÉREO NACIONAL;(2237550) PASAJE AÉREO NACIONAL;(2237550) PASAJE AÉREO NACIONAL , Región Metropolitana de Santiago, Las Condes, Por correo electrónico;1.0;;44991.0;0.0;44991.0
1057532-38-CM25;4;0;;0;PASAJE AÉREO NACIONAL;(2237550) PASAJE AÉREO NACIONAL;(2237550) PASAJE AÉREO NACIONAL , Región Metropolitana de Santiago, Las Condes, Por correo electrónico;1.0;;44991.0;0.0;44991.0
1057532-38-CM25;5;0;;0;PASAJE AÉREO NACIONAL;(2237550) PASAJE AÉREO NACIONAL;(2237550) PASAJE AÉREO NACIONAL , Región Metropolitana de Santiago, Las Condes, Por correo electrónico;1.0;;44991.0;0.0;44991.0
1057532-1464-CM24;1;0;;0;CLIP ISOFIT ACCOCLIP FASTENER PLÁSTICO METAL 50 UNIDADES REGIÓN X;(1978408) CLIP ISOFIT ACCOCLIP FASTENER PLÁSTICO METAL 50 UNIDADES REGIÓN X;(1978408) CLIP ISOFIT ACCOCLIP FASTENER PLÁSTICO METAL 50 UNIDADES REGIÓN X , Región de los Lagos , Osorno, M.RODRIGUEZ N°759;48.0;;1283.0;0.0;61584.0
1057532-1464-CM24;2;0;;0;ARCHIVADOR TORRE CARTÓN DURO OFICIO 450 HOJAS PRESIÓN LOMO ANCHO UNIDAD REGIÓN X;(1969364) ARCHIVADOR TORRE CARTÓN DURO OFICIO 450 HOJAS PRESIÓN LOMO ANCHO UNIDAD REGIÓN X;(1969364) ARCHIVADOR TORRE CARTÓN DURO OFICIO 450 HOJAS PRESIÓN LOMO ANCHO UNIDAD REGIÓN X , Región de los Lagos , Osorno, M.RODRIGUEZ N°759;600.0;;2342.0;0.0;1405200.0
1057532-1464-CM24;3;0;;0;BORRADOR PIZARRA TORRE ACRÍLICA UNIDAD REGIÓN X;(1972866) BORRADOR PIZARRA TORRE ACRÍLICA UNIDAD REGIÓN X;(1972866) BORRADOR PIZARRA TORRE ACRÍLICA UNIDAD REGIÓN X , Región de los Lagos , Osorno, M.RODRIGUEZ N°759;24.0;;1033.0;0.0;24792.0
1057532-1464-CM24;4;0;;0;ARCHIVADOR COLON CAJA ESTANDAR UNIDAD REGIÓN X;(1966661) ARCHIVADOR COLON CAJA ESTANDAR UNIDAD REGIÓN X;(1966661) ARCHIVADOR COLON CAJA ESTANDAR UNIDAD REGIÓN X , Región de los Lagos , Osorno, M.RODRIGUEZ N°759;720.0;;1113.0;0.0;801360.0
1057532-1464-CM24;5;0;;0;CARPETA ARTEL OFICIO 20 FUNDAS VINIL LISO S/DISEÑO UNIDAD REGIÓN X;(1974838) CARPETA ARTEL OFICIO 20 FUNDAS VINIL LISO S/DISEÑO UNIDAD REGIÓN X;(1974838) CARPETA ARTEL OFICIO 20 FUNDAS VINIL LISO S/DISEÑO UNIDAD REGIÓN X , Región de los Lagos , Osorno, M.RODRIGUEZ N°759;24.0;;1592.0;0.0;38208.0
1057532-1464-CM24;6;0;;0;CARPETA AUCA ACCOCLIP OFICIO BOLSILLO TRIANGULAR PLÁSTICO LISO S/DISEÑO UNIDAD REGIÓN X;(1975093) CARPETA AUCA ACCOCLIP OFICIO BOLSILLO TRIANGULAR PLÁSTICO LISO S/DISEÑO UNIDAD REGIÓN X;(1975093) CARPETA AUCA ACCOCLIP OFICIO BOLSILLO TRIANGULAR PLÁSTICO LISO S/DISEÑO UNIDAD REGIÓN X , Región de los Lagos , Osorno, M.RODRIGUEZ N°759;240.0;;486.0;0.0;116640.0
1057532-1464-CM24;7;0;;0;CARPETA TORRE OFICIO CARTULINA PLASTIFICADA LISO S/DISEÑO UNIDAD REGIÓN X;(1976980) CARPETA TORRE OFICIO CARTULINA PLASTIFICADA LISO S/DISEÑO UNIDAD REGIÓN X;(1976980) CARPETA TORRE OFICIO CARTULINA PLASTIFICADA LISO S/DISEÑO UNIDAD REGIÓN X , Región de los Lagos , Osorno, M.RODRIGUEZ N°759;720.0;;553.0;0.0;398160.0
1057532-1464-CM24;8;0;;0;CLIP TORRE METÁLICO PUNTA REDONDA 33 MM ACERO CROMADO 100 UNIDADES REGIÓN X;(1979190) CLIP TORRE METÁLICO PUNTA REDONDA 33 MM ACERO CROMADO 100 UNIDADES REGIÓN X;(1979190) CLIP TORRE METÁLICO PUNTA REDONDA 33 MM ACERO CROMADO 100 UNIDADES REGIÓN X , Región de los Lagos , Osorno, M.RODRIGUEZ N°759;360.0;;221.0;0.0;79560.0
1057532-1464-CM24;9;0;;0;CLIP ISOFIT METÁLICO PUNTA REDONDA 50 MM ACERO CROMADO 50 UNIDADES REGIÓN X;(1978442) CLIP ISOFIT METÁLICO PUNTA REDONDA 50 MM ACERO CROMADO 50 UNIDADES REGIÓN X;(1978442) CLIP ISOFIT METÁLICO PUNTA REDONDA 50 MM ACERO CROMADO 50 UNIDADES REGIÓN X , Región de los Lagos , Osorno, M.RODRIGUEZ N°759;60.0;;614.0;0.0;36840.0
1057532-1464-CM24;10;0;;0;APRETADOR DOBLE CLIP ADIX NEGRO (BINDER CLIP) 15MM ACERO 12 UNIDADES REGIÓN X;(1989220) APRETADOR DOBLE CLIP ADIX NEGRO (BINDER CLIP) 15MM ACERO 12 UNIDADES REGIÓN X;(1989220) APRETADOR DOBLE CLIP ADIX NEGRO (BINDER CLIP) 15MM ACERO 12 UNIDADES REGIÓN X , Región de los Lagos , Osorno, M.RODRIGUEZ N°759;144.0;;379.0;0.0;54576.0
1057532-1464-CM24;11;0;;0;APRETADOR DOBLE CLIP TORINI NEGRO (BINDER CLIP) 19MM ACERO 12 UNIDADES REGIÓN X;(1991192) APRETADOR DOBLE CLIP TORINI NEGRO (BINDER CLIP) 19MM ACERO 12 UNIDADES REGIÓN X;(1991192) APRETADOR DOBLE CLIP TORINI NEGRO (BINDER CLIP) 19MM ACERO 12 UNIDADES REGIÓN X , Región de los Lagos , Osorno, M.RODRIGUEZ N°759;288.0;;289.0;0.0;83232.0
1057532-1464-CM24;12;0;;0;APRETADOR DOBLE CLIP TORINI NEGRO (BINDER CLIP) 25MM ACERO 12 UNIDADES REGIÓN X;(1991209) APRETADOR DOBLE CLIP TORINI NEGRO (BINDER CLIP) 25MM ACERO 12 UNIDADES REGIÓN X;(1991209) APRETADOR DOBLE CLIP TORINI NEGRO (BINDER CLIP) 25MM ACERO 12 UNIDADES REGIÓN X , Región de los Lagos , Osorno, M.RODRIGUEZ N°759;288.0;;448.0;0.0;129024.0
1057532-1464-CM24;13;0;;0;APRETADOR DOBLE CLIP TORRE NEGRO (BINDER CLIP) 32MM ACERO 12 UNIDADES REGIÓN X;(1991311) APRETADOR DOBLE CLIP TORRE NEGRO (BINDER CLIP) 32MM ACERO 12 UNIDADES REGIÓN X;(1991311) APRETADOR DOBLE CLIP TORRE NEGRO (BINDER CLIP) 32MM ACERO 12 UNIDADES REGIÓN X , Región de los Lagos , Osorno, M.RODRIGUEZ N°759;288.0;;743.0;0.0;213984.0
1057532-1464-CM24;14;0;;0;APRETADOR DOBLE CLIP TORRE NEGRO (BINDER CLIP) 41MM ACERO 12 UNIDADES REGIÓN X;(1991328) APRETADOR DOBLE CLIP TORRE NEGRO (BINDER CLIP) 41MM ACERO 12 UNIDADES REGIÓN X;(1991328) APRETADOR DOBLE CLIP TORRE NEGRO (BINDER CLIP) 41MM ACERO 12 UNIDADES REGIÓN X , Región de los Lagos , Osorno, M.RODRIGUEZ N°759;36.0;;1312.0;0.0;47232.0
1057532-1464-CM24;15;0;;0;CORCHETES TORRE METAL CROMADO 26/6MM CAJA 1000 UNIDADES REGIÓN X;(1982063) CORCHETES TORRE METAL CROMADO 26/6MM CAJA 1000 UNIDADES REGIÓN X;(1982063) CORCHETES TORRE METAL CROMADO 26/6MM CAJA 1000 UNIDADES REGIÓN X , Región de los Lagos , Osorno, M.RODRIGUEZ N°759;360.0;;198.0;0.0;71280.0
1057532-1464-CM24;16;0;;0;CUCHILLO CARTONERO ISOFIT REPUESTO ACERO INOX O FLEXIBLE SK5 HOJA 18MM UD REGIÓN X;(1983712) CUCHILLO CARTONERO ISOFIT REPUESTO ACERO INOX O FLEXIBLE SK5 HOJA 18MM UD REGIÓN X;(1983712) CUCHILLO CARTONERO ISOFIT REPUESTO ACERO INOX O FLEXIBLE SK5 HOJA 18MM UD REGIÓN X , Región de los Lagos , Osorno, M.RODRIGUEZ N°759;120.0;;618.0;0.0;74160.0
1057532-1464-CM24;17;0;;0;DESTACADOR ISOFIT BOLSILLO DELGADO AMARILLO FLÚOR P/BISELADA 3MM UNIDAD REGIÓN X;(1986109) DESTACADOR ISOFIT BOLSILLO DELGADO AMARILLO FLÚOR P/BISELADA 3MM UNIDAD REGIÓN X;(1986109) DESTACADOR ISOFIT BOLSILLO DELGADO AMARILLO FLÚOR P/BISELADA 3MM UNIDAD REGIÓN X , Región de los Lagos , Osorno, M.RODRIGUEZ N°759;144.0;;188.0;0.0;27072.0
1057532-1464-CM24;18;0;;0;DESTACADOR ISOFIT BOLSILLO DELGADO NARANJA FLÚOR P/BISELADA 2MM UNIDAD REGIÓN X;(1986177) DESTACADOR ISOFIT BOLSILLO DELGADO NARANJA FLÚOR P/BISELADA 2MM UNIDAD REGIÓN X;(1986177) DESTACADOR ISOFIT BOLSILLO DELGADO NARANJA FLÚOR P/BISELADA 2MM UNIDAD REGIÓN X , Región de los Lagos , Osorno, M.RODRIGUEZ N°759;144.0;;188.0;0.0;27072.0
1057532-1464-CM24;19;0;;0;DESTACADOR ISOFIT BOLSILLO DELGADO ROSA FLÚOR P/BISELADA 2MM UNIDAD REGIÓN X;(1986279) DESTACADOR ISOFIT BOLSILLO DELGADO ROSA FLÚOR P/BISELADA 2MM UNIDAD REGIÓN X;(1986279) DESTACADOR ISOFIT BOLSILLO DELGADO ROSA FLÚOR P/BISELADA 2MM UNIDAD REGIÓN X , Región de los Lagos , Osorno, M.RODRIGUEZ N°759;144.0;;188.0;0.0;27072.0
1057532-1464-CM24;20;0;;0;DESTACADOR ISOFIT BOLSILLO DELGADO VERDE FLÚOR P/BISELADA 2MM UNIDAD REGIÓN X;(1986364) DESTACADOR ISOFIT BOLSILLO DELGADO VERDE FLÚOR P/BISELADA 2MM UNIDAD REGIÓN X;(1986364) DESTACADOR ISOFIT BOLSILLO DELGADO VERDE FLÚOR P/BISELADA 2MM UNIDAD REGIÓN X , Región de los Lagos , Osorno, M.RODRIGUEZ N°759;144.0;;188.0;0.0;27072.0
1057532-1464-CM24;21;0;;0;FUNDA ARTEL PLÁSTICA ARCHIVADOR TRANSPARENTE TAMAÑO OFICIO LOMO BLANCO 10 UNIDADES REGIÓN X;(1991464) FUNDA ARTEL PLÁSTICA ARCHIVADOR TRANSPARENTE TAMAÑO OFICIO LOMO BLANCO 10 UNIDADES REGIÓN X;(1991464) FUNDA ARTEL PLÁSTICA ARCHIVADOR TRANSPARENTE TAMAÑO OFICIO LOMO BLANCO 10 UNIDADES REGIÓN X , Región de los Lagos , Osorno, M.RODRIGUEZ N°759;3600.0;;441.0;0.0;1587600.0
1057532-1464-CM24;22;0;;0;FUNDA ARTEL PLÁSTICA ARCHIVADOR TRANSPARENTE TAMAÑO CARTA LOMO BLANCO 10 UNIDADES REGIÓN X;(1991447) FUNDA ARTEL PLÁSTICA ARCHIVADOR TRANSPARENTE TAMAÑO CARTA LOMO BLANCO 10 UNIDADES REGIÓN X;(1991447) FUNDA ARTEL PLÁSTICA ARCHIVADOR TRANSPARENTE TAMAÑO CARTA LOMO BLANCO 10 UNIDADES REGIÓN X , Región de los Lagos , Osorno, M.RODRIGUEZ N°759;2400.0;;367.0;0.0;880800.0
1057532-1464-CM24;23;0;;0;GOMA DE BORRAR PROARTE MIGA BLANCO 42MM X 11MM X 18MM UNIDAD REGIÓN X;(1993164) GOMA DE BORRAR PROARTE MIGA BLANCO 42MM X 11MM X 18MM UNIDAD REGIÓN X;(1993164) GOMA DE BORRAR PROARTE MIGA BLANCO 42MM X 11MM X 18MM UNIDAD REGIÓN X , Región de los Lagos , Osorno, M.RODRIGUEZ N°759;240.0;;102.0;0.0;24480.0
1057532-1464-CM24;24;0;;0;CORRECTOR TORRE LAPIZ LÍQUIDO BLANCO 7 ML UNIDAD REGIÓN X;(1982318) CORRECTOR TORRE LAPIZ LÍQUIDO BLANCO 7 ML UNIDAD REGIÓN X;(1982318) CORRECTOR TORRE LAPIZ LÍQUIDO BLANCO 7 ML UNIDAD REGIÓN X , Región de los Lagos , Osorno, M.RODRIGUEZ N°759;480.0;;439.0;0.0;210720.0
1057532-1464-CM24;25;0;;0;LÁPIZ GRAFITO PROARTE HB N° 2 HEXAGONAL SIN GOMA CAJA 12 UNIDADES REGIÓN X;(1994524) LÁPIZ GRAFITO PROARTE HB N° 2 HEXAGONAL SIN GOMA CAJA 12 UNIDADES REGIÓN X;(1994524) LÁPIZ GRAFITO PROARTE HB N° 2 HEXAGONAL SIN GOMA CAJA 12 UNIDADES REGIÓN X , Región de los Lagos , Osorno, M.RODRIGUEZ N°759;12.0;;712.0;0.0;8544.0
1057532-1464-CM24;26;0;;0;LÁPIZ PASTA TORRE PUNTA MEDIA NEGRO 1,0MM 50 UNIDADES REGIÓN X;(1997584) LÁPIZ PASTA TORRE PUNTA MEDIA NEGRO 1,0MM 50 UNIDADES REGIÓN X;(1997584) LÁPIZ PASTA TORRE PUNTA MEDIA NEGRO 1,0MM 50 UNIDADES REGIÓN X , Región de los Lagos , Osorno, M.RODRIGUEZ N°759;12.0;;4615.0;0.0;55380.0
1057532-1464-CM24;27;0;;0;LÁPIZ PASTA TORRE PUNTA MEDIA ROJO 1,0MM 50 UNIDADES REGIÓN X;(1997601) LÁPIZ PASTA TORRE PUNTA MEDIA ROJO 1,0MM 50 UNIDADES REGIÓN X;(1997601) LÁPIZ PASTA TORRE PUNTA MEDIA ROJO 1,0MM 50 UNIDADES REGIÓN X , Región de los Lagos , Osorno, M.RODRIGUEZ N°759;12.0;;4615.0;0.0;55380.0
1057532-1464-CM24;28;0;;0;LÁPIZ PASTA TORRE PUNTA MEDIA AZUL 1,0MM 50 UNIDADES REGIÓN X;(1997567) LÁPIZ PASTA TORRE PUNTA MEDIA AZUL 1,0MM 50 UNIDADES REGIÓN X;(1997567) LÁPIZ PASTA TORRE PUNTA MEDIA AZUL 1,0MM 50 UNIDADES REGIÓN X , Región de los Lagos , Osorno, M.RODRIGUEZ N°759;24.0;;4115.0;0.0;98760.0
1057532-1464-CM24;29;0;;0;LIBRO DE OFICINA TIPO ACTA AUCA 100 HOJAS LISO SIN DISEÑO UNIDAD REGIÓN X;(1997703) LIBRO DE OFICINA TIPO ACTA AUCA 100 HOJAS LISO SIN DISEÑO UNIDAD REGIÓN X;(1997703) LIBRO DE OFICINA TIPO ACTA AUCA 100 HOJAS LISO SIN DISEÑO UNIDAD REGIÓN X , Región de los Lagos , Osorno, M.RODRIGUEZ N°759;48.0;;2796.0;0.0;134208.0
1057532-1464-CM24;30;0;;0;PEGAMENTO BARRA TORRE TRANSPARENTE 21GR NO TOX LAVABLE PAPEL-CARTULINA-TELA UNIDAD REGIÓN X;(2015026) PEGAMENTO BARRA TORRE TRANSPARENTE 21GR NO TOX LAVABLE PAPEL-CARTULINA-TELA UNIDAD REGIÓN X;(2015026) PEGAMENTO BARRA TORRE TRANSPARENTE 21GR NO TOX LAVABLE PAPEL-CARTULINA-TELA UNIDAD REGIÓN X , Región de los Lagos , Osorno, M.RODRIGUEZ N°759;288.0;;346.0;0.0;99648.0
1057532-1464-CM24;31;0;;0;PILA DURACELL ALCALINA AAA 1,5 V 12 UNIDADES REGIÓN X;(2016828) PILA DURACELL ALCALINA AAA 1,5 V 12 UNIDADES REGIÓN X;(2016828) PILA DURACELL ALCALINA AAA 1,5 V 12 UNIDADES REGIÓN X , Región de los Lagos , Osorno, M.RODRIGUEZ N°759;24.0;;6263.0;0.0;150312.0
1057532-1464-CM24;32;0;;0;MARCADOR PERMANENTE TORRE CUERPO GRUESO PUNTA FINA REDONDA AZUL 3MM UNIDAD REGIÓN X;(2004571) MARCADOR PERMANENTE TORRE CUERPO GRUESO PUNTA FINA REDONDA AZUL 3MM UNIDAD REGIÓN X;(2004571) MARCADOR PERMANENTE TORRE CUERPO GRUESO PUNTA FINA REDONDA AZUL 3MM UNIDAD REGIÓN X , Región de los Lagos , Osorno, M.RODRIGUEZ N°759;144.0;;340.0;0.0;48960.0
1057532-1464-CM24;33;0;;0;MARCADOR PERMANENTE TORRE CUERPO GRUESO PUNTA FINA REDONDA NEGRO 3MM UNIDAD REGIÓN X;(2004639) MARCADOR PERMANENTE TORRE CUERPO GRUESO PUNTA FINA REDONDA NEGRO 3MM UNIDAD REGIÓN X;(2004639) MARCADOR PERMANENTE TORRE CUERPO GRUESO PUNTA FINA REDONDA NEGRO 3MM UNIDAD REGIÓN X , Región de los Lagos , Osorno, M.RODRIGUEZ N°759;144.0;;340.0;0.0;48960.0
1057532-1464-CM24;34;0;;0;MARCADOR PERMANENTE TORINI PUNTA GRUESA BISELADA ROJO 4MM UNIDAD REGIÓN X;(2004537) MARCADOR PERMANENTE TORINI PUNTA GRUESA BISELADA ROJO 4MM UNIDAD REGIÓN X;(2004537) MARCADOR PERMANENTE TORINI PUNTA GRUESA BISELADA ROJO 4MM UNIDAD REGIÓN X , Región de los Lagos , Osorno, M.RODRIGUEZ N°759;144.0;;176.0;0.0;25344.0
1057532-1464-CM24;35;0;;0;MARCADOR PIZARRA ISOFIT DESECHABLE AZUL PUNTA REDONDA 2 MM UNIDAD REGIÓN X;(2005965) MARCADOR PIZARRA ISOFIT DESECHABLE AZUL PUNTA REDONDA 2 MM UNIDAD REGIÓN X;(2005965) MARCADOR PIZARRA ISOFIT DESECHABLE AZUL PUNTA REDONDA 2 MM UNIDAD REGIÓN X , Región de los Lagos , Osorno, M.RODRIGUEZ N°759;144.0;;285.0;0.0;41040.0
1057532-1464-CM24;36;0;;0;MARCADOR PIZARRA ISOFIT DESECHABLE NEGRO PUNTA REDONDA 2 MM UNIDAD REGIÓN X;(2006084) MARCADOR PIZARRA ISOFIT DESECHABLE NEGRO PUNTA REDONDA 2 MM UNIDAD REGIÓN X;(2006084) MARCADOR PIZARRA ISOFIT DESECHABLE NEGRO PUNTA REDONDA 2 MM UNIDAD REGIÓN X , Región de los Lagos , Osorno, M.RODRIGUEZ N°759;144.0;;274.0;0.0;39456.0
1057532-1464-CM24;37;0;;0;MARCADOR PIZARRA ISOFIT DESECHABLE ROJO PUNTA REDONDA 2 MM UNIDAD REGIÓN X;(2006186) MARCADOR PIZARRA ISOFIT DESECHABLE ROJO PUNTA REDONDA 2 MM UNIDAD REGIÓN X;(2006186) MARCADOR PIZARRA ISOFIT DESECHABLE ROJO PUNTA REDONDA 2 MM UNIDAD REGIÓN X , Región de los Lagos , Osorno, M.RODRIGUEZ N°759;144.0;;285.0;0.0;41040.0
1057532-1464-CM24;38;0;;0;NOTA ADHESIVA TORRE PAPEL MULTICOLOR 4 COLORES NEÓN 75X75 MM 400 HOJAS UNIDAD REGIÓN X;(2013173) NOTA ADHESIVA TORRE PAPEL MULTICOLOR 4 COLORES NEÓN 75X75 MM 400 HOJAS UNIDAD REGIÓN X;(2013173) NOTA ADHESIVA TORRE PAPEL MULTICOLOR 4 COLORES NEÓN 75X75 MM 400 HOJAS UNIDAD REGIÓN X , Región de los Lagos , Osorno, M.RODRIGUEZ N°759;960.0;;3604.0;0.0;3459840.0
1057532-1464-CM24;39;0;;0;BANDERITA AUTOADHESIVA TORRE PAPEL RECTANGULAR 12X43X45MM 4 COLORES 100 HOJAS REGIÓN X;(1971404) BANDERITA AUTOADHESIVA TORRE PAPEL RECTANGULAR 12X43X45MM 4 COLORES 100 HOJAS REGIÓN X;(1971404) BANDERITA AUTOADHESIVA TORRE PAPEL RECTANGULAR 12X43X45MM 4 COLORES 100 HOJAS REGIÓN X , Región de los Lagos , Osorno, M.RODRIGUEZ N°759;720.0;;1268.0;0.0;912960.0
1057532-1464-CM24;40;0;;0;REGLA PROARTE PLÁSTICA ROTULADA 30 CM TRANSPARENTE UNIDAD REGIÓN X;(2019650) REGLA PROARTE PLÁSTICA ROTULADA 30 CM TRANSPARENTE UNIDAD REGIÓN X;(2019650) REGLA PROARTE PLÁSTICA ROTULADA 30 CM TRANSPARENTE UNIDAD REGIÓN X , Región de los Lagos , Osorno, M.RODRIGUEZ N°759;120.0;;173.0;0.0;20760.0
1057532-1464-CM24;41;0;;0;CINTA ADHESIVA ISOFIT TRANSPARENTE 25 M CRISTAL ANCHO 18 MM UNIDAD REGIÓN X;(1977218) CINTA ADHESIVA ISOFIT TRANSPARENTE 25 M CRISTAL ANCHO 18 MM UNIDAD REGIÓN X;(1977218) CINTA ADHESIVA ISOFIT TRANSPARENTE 25 M CRISTAL ANCHO 18 MM UNIDAD REGIÓN X , Región de los Lagos , Osorno, M.RODRIGUEZ N°759;480.0;;221.0;0.0;106080.0
1057532-1464-CM24;42;0;;0;SEPARADOR TORRE CARTA MULTICOLOR 6 POSICIONES DE 4 ANILLOS UD REGIÓN X;(2022795) SEPARADOR TORRE CARTA MULTICOLOR 6 POSICIONES DE 4 ANILLOS UD REGIÓN X;(2022795) SEPARADOR TORRE CARTA MULTICOLOR 6 POSICIONES DE 4 ANILLOS UD REGIÓN X , Región de los Lagos , Osorno, M.RODRIGUEZ N°759;240.0;;458.0;0.0;109920.0
1057532-1464-CM24;43;0;;0;SEPARADOR TORRE OFICIO MULTICOLOR 6 POSICIONES DE 2, 3 Y 4 ANILLOS UD REGIÓN X;(2022863) SEPARADOR TORRE OFICIO MULTICOLOR 6 POSICIONES DE 2, 3 Y 4 ANILLOS UD REGIÓN X;(2022863) SEPARADOR TORRE OFICIO MULTICOLOR 6 POSICIONES DE 2, 3 Y 4 ANILLOS UD REGIÓN X , Región de los Lagos , Osorno, M.RODRIGUEZ N°759;360.0;;685.0;0.0;246600.0
1057532-1464-CM24;44;0;;0;SOBRE ISOFIT SACO BLANCO EXTRA OFICIO 30 X 39,5 CM2 UNIDAD REGIÓN X;(2023747) SOBRE ISOFIT SACO BLANCO EXTRA OFICIO 30 X 39,5 CM2 UNIDAD REGIÓN X;(2023747) SOBRE ISOFIT SACO BLANCO EXTRA OFICIO 30 X 39,5 CM2 UNIDAD REGIÓN X , Región de los Lagos , Osorno, M.RODRIGUEZ N°759;600.0;;137.0;0.0;82200.0
1057532-1464-CM24;45;0;;0;SOBRE TEKNOFAS SACO BLANCO 1/2 OFICIO 19 X 26,5 CM2 UNIDAD REGIÓN X;(2024172) SOBRE TEKNOFAS SACO BLANCO 1/2 OFICIO 19 X 26,5 CM2 UNIDAD REGIÓN X;(2024172) SOBRE TEKNOFAS SACO BLANCO 1/2 OFICIO 19 X 26,5 CM2 UNIDAD REGIÓN X , Región de los Lagos , Osorno, M.RODRIGUEZ N°759;600.0;;99.0;0.0;59400.0
1057532-1464-CM24;46;0;;0;SOBRE TEKNOFAS SACO BLANCO OFICIO 23 X 30 CM2 UNIDAD REGIÓN X;(2024206) SOBRE TEKNOFAS SACO BLANCO OFICIO 23 X 30 CM2 UNIDAD REGIÓN X;(2024206) SOBRE TEKNOFAS SACO BLANCO OFICIO 23 X 30 CM2 UNIDAD REGIÓN X , Región de los Lagos , Osorno, M.RODRIGUEZ N°759;600.0;;128.0;0.0;76800.0
1057532-1464-CM24;47;0;;0;CINTA MASKING TAPE USATAPE ENMASCARAR 12X40 MT UNIDAD REGIÓN X;(2009161) CINTA MASKING TAPE USATAPE ENMASCARAR 12X40 MT UNIDAD REGIÓN X;(2009161) CINTA MASKING TAPE USATAPE ENMASCARAR 12X40 MT UNIDAD REGIÓN X , Región de los Lagos , Osorno, M.RODRIGUEZ N°759;60.0;;336.0;0.0;20160.0
1057532-1464-CM24;48;0;;0;CUADERNO PROARTE UNIVERSITARIO ESPIRAL T/DURA S/DISEÑO 7MM CUADRICULADA 100 HJS UD REGIÓN X;(1982862) CUADERNO PROARTE UNIVERSITARIO ESPIRAL T/DURA S/DISEÑO 7MM CUADRICULADA 100 HJS UD REGIÓN X;(1982862) CUADERNO PROARTE UNIVERSITARIO ESPIRAL T/DURA S/DISEÑO 7MM CUADRICULADA 100 HJS UD REGIÓN X , Región de los Lagos , Osorno, M.RODRIGUEZ N°759;480.0;;1048.0;0.0;503040.0
1057532-1464-CM24;49;0;;0;CINTA MASKING TAPE USATAPE ENMASCARAR 24X40 MT UNIDAD REGIÓN X;(2009178) CINTA MASKING TAPE USATAPE ENMASCARAR 24X40 MT UNIDAD REGIÓN X;(2009178) CINTA MASKING TAPE USATAPE ENMASCARAR 24X40 MT UNIDAD REGIÓN X , Región de los Lagos , Osorno, M.RODRIGUEZ N°759;60.0;;628.0;0.0;37680.0
1057532-1464-CM24;50;0;;0;PAPEL IMPRESIÓN EQUALIT RESMA HOJA TAMAÑO OFICIO COLOR BLANCO 500 HOJAS UNIDAD REGIÓN X;(2013496) PAPEL IMPRESIÓN EQUALIT RESMA HOJA TAMAÑO OFICIO COLOR BLANCO 500 HOJAS UNIDAD REGIÓN X;(2013496) PAPEL IMPRESIÓN EQUALIT RESMA HOJA TAMAÑO OFICIO COLOR BLANCO 500 HOJAS UNIDAD REGIÓN X , Región de los Lagos , Osorno, M.RODRIGUEZ N°759;900.0;;3727.0;0.0;3354300.0
1057532-1464-CM24;51;0;;0;NOTA ADHESIVA TORRE PAPEL MULTICOLOR 4 COLORES NEÓN 37 MM X50MM 100 HOJAS UNIDAD REGIÓN X;(2013122) NOTA ADHESIVA TORRE PAPEL MULTICOLOR 4 COLORES NEÓN 37 MM X50MM 100 HOJAS UNIDAD REGIÓN X;(2013122) NOTA ADHESIVA TORRE PAPEL MULTICOLOR 4 COLORES NEÓN 37 MM X50MM 100 HOJAS UNIDAD REGIÓN X , Región de los Lagos , Osorno, M.RODRIGUEZ N°759;480.0;;1258.0;0.0;603840.0
1057532-1464-CM24;52;0;;0;CARPETA TORRE OFICIO CARTULINA PIGMENTADA PESTAÑA LISO S/DISEÑO UNIDAD REGIÓN X;(1976963) CARPETA TORRE OFICIO CARTULINA PIGMENTADA PESTAÑA LISO S/DISEÑO UNIDAD REGIÓN X;(1976963) CARPETA TORRE OFICIO CARTULINA PIGMENTADA PESTAÑA LISO S/DISEÑO UNIDAD REGIÓN X , Región de los Lagos , Osorno, M.RODRIGUEZ N°759;360.0;;260.0;0.0;93600.0
1057532-1464-CM24;53;0;;0;PAPEL IMPRESIÓN EQUALIT RESMA HOJA TAMAÑO CARTA COLOR BLANCO 500 HOJAS UNIDAD REGIÓN X;(2013479) PAPEL IMPRESIÓN EQUALIT RESMA HOJA TAMAÑO CARTA COLOR BLANCO 500 HOJAS UNIDAD REGIÓN X;(2013479) PAPEL IMPRESIÓN EQUALIT RESMA HOJA TAMAÑO CARTA COLOR BLANCO 500 HOJAS UNIDAD REGIÓN X , Región de los Lagos , Osorno, M.RODRIGUEZ N°759;2400.0;;3150.0;0.0;7560000.0
1057532-70-SE25;1;42181700;Equipamiento y suministros médicos / Productos para exámenes y control de pacientes / Unidades de electrocardiografía (ECG) y productos relacionados;42181701;Unidades de electrocardiografía (ECG);SERVICIO DE INFORMES DE TELEELECTROCARDIOGRAFIA A DISTANCIA PARA 12 ESTABLECIMIENTOS DE LA PROVINCIA DE OSORNO 2024;SERVICIO DE INFORMES DE TELEELECTROCARDIOGRAFIA A DISTANCIA Valor Exento de IVA;317.0;;2250.0;0.0;713250.0
1077241-6-SE25;1;42311500;Equipamiento y suministros médicos / Productos para el cuidado de heridas / Vendas, vendajes y productos relacionados;42311506;Vendas o apósitos compresores;Apósito Tull de Plata Nanocristalina 1 Capa 4 x 4 cm;037-03561 66000808 APOSITO ACTICOAT 5CMX5CM CJAX5.  PRECIO OFERTADO POR UNIDAD, VENTA CAJA DE 5 UNIDADES;25.0;;5850.0;0.0;146250.0
1077241-6-SE25;2;42311500;Equipamiento y suministros médicos / Productos para el cuidado de heridas / Vendas, vendajes y productos relacionados;42311506;Vendas o apósitos compresores;VENDA SEMIELASTICA 12 CM X 4 MTS.;024-00905 85005 VENDA DE GASA DANAMULL 12CMX4MTS CJAX20.  PRECIO OFERTADO POR UNIDAD, VENTA CAJA DE 20 UNIDADES;60.0;;270.0;0.0;16200.0
1057532-16-SE25;1;30222500;Artículos para estructuras, obras y construcciones / Construcciones permanentes / Construcciones para alojamiento;30222501;Casas residenciales;Adquisición 8 cupos Día Hogar Protegido para mujeres para el Servicio de Salud Osorno en la Provincia de Osorno, 2° llamado” (RES EXENTA N°5323/02.04.2024).;Día Hogar Protegido // MES DIC 2024;244.0;;25437.0;0.0;6206628.0
1057532-67-AG25;1;42241500;Equipamiento y suministros médicos / Productos medicinales para deportes, prostéticos y ortopédicos / Suministros para enyesado y entablillado;42241507;Sistemas de férulas ortopédicas;-03 Unidades FERULA PELVICA SAM SLING II EMERGENCIA   Según Especificaciones Adjuntas;-03 Unidades FERULA PELVICA SAM SLING II EMERGENCIA   Según Especificaciones Adjuntas;3.0;;138000.0;0.0;0.0
1057532-67-AG25;2;42182600;Equipamiento y suministros médicos / Productos para exámenes y control de pacientes / Lámparas para examen médico;42182604;Linternas de pluma de examen médico;"-50 Unidades LINTERNA DILATACION PUPILAR  - Linterna de Bolsillo tipo Bolígrafo  - Carcasa de plástico y se activa mediante clip superior  - Soporte de bolsillo  - pilas AAA incluidas  - Medidas 5"" de largo x 12 mm diámetro.   Según Especificaciones Adjuntas";"-50 Unidades LINTERNA DILATACION PUPILAR  - Linterna de Bolsillo tipo Bolígrafo  - Carcasa de plástico y se activa mediante clip superior  - Soporte de bolsillo  - pilas AAA incluidas  - Medidas 5"" de largo x 12 mm diámetro.   Según Especificaciones Adjun";50.0;;2500.0;0.0;0.0
1077241-15-SE25;1;42221500;Equipamiento y suministros médicos / Productos administrados por vía intravenosa y arterial / Accesorios, catéteres y cánulas intravenosas y arteriales;42221504;Catéteres intravenosos periféricos para uso general;Catéter venoso periférico N°20G;04INTR-LET008 CATETER INTRAVENOSO 20G X 1 25 MM;100.0;;170.0;0.0;17000.0
1077241-15-SE25;2;42221500;Equipamiento y suministros médicos / Productos administrados por vía intravenosa y arterial / Accesorios, catéteres y cánulas intravenosas y arteriales;42221504;Catéteres intravenosos periféricos para uso general;Catéter venoso periférico N°22G;04INTR-LET002 CATETER INTRAVENOSO 22G X 1 25 MM;100.0;;170.0;0.0;17000.0
1057532-66-AG25;1;42171900;Equipamiento y suministros médicos / Artículos médicos para urgencias y atención en terreno / Contenedores de almacenaje para servicios médicos de urgencia;42171917;Estuches o bolsas de primeros auxilios para los servicios médicos de urgencias o accesorios;-04 BOTIQUIN DE PARTO INCLUYE:  –2 Clamp Umbilical   –1 Par de Guante Estéril   –1 Pera Aspiración   –2 Compresa Gasa Esteril 10×10   –2 Bolsa Residuos   –2 Aposito Esteril No Gauze 10x20 cm   –1 Toalla Higiénica Obstétrica Post parto   –5 Toallitas con Alcohol   –1 Mascarilla Desechable 3 Pliegues  -1 Manta Térmica Neonatal  -1 Sabanilla Absorbente 60x90 Cm  -2 Clorurode Sodio 20 ml  -Tijera Lister 14 cm Acero Inox. Aleman   -Bisturi Desechable N°22 con Mango Plastico  -1 Bolsa de Transporte  -1 Planilla de Puntación APGAR.  Según Cotización Proveedor Adjunta.;-04 Botiquín de parto incluye:  Según Cotización Proveedor Adjunta.;4.0;;15000.0;0.0;0.0
1077241-13-SE25;1;42311500;Equipamiento y suministros médicos / Productos para el cuidado de heridas / Vendas, vendajes y productos relacionados;42311506;Vendas o apósitos compresores;VENDA SEMIELASTICA 4 CM X 4 MTS.;02094-00000 ELASTOMULL 4CM X 4M - CAJA X 20 - VENDAJE DE GASA ELASTICADA., CAJA X 20 ENTREGA EN 72 HORAS, DESPACHO INCLUIDO, VENCIMIENTO PRODUCTO: SUPERIOR A 24 MESES;60.0;;159.0;0.0;9540.0
1057532-90-SE25;1;76121900;Servicios de limpieza industrial / Eliminación y tratamiento de desechos / Eliminación de residuos peligrosos;76121901;Eliminación de residuos médicos;Servicio de Manejo, Retiro, Transporte y Disposición final de Residuos Especiales;El oferente presenta su oferta en el portal por 1 un peso, según lo indicado en Bases de Licitación. Los precios ofertados se encuentran en FORMULARIO 3. OFERTA ECONÓMICA y en Condiciones Comerciales.;16.0;;1700.0;0.0;27200.0
1057532-98-SE25;1;85122200;Salud, servicios sanitarios y alimentación / Medicina y servicios de salud / Evaluaciones de salud individuales;85122201;Exámenes médicos;convenio de servicios de arriendo e informes de tele electrocardiografía a distancia para los establecimientos de salud de la red de APS de la provincia de Osorno año 2024-2025.;convenio de servicios de arriendo e informes de tele electrocardiografía a distancia para los establecimientos de salud de la red de APS de la provincia de Osorno año 2024-2025;6.0;;2345.0;0.0;14070.0
1057532-34-AG25;1;46181500;Equipos y suministros de defensa, orden público, protección y seguridad / Seguridad y protección personal / Ropa protectora de seguridad contra materias peligrosas;46181527;Pantalones protectores;Pantalón tipo cargo modelo SAMU, talla L / Según especificaciones Adjuntas;PANTALON CARGO ALASKA LOGISTIC  TALLA L;2.0;;7986.0;0.0;0.0
1057532-34-AG25;2;91111700;Servicios de cuidado personal y domésticos / Servicio doméstico y de cuidados / Servicios de compras o trueques para consumo;91111703;Vestuario;"Polera manga corta tipo SAMU con logo de establecimiento (frente) y cargo de ""Conductor"" (espalda) Talla M / Según especificaciones adjuntas.";POLERA REFLECTIVA ALASKA LOGISTIC MANGA CORTA INCLUYE 1 LOGO FRONTAL 1 LEYENDA TRASERA TALLA M;1.0;;10986.0;0.0;0.0
1057532-34-AG25;3;91111700;Servicios de cuidado personal y domésticos / Servicio doméstico y de cuidados / Servicios de compras o trueques para consumo;91111703;Vestuario;"Polera manga larga tipo SAMU con logo de establecimiento (frente) y cargo de ""Conductor"" (espalda) Talla M / Según especificaciones adjuntas.";POLERA REFLECTIVA ALASKA LOGISTIC MANGA LARGA INCLUYE 1 LOGO FRONTAL 1 LEYENDA TRASERA TALLA M;1.0;;11120.0;0.0;0.0
1057532-85-AG25;1;50151500;Alimentos, bebidas y tabaco / Aceites y grasas comestibles / Aceites vegetales y grasas comestibles;50151513;Aceites de plantas y verduras comestibles;Aceite de Oliva de Litro;Aceite de Oliva de Litro;4.0;;14500.0;0.0;58000.0
1057532-85-AG25;2;50151500;Alimentos, bebidas y tabaco / Aceites y grasas comestibles / Aceites vegetales y grasas comestibles;50151513;Aceites de plantas y verduras comestibles;Aceite de litro para Cocinar, (referencia Maravilla/miraflores);Aceite de litro para Cocinar, (referencia Maravilla/miraflores);8.0;;3000.0;0.0;24000.0
1057532-85-AG25;3;51212000;Medicamentos y productos farmacéuticos / Medicamentos varios / Fármacos herbales;51212007;Ajo;Ajo en Polvo de 500 grs;Ajo en Polvo de 500 grs;2.0;;3000.0;0.0;6000.0
1057532-85-AG25;4;50171500;Alimentos, bebidas y tabaco / Condimentos y preservantes / Hierbas, especias y extractos;50171550;Especias o extractos;Aliño Completo bolsita de 100 grs;Aliño Completo bolsita de 100 grs;2.0;;2000.0;0.0;4000.0
1057532-85-AG25;5;50221100;Alimentos, bebidas y tabaco / Cereales y Legumbres / Cereales;50221101;Granos de Cereales;Arroz de kilo;Arroz de kilo;14.0;;2500.0;0.0;35000.0
1057532-85-AG25;6;50101500;Alimentos, bebidas y tabaco / Frutas, verduras y frutos secos / Verduras;50101543;Arvejas secas;Arvejas de kilo;Arvejas de kilo;4.0;;3000.0;0.0;12000.0
1057532-85-AG25;7;50121500;Alimentos, bebidas y tabaco / Pescados y mariscos / Pescados;50121538;Pescado estable sin refrigerar;Atun en Tarro 160 grs;Atun en Tarro 160 grs;60.0;;1500.0;0.0;90000.0
1057532-85-AG25;8;50221100;Alimentos, bebidas y tabaco / Cereales y Legumbres / Cereales;50221101;Granos de Cereales;Avena Instantania 500 grs;Avena Instantania 500 grs;16.0;;1500.0;0.0;24000.0
1057532-85-AG25;9;50161800;Alimentos, bebidas y tabaco / Chocolates, azúcares, edulcorantes y productos de confitería / Productos de confitería;50161814;Dulces con azúcar o sustitutos;Azucar Flor de kilo;Azucar Flor de kilo;2.0;;2800.0;0.0;5600.0
1057532-85-AG25;10;50161800;Alimentos, bebidas y tabaco / Chocolates, azúcares, edulcorantes y productos de confitería / Productos de confitería;50161814;Dulces con azúcar o sustitutos;Azucar de kilo (referncial Iansa);Azucar de kilo (referncial Iansa);30.0;;2000.0;0.0;60000.0
1057532-85-AG25;11;50161800;Alimentos, bebidas y tabaco / Chocolates, azúcares, edulcorantes y productos de confitería / Productos de confitería;50161814;Dulces con azúcar o sustitutos;Cacao 500 grs;Cacao 500 grs;2.0;;3000.0;0.0;6000.0
1057532-85-AG25;12;50201700;Alimentos, bebidas y tabaco / Bebidas / Café y té;50201706;Café;Cafe Ecco 170 grs;Cafe Ecco 170 grs;26.0;;3700.0;0.0;96200.0
1057532-85-AG25;13;50201700;Alimentos, bebidas y tabaco / Bebidas / Café y té;50201706;Café;Cafe Tradicional 170 grs (Referencia Nescafe);Cafe Tradicional 170 grs (Referencia Nescafe);12.0;;6500.0;0.0;78000.0
1057532-85-AG25;14;50221100;Alimentos, bebidas y tabaco / Cereales y Legumbres / Cereales;50221101;Granos de Cereales;Cereales Cornflakees de 480 grs;Cereales Cornflakees de 480 grs;10.0;;3000.0;0.0;30000.0
1057532-85-AG25;15;50101500;Alimentos, bebidas y tabaco / Frutas, verduras y frutos secos / Verduras;50101541;Champiñones;Champiñones en tarro 420 grs;Champiñones en tarro 420 grs;4.0;;3500.0;0.0;14000.0
1057532-85-AG25;16;50171500;Alimentos, bebidas y tabaco / Condimentos y preservantes / Hierbas, especias y extractos;50171550;Especias o extractos;Comino 125 grs;Comino 125 grs;2.0;;2000.0;0.0;4000.0
1057532-85-AG25;17;50171900;Alimentos, bebidas y tabaco / Condimentos y preservantes / Salmuera, salsas y aceitunas;50171901;Conservas;Conserva Macedonia o coctel 590 grs;Conserva Macedonia o coctel 590 grs;8.0;;4000.0;0.0;32000.0
1057532-85-AG25;18;50192600;Alimentos, bebidas y tabaco / Alimentos preparados y conservados / Acompañamientos preparados;50192603;Papas, arroz, pastas u otros acompañamientos prepa;Cous Cous carozzi 250 grs;Cous Cous carozzi 250 grs;8.0;;4000.0;0.0;32000.0
1057532-85-AG25;19;50171500;Alimentos, bebidas y tabaco / Condimentos y preservantes / Hierbas, especias y extractos;50171550;Especias o extractos;Curri 125 grs;Curri 125 grs;2.0;;2000.0;0.0;4000.0
1057532-85-AG25;20;50101600;Alimentos, bebidas y tabaco / Frutas, verduras y frutos secos / Frutas;50101636;Fruta estable sin refrigerar;Durasnos en trocitos de 590 grs;Durasnos en trocitos de 590 grs;6.0;;4000.0;0.0;24000.0
1057532-85-AG25;21;50161500;Alimentos, bebidas y tabaco / Chocolates, azúcares, edulcorantes y productos de confitería / Productos de chocolates, azúcares y edulcorantes;50161510;Sacarina o sucralosa;Sacarina liquida de 270 ml;Sacarina liquida de 270 ml;6.0;;4000.0;0.0;24000.0
1057532-85-AG25;22;50171500;Alimentos, bebidas y tabaco / Condimentos y preservantes / Hierbas, especias y extractos;50171550;Especias o extractos;Esencia de Vainilla de 100 cc;Esencia de Vainilla de 100 cc;4.0;;2500.0;0.0;10000.0
1057532-85-AG25;23;50192900;Alimentos, bebidas y tabaco / Alimentos preparados y conservados / Pasta o tallarines naturales;50192901;Pasta o tallarines naturales frescos;Fideos Cabellos de Angel 400 grs;Fideos Cabellos de Angel 400 grs;8.0;;1600.0;0.0;12800.0
1057532-85-AG25;24;50192900;Alimentos, bebidas y tabaco / Alimentos preparados y conservados / Pasta o tallarines naturales;50192901;Pasta o tallarines naturales frescos;Fideos Espirales o Quifaros 400 grs;Fideos Espirales o Quifaros 400 grs;8.0;;1600.0;0.0;12800.0
1057532-85-AG25;25;50192900;Alimentos, bebidas y tabaco / Alimentos preparados y conservados / Pasta o tallarines naturales;50192901;Pasta o tallarines naturales frescos;Fideos ravioli 400grs.;Fideos ravioli 400grs.;6.0;;2000.0;0.0;12000.0
1057532-85-AG25;26;50192900;Alimentos, bebidas y tabaco / Alimentos preparados y conservados / Pasta o tallarines naturales;50192901;Pasta o tallarines naturales frescos;Fideos Spagetti 400 grs;Fideos Spagetti 400 grs;8.0;;1600.0;0.0;12800.0
1057532-85-AG25;27;50192300;Alimentos, bebidas y tabaco / Alimentos preparados y conservados / Postres y decoraciones;50192301;Postres preparados;Flan en cajita bajo en azucar de 90 grs;Flan en cajita bajo en azucar de 90 grs;16.0;;3000.0;0.0;48000.0
1057532-85-AG25;28;50101600;Alimentos, bebidas y tabaco / Frutas, verduras y frutos secos / Frutas;50101635;Fruta congelada;Frutillas Tarro 590 grs;Frutillas Tarro 590 grs;4.0;;4000.0;0.0;16000.0
1057532-85-AG25;29;50221000;Alimentos, bebidas y tabaco / Cereales y Legumbres / Legumbres;50221001;Granos de Legumbres;Garbanzos 500 grs.;Garbanzos 500 grs.;6.0;;4000.0;0.0;24000.0
1057532-85-AG25;30;51131900;Medicamentos y productos farmacéuticos / Medicamentos hematólicos / Sustitutos de plasma sanguíneo, extensores y expansores;51131903;Gelatina;Gelatina naranja, piña, frutilla bajo en azúcar 22 grs;Gelatina naranja, piña, frutilla bajo en azúcar 22 grs;32.0;;2000.0;0.0;64000.0
1057532-85-AG25;31;50221100;Alimentos, bebidas y tabaco / Cereales y Legumbres / Cereales;50221102;Harina de trigo;Harina Integral 1 kg;Harina Integral 1 kg;4.0;;3500.0;0.0;14000.0
1057532-85-AG25;32;50221100;Alimentos, bebidas y tabaco / Cereales y Legumbres / Cereales;50221102;Harina de trigo;Harina sin Polvos Selecta 1 kg;Harina sin Polvos Selecta 1 kg;12.0;;2200.0;0.0;26400.0
1057532-85-AG25;33;50181700;Alimentos, bebidas y tabaco / Productos de panadería / Suministros y mezclas para hacer al horno;50181709;Suministros para el horno;Polvos de Hornear 500 grs tarro.;Polvos de Hornear 500 grs tarro.;2.0;;5000.0;0.0;10000.0
1057532-85-AG25;34;50193000;Alimentos, bebidas y tabaco / Alimentos preparados y conservados / Bebidas y comidas infantiles;50193002;Bebidas Infantiles;Jugos en Polvo 7 grs;Jugos en Polvo 7 grs;80.0;;550.0;0.0;44000.0
1057532-85-AG25;35;50202300;Alimentos, bebidas y tabaco / Bebidas / Bebidas no alcohólicas;50202304;Jugos y néctar envasados;Jugos Nectar Watts 1,5;Jugos Nectar Watts 1,5;12.0;;2000.0;0.0;24000.0
1057532-85-AG25;36;50121500;Alimentos, bebidas y tabaco / Pescados y mariscos / Pescados;50121538;Pescado estable sin refrigerar;Jurel bajo en sodio en tarro de 420 grs;Jurel bajo en sodio en tarro de 420 grs;40.0;;2800.0;0.0;112000.0
1057532-85-AG25;37;50192900;Alimentos, bebidas y tabaco / Alimentos preparados y conservados / Pasta o tallarines naturales;50192901;Pasta o tallarines naturales frescos;Lasaña de 500 grs;Lasaña de 500 grs;4.0;;4000.0;0.0;16000.0
1057532-85-AG25;38;50171500;Alimentos, bebidas y tabaco / Condimentos y preservantes / Hierbas, especias y extractos;50171550;Especias o extractos;Laurel seco 125grs;Laurel seco 125grs;2.0;;2500.0;0.0;5000.0
1057532-85-AG25;39;50131700;Alimentos, bebidas y tabaco / Productos lácteos y huevos / Productos de leche y mantequilla;50131701;Leche o productos de mantequilla;Leche Condensada Tarro 397 grs.;Leche Condensada Tarro 397 grs.;6.0;;3800.0;0.0;22800.0
1057532-85-AG25;40;50131700;Alimentos, bebidas y tabaco / Productos lácteos y huevos / Productos de leche y mantequilla;50131701;Leche o productos de mantequilla;Leche en Polvo Descremada 900 grs;Leche en Polvo Descremada 900 grs;12.0;;7500.0;0.0;90000.0
1057532-85-AG25;41;50131700;Alimentos, bebidas y tabaco / Productos lácteos y huevos / Productos de leche y mantequilla;50131701;Leche o productos de mantequilla;Leche Evaporada Nestle Ideal Lata 400 grs;Leche Evaporada Nestle Ideal Lata 400 grs;6.0;;2800.0;0.0;16800.0
1057532-85-AG25;42;50131700;Alimentos, bebidas y tabaco / Productos lácteos y huevos / Productos de leche y mantequilla;50131701;Leche o productos de mantequilla;Leche Liquida sin Lactosa de litro;Leche Liquida sin Lactosa de litro;24.0;;2500.0;0.0;60000.0
1057532-85-AG25;43;50221000;Alimentos, bebidas y tabaco / Cereales y Legumbres / Legumbres;50221001;Granos de Legumbres;Lentejas de un kilo;Lentejas de un kilo;6.0;;3000.0;0.0;18000.0
1057532-85-AG25;44;50221200;Alimentos, bebidas y tabaco / Cereales y Legumbres / Cereales procesados;50221201;Cereales precocidos y listos para comer;Maicena 500 grs;Maicena 500 grs;4.0;;4000.0;0.0;16000.0
1057532-85-AG25;45;50131700;Alimentos, bebidas y tabaco / Productos lácteos y huevos / Productos de leche y mantequilla;50131701;Leche o productos de mantequilla;Manjar Colun 1 kg;Manjar Colun 1 kg;6.0;;5200.0;0.0;31200.0
1057532-85-AG25;46;50121600;Alimentos, bebidas y tabaco / Pescados y mariscos / Mariscos frescos;50121613;Mariscos estables sin refrigerar;Mariscos Surtidos de 420 grs;Mariscos Surtidos de 420 grs;20.0;;2500.0;0.0;50000.0
1057532-85-AG25;47;50131600;Alimentos, bebidas y tabaco / Productos lácteos y huevos / Huevos y sustitutos;50131609;Mayonesa;Mayonesa 500 grs;Mayonesa 500 grs;2.0;;3000.0;0.0;6000.0
1057532-85-AG25;48;50192400;Alimentos, bebidas y tabaco / Alimentos preparados y conservados / Jaleas, gelatinas, mermeladas, pastas de untar, dulces y conservas de frutas;50192401;Mermeladas, gelatinas, conservas de fruta;Mermeladas sin Azucar Regimel 200 grs;Mermeladas sin Azucar Regimel 200 grs;26.0;;2000.0;0.0;52000.0
1057532-85-AG25;49;50192400;Alimentos, bebidas y tabaco / Alimentos preparados y conservados / Jaleas, gelatinas, mermeladas, pastas de untar, dulces y conservas de frutas;50192403;Miel;Miel de Aveja de 1 kilo;Miel de Aveja de 1 kilo;6.0;;9500.0;0.0;57000.0
1057532-85-AG25;50;50101700;Alimentos, bebidas y tabaco / Frutas, verduras y frutos secos / Frutos secos;50101716;Semillas o frutos secos con cáscara;Nueces 500 grs;Nueces 500 grs;2.0;;10500.0;0.0;21000.0
1057532-85-AG25;51;50171500;Alimentos, bebidas y tabaco / Condimentos y preservantes / Hierbas, especias y extractos;50171550;Especias o extractos;Oregano 125 grs;Oregano 125 grs;2.0;;2000.0;0.0;4000.0
1057532-85-AG25;52;50101700;Alimentos, bebidas y tabaco / Frutas, verduras y frutos secos / Frutos secos;50101716;Semillas o frutos secos con cáscara;Pasas 500 grs;Pasas 500 grs;2.0;;4000.0;0.0;8000.0
1057532-85-AG25;53;50171500;Alimentos, bebidas y tabaco / Condimentos y preservantes / Hierbas, especias y extractos;50171550;Especias o extractos;Pimienta en polvo 125grs;Pimienta en polvo 125grs;2.0;;2500.0;0.0;5000.0
1057532-85-AG25;54;50101600;Alimentos, bebidas y tabaco / Frutas, verduras y frutos secos / Frutas;50101636;Fruta estable sin refrigerar;Piñas en Tarro de 500 grs;Piñas en Tarro de 590 grs;4.0;;5200.0;0.0;20800.0
1057532-85-AG25;55;50221000;Alimentos, bebidas y tabaco / Cereales y Legumbres / Legumbres;50221001;Granos de Legumbres;Porotos 500 grs.;Porotos 500 grs.;4.0;;3500.0;0.0;14000.0
1057532-85-AG25;56;50101500;Alimentos, bebidas y tabaco / Frutas, verduras y frutos secos / Verduras;50101545;Verduras deshidratadas;Pure de Papas de 1000 grs;Pure de Papas de 1000 grs;6.0;;4000.0;0.0;24000.0
1057532-85-AG25;57;50171500;Alimentos, bebidas y tabaco / Condimentos y preservantes / Hierbas, especias y extractos;50171551;Sal de cocina o de mesa;Sal de cocina 1 kilo;Sal de cocina 1 kilo;4.0;;600.0;0.0;2400.0
1057532-85-AG25;58;50171800;Alimentos, bebidas y tabaco / Condimentos y preservantes / Salsas, condimentos y productos para untar;50171831;Salsas para cocinar;Salsa de Tomate 200 grs;Salsa de Tomate 200 grs;32.0;;1000.0;0.0;32000.0
1057532-85-AG25;59;50221200;Alimentos, bebidas y tabaco / Cereales y Legumbres / Cereales procesados;50221201;Cereales precocidos y listos para comer;Semola 500 grs;Semola 500 grs;4.0;;3000.0;0.0;12000.0
1057532-85-AG25;60;50201700;Alimentos, bebidas y tabaco / Bebidas / Café y té;50201713;Bolsitas de te;Te Caja de 100 bolsitas;Te Caja de 100 bolsitas;6.0;;4000.0;0.0;24000.0
1057532-85-AG25;61;50201700;Alimentos, bebidas y tabaco / Bebidas / Café y té;50201713;Bolsitas de te;Te Hierbas Surtidas caja 100 und;Te Hierbas Surtidas caja 100 und;8.0;;4000.0;0.0;32000.0
1057532-85-AG25;62;50171500;Alimentos, bebidas y tabaco / Condimentos y preservantes / Hierbas, especias y extractos;50171550;Especias o extractos;Tomillo 125grs.;Tomillo 125grs.;2.0;;2500.0;0.0;5000.0
1057532-85-AG25;63;50101700;Alimentos, bebidas y tabaco / Frutas, verduras y frutos secos / Frutos secos;50101717;Semillas o frutos secos pelados;Trigo mote de 500 grs;Trigo mote de 500 grs;4.0;;2000.0;0.0;8000.0
1057532-99-SE25;1;85122200;Salud, servicios sanitarios y alimentación / Medicina y servicios de salud / Evaluaciones de salud individuales;85122201;Exámenes médicos;Convenio de servicios de arriendo e informes de tele electrocardiografía a distancia para los establecimientos de salud de la red de APS de la provincia de Osorno.;Convenio de servicios de arriendo e informes de tele electrocardiografía a distancia para los establecimientos de salud de la red de APS de la provincia de Osorno.;2228.0;;2345.0;0.0;5224660.0
1077241-9-SE25;1;42271800;Equipamiento y suministros médicos / Productos de resucitación, anestesia y respiratorios / Productos para terapia respiratoria en aerosol y humidificación;42271802;Nebulizadores o accesorios;AEROCAMARA ADULTO;260997 AEROCAMARA UNIVERSAL INHALATORIA PARA NINOS Y ADULTO - CAJA POR 1 AEROCAMARA - MILAB - VCTO. 08-2027;30.0;;2467.0;0.0;74010.0
1077241-9-SE25;2;42311500;Equipamiento y suministros médicos / Productos para el cuidado de heridas / Vendas, vendajes y productos relacionados;42311511;Vendas de gasa;GASA NO TEJIDA ESTERIL 10 X10 CM.;834114 MUNCARE GASA NO ADHERENTE ESTERIL 4 PLIEGUES 10X10CM SOBREX2 - FACTOR DE VENTA: CAJA POR 50 SOBRES - CHANNELMED - VCTO. 05-2028;150.0;;53.0;0.0;7950.0
1077241-9-SE25;3;42311500;Equipamiento y suministros médicos / Productos para el cuidado de heridas / Vendas, vendajes y productos relacionados;42311511;Vendas de gasa;GASA NO TEJIDA ESTERIL 5 X 5 CM,.;834279 MUNCARE GASA NO ADHERENTE NO TEJIDA ESTERIL 4 PLIEGUES 5X5CM SOBREX2 - CAJA POR 50 SOBRES - CHANNELMED - VCTO. 05-2028;200.0;;18.0;0.0;3600.0
1077241-9-SE25;4;42132200;Equipamiento y suministros médicos / Vestuario clínico / Guantes médicos y accesorios;42132205;Guantes quirúrgicos;GUANTES NITRILO TALLA S;288892 MUNCARE GUANTES PROCEDIMIENTO - NITRILO SIN POLVO AZUL COBALTO TALLA S    CAJA POR 100 GUANTES - SUPERMAX - VCTO. 05-2027;6.0;;1790.0;0.0;10740.0
1077241-9-SE25;5;42142600;Equipamiento y suministros médicos / Suministros y productos clínicos / Jeringas y accesorios;42142609;Jeringas médicas con aguja;JERINGAS C/AGUJAS N°21 DE 5 ML.;549394 MUNCARE JERINGA DESECHABLE ESTERIL LUER LOCK CON AGUJA 21GX1 12 5ML - CAJA POR 100 JERINGAS - LP YANGZHOU MEDLINE - VCTO. 03-2028;6100.0;;36.0;0.0;219600.0
1077241-9-SE25;6;42142600;Equipamiento y suministros médicos / Suministros y productos clínicos / Jeringas y accesorios;42142609;Jeringas médicas con aguja;JERINGAS C/AGUJAS N°21 DE 10 ML.;549389 MUNCARE JERINGA DESECHABLE ESTERIL LUER LOCK CON AGUJA 21GX1 12 10ML - CAJA POR 100 JERINGAS - LP YANGZHOU MEDLINE - VCTO. 09-2027;500.0;;47.0;0.0;23500.0
1077241-9-SE25;7;42142600;Equipamiento y suministros médicos / Suministros y productos clínicos / Jeringas y accesorios;42142609;Jeringas médicas con aguja;JERINGAS C/AGUJAS N°21 DE 20 ML.;271514 MUNCARE JER. DESECHABLE ESTERIL LUER-LOCK 21GX 1 12 20ML - FACTOR DE VENTA: CAJA POR 50 UNIDADES - LP YANGZHOU MEDLINE - VCTO. 12-2027;100.0;;56.0;0.0;5600.0
1057532-106-SE25;1;78111800;Servicios de transporte, almacenaje y correo / Transporte de pasajeros / Transporte de pasajeros por carretera;78111808;Arriendo de vehículos;ARRIENDO DE VEHICULO PARA TRASLADO DE FUNCIONARIOS DEL SERVICIO DE SALUD OSORNO / Dic 2024;ARRIENDO DE VEHICULO PARA TRASLADO DE FUNCIONARIOS DEL SERVICIO DE SALUD OSORNO / Dic 2024;1.0;;621849.0;0.0;621849.0
1077241-17-SE25;1;42312300;Equipamiento y suministros médicos / Productos para el cuidado de heridas / Productos para la limpieza de heridas y desbridamiento;42312313;Soluciones para la limpieza de heridas;Termopolímero de acrilato/Polifenilmetilsiloxano/Hexametidisiloxano e Isooctano, (igual o similar a CAVILON).;P3MCAV002 CAVILON PELÍCULA PROTECTORA SIN ARDOR SPRAY DE 28 ML (3346E),MARCA: 3M ,FORMATO DE VENTA: CAJA X 12 UNIDADES, CAJA 12 UNIDADES X 12, 3M;12.0;;7415.0;0.0;88980.0
1077241-17-SE25;2;42221500;Equipamiento y suministros médicos / Productos administrados por vía intravenosa y arterial / Accesorios, catéteres y cánulas intravenosas y arteriales;42221504;Catéteres intravenosos periféricos para uso general;LLAVE 3 PASOS;ENFLLA101 LLAVE DE 3 PASOS CON ROTACION 360º ,MARCA: KDL ,FORMATO DE VENTA: CAJA X 50 UNIDADES KDL;100.0;;110.0;0.0;11000.0
1057532-102-SE25;1;91111900;Servicios de cuidado personal y domésticos / Servicio doméstico y de cuidados / Cuidado de niños, personas enfermas y ancianos;91111901;Jardines infantiles o salas cunas;MATRICULAS;CONTRATACION DE CUPOS PARA EL SERVICIO DE ADMINISTRACIÓN DEL BENEFICIO DE SALA CUNA PARA HIJOS/AS FUNCIONARIAS DEPENDIENTES DEL SERVICIO DE SALUD OSORNO, AÑO 2025;14.0;;380000.0;0.0;5320000.0
1057532-97-SE25;1;42171600;Equipamiento y suministros médicos / Artículos médicos para urgencias y atención en terreno / Productos médicos de urgencia para catástrofes;42171604;Camillas cestas o accesorios;CONVENIO DE ARRIENDO DE 8 CATRES CLINICOS PARA SERVICIO DE SALUD OSORNO, 12 MESES.//Cuota 3 de 12;camas linet eleganza 2 / ( CUOTA CATRES CLINICOS);1.0;;2224074.0;0.0;2224074.0
1077241-10-SE25;1;42311500;Equipamiento y suministros médicos / Productos para el cuidado de heridas / Vendas, vendajes y productos relacionados;42311506;Vendas o apósitos compresores;Apósito cloruro de diaquilcarbamilo 7 x 9 cm (igual o similar DACC MALLA);E72165/014 CUTIMED SORBACT 7 X 9CM - APOSITO DE GASA DE ALGODON IMPREGNADO EN DACC. - MARCA : BSN MEDICAL - PROCEDENCIA : ALEMANIA - VIGENCIA DE PRODUCTOS : 2 A 3 ANOS -, CAJA X 40;40.0;;5300.0;0.0;212000.0
1077241-12-SE25;1;42312300;Equipamiento y suministros médicos / Productos para el cuidado de heridas / Productos para la limpieza de heridas y desbridamiento;42312313;Soluciones para la limpieza de heridas;Glicéridos hiperoxigenados de ácidos grasos esenciales (linolénico, linoléico, palmítico y esteárico), fitoesteroles y tocoferol (igual o similar CORPITOL).;UR754235 CORPITOL ACEITE URGO 20 ML F.EMP: CAJA X 1 FRASCO SOLUCION TOPICA DE ACIDOS GRASOS ESENCIALES HIPEROXIGENADOS PARA LA PREVENCION DE LESIONES POR PRESION, TRATAMIENTO DE LPP ESTADIO I Y CUIDADO DE PIEL PERILESIONAL. FORMULACION HIPOALERGENCIA SIN;3.0;;8000.0;0.0;24000.0
1077241-12-SE25;2;42312300;Equipamiento y suministros médicos / Productos para el cuidado de heridas / Productos para la limpieza de heridas y desbridamiento;42312313;Soluciones para la limpieza de heridas;Solución de Ácido Hipocloroso (igual o similar HOCl VASHE);VA000313 VASHE 250 ML F.EMP: CAJA X 12 UNIDS O X BOTELLA SOLUCIÓN LIMPIADORA DE HERIDAS Y PIEL, CON 330 PPM DE ÁCIDO HIPOCLOROSO (LIBRE DE HIPOCLORITO) Y PH 5.5, ANTIMICROBIANO DE AMPLIO ESPECTRO, ANTIBIOFILM DE BREVE EXPOSICIÓN GRACIAS A SU CONCENTRACIÓN;6.0;;17137.0;0.0;102822.0
1077241-11-SE25;1;42221600;Equipamiento y suministros médicos / Productos administrados por vía intravenosa y arterial / Tuberías, juegos de administración y productos relacionados intravenosos y arteriales;42221609;Juegos de administración de tubos arteriales o intravenosos;Bajada de suero macrogoteo 20 gotas/ml.;5110100100 EQUIPO DE MACROGOTEO C TOMA AIRE VENOTEK 150CMS, MARCA VENOTEK, PRECIO COTIZADO POR UNIDAD, FACTOR DE EMPAQUE, 25, ENTREGA EN 2 DIAS HABILES, VENCIMIENTO 4 AÑOS DESDE SU FABRICACIÓN.;200.0;;170.0;0.0;34000.0
1077241-11-SE25;2;42311700;Equipamiento y suministros médicos / Productos para el cuidado de heridas / Cintas adhesivas médicas y quirúrgicas y productos relacionados;42311708;Cintas adhesivas médicas y quirúrgicas para el uso general;TELA MICROPORE DE 2.5 X 9 METROS;9140250910 CINTA MICROPOROSA CON DISPENSADOR 2,5CM X 9,1 MTS, MARCA TECNIKARE, PRECIO COTIZADO POR UNIDAD, FACTOR DE EMPAQUE, 12, ENTREGA EN 2 DIAS HABILES, VENCIMIENTO 4 AÑOS DESDE SU FABRICACIÓN.;24.0;;350.0;0.0;8400.0
1077241-11-SE25;3;42311700;Equipamiento y suministros médicos / Productos para el cuidado de heridas / Cintas adhesivas médicas y quirúrgicas y productos relacionados;42311708;Cintas adhesivas médicas y quirúrgicas para el uso general;TELA MICROPORE DE 5 CM;9140500910 CINTA MICROPOROSA CON DISPENSADOR 5CM X 9,1 MTS, MARCA TECNIKARE, PRECIO COTIZADO POR UNIDAD, FACTOR DE EMPAQUE, 6, ENTREGA EN 2 DIAS HABILES, VENCIMIENTO 4 AÑOS DESDE SU FABRICACIÓN.;24.0;;550.0;0.0;13200.0
1057532-5645-AG25;1;80141600;Servicios profesionales, administrativos y consultorías de gestión empresarial / Servicios para la comercialización y distribución / Ventas y marketing;80141607;Producción de eventos;1 SERVICIO DE PRODUCCIÓN JORNADA DE INTERCAMBIO DE EXPERIENCIAS CUIDADOS COMUNITARIOS 2025, SEGUN EETT.;- Lugar con capacidad para 120 personas. (espacio adecuado para realizar evento, baño adecuado) - Escenario para panelistas - sillas 120 - Paneles para exhibición de afiches de Iniciativas (mínimo 30 exhibidores).;1.0;;910000.0;0.0;0.0
1057532-5645-AG25;2;93131600;Organizaciones y consultorías políticas, demográficas, económicas, sociales y de administración pública / Ayuda y asistencia humanitaria / Política, planificación y programas de alimentación y nutrición;93131608;Servicios de suministro de alimentos;1 SERVICIO DE CAFETERIA - Coffee break mañana (café, té, jugos, galletas, mini brochetas de frutas, snacks salados/dulces,) para 100 personas. - Coffee break tarde (café, té, jugos, snacks salados/dulces) para 100 personas. - Servicio para 100 personas. (mesas, manteles, vajilla, servilletas), tener resolución sanitaria;Coffe1 Café, té, jugos y aguas saborizadas. 1 media luna por personas 1 tapadito pasta de huevo Galletas surtidas Coffe 2 Café, té, jugos y aguas saborizadas 1 Queque 1 tapadito de pasta de ave Galletas surtidas SERVICIO INCLUYE GARZONES, MANTELERIA, MESA;1.0;;1190000.0;0.0;0.0
1057532-5763-SE25;1;76111500;Servicios de limpieza industrial / Servicios de limpieza / Servicios de limpieza de edificios y oficinas en general;76111501;Servicios de limpieza de edificios;CONVENIO DE SERVICIO DE ASEO POR 18 MESES, AÑOS 2025-2026, PARA LA DIRECCION DEL SERVICIO DE SALUD OSORNO Y ESTABLECIMIENTOS DEPENDIENTES DE LA RED ASISTENCIAL DE SALUD, Y EN LOS QUE EL SSO ACTUÉ COMO UNIDAD TÉCNICA EN EJECUCIÓN DE OBRAS”.;EDIFICIO PLAZA SUR / NOVIEMBRE 2025;1.0;;2730000.0;0.0;2730000.0
1057532-5610-AG25;1;42242100;Equipamiento y suministros médicos / Productos medicinales para deportes, prostéticos y ortopédicos / Suministros y accesorios de tracción ortopédica;42242108;Pesos o equipamiento de tracción ortopédica;Circuito de motricidad;CIRCUITO DE MOTRICIDADCIRCUITO DE PSICOMOTRICIDAD 3 PIEZAS;11.0;;120285.0;0.0;0.0
1057532-5610-AG25;2;60123000;Instrumentos musicales, juegos, juguetes, artesanías y materiales educativos / Equipos de arte y manualidades, accesorios y suministros / Artesanía de espuma;60123001;Figuras de goma Eva;Piso Goma Eva;PISO DE GOMA EVA - SET 8 ALFOMBRAS DE COLORES DE GOMA EVA 60X60 CM;5.0;;32899.0;0.0;0.0
1057532-5764-SE25;1;76111500;Servicios de limpieza industrial / Servicios de limpieza / Servicios de limpieza de edificios y oficinas en general;76111501;Servicios de limpieza de edificios;CONVENIO DE SERVICIO DE ASEO POR 18 MESES, AÑOS 2025-2026, PARA LA DIRECCION DEL SERVICIO DE SALUD OSORNO Y ESTABLECIMIENTOS DEPENDIENTES DE LA RED ASISTENCIAL DE SALUD, Y EN LOS QUE EL SSO ACTUÉ COMO UNIDAD TÉCNICA EN EJECUCIÓN DE OBRAS”.;EDIFICIO RODRIGUEZ / NOVIEMBRE 2025;1.0;;2000000.0;0.0;2000000.0
1057532-5752-TD25;1;73152100;Servicios de producción y fabricación industrial / Servicios de apoyo o soporte a la fabricación / Servicios de mantenimiento y reparación de equipo de fabricación;73152101;Servicio de mantenimiento de equipo de fabricación;SERVICIO DE MANTENCION CORRECTIVA DE EQUIPO MAMOGRAFO MARCA MAMMOMAT INSPIRATION DE ESTRATEGIA DE MAMOGRAFIA MOVIL DEL SSO.  PLAZO DE EJECUCION 5 DIAS HABILES;REPUESTO COLLIMATOR SPARE PART (INCLUYE MANO DE OBRA).;1.0;;18779339.0;0.0;0.0
1057532-5408-AG25;1;80111500;Servicios profesionales, administrativos y consultorías de gestión empresarial / Servicios de recursos humanos / Consultorías para el desarrollo de recursos humanos;80111504;Formación, capacitación y entrenamiento de personal;Capacitación para Atención inclusiva y humanizada en salud para población LGBTIQA+ en contexto de Atención Primaria, para 50 cupos en modalidad presencial, de acuerdo a las especificaciones del curso adjunto.;Capacitación para Atención inclusiva y humanizada en salud para población LGBTIQA+ en contexto de Atención Primaria, para 50 cupos en modalidad presencial;1.0;;1889000.0;0.0;0.0
1057532-5785-SE25;1;85121500;Salud, servicios sanitarios y alimentación / Medicina y servicios de salud / Servicios de atención primaria;85121502;Consultas de médicos de atención primaria;ADQUISICIÓN DE PRESTACIONES DE REHABILITACIÓN INTEGRAL PARA EVALUACIÓN DIAGNÓSTICA Y TRATAMIENTO EN NIÑOS, NIÑAS Y ADOLESCENTES CON TRASTORNO DEL ESPECTRO AUTISTA;Atención Integral de Terapia Ocupacional;642.0;;9900.0;0.0;6355800.0
1057532-5785-SE25;2;85121500;Salud, servicios sanitarios y alimentación / Medicina y servicios de salud / Servicios de atención primaria;85121502;Consultas de médicos de atención primaria;ADQUISICIÓN DE PRESTACIONES DE REHABILITACIÓN INTEGRAL PARA EVALUACIÓN DIAGNÓSTICA Y TRATAMIENTO EN NIÑOS, NIÑAS Y ADOLESCENTES CON TRASTORNO DEL ESPECTRO AUTISTA;Psicoterapia individual;157.0;;20610.0;0.0;3235770.0
1057532-5785-SE25;3;85121500;Salud, servicios sanitarios y alimentación / Medicina y servicios de salud / Servicios de atención primaria;85121502;Consultas de médicos de atención primaria;ADQUISICIÓN DE PRESTACIONES DE REHABILITACIÓN INTEGRAL PARA EVALUACIÓN DIAGNÓSTICA Y TRATAMIENTO EN NIÑOS, NIÑAS Y ADOLESCENTES CON TRASTORNO DEL ESPECTRO AUTISTA;Evaluación Integral del Fonoaudiólogo;6.0;;19470.0;0.0;116820.0
1057532-5785-SE25;4;85121500;Salud, servicios sanitarios y alimentación / Medicina y servicios de salud / Servicios de atención primaria;85121502;Consultas de médicos de atención primaria;ADQUISICIÓN DE PRESTACIONES DE REHABILITACIÓN INTEGRAL PARA EVALUACIÓN DIAGNÓSTICA Y TRATAMIENTO EN NIÑOS, NIÑAS Y ADOLESCENTES CON TRASTORNO DEL ESPECTRO AUTISTA;Rehabilitación Integral del habla y o del lenguaje.;682.0;;9010.0;0.0;6144820.0
1057532-5785-SE25;5;85121500;Salud, servicios sanitarios y alimentación / Medicina y servicios de salud / Servicios de atención primaria;85121502;Consultas de médicos de atención primaria;ADQUISICIÓN DE PRESTACIONES DE REHABILITACIÓN INTEGRAL PARA EVALUACIÓN DIAGNÓSTICA Y TRATAMIENTO EN NIÑOS, NIÑAS Y ADOLESCENTES CON TRASTORNO DEL ESPECTRO AUTISTA;Evaluación Diagnostica Complementaria Personas del Espectro Autista hasta 18 años;11.0;;109560.0;0.0;1205160.0
1057532-5569-SE25;1;42181700;Equipamiento y suministros médicos / Productos para exámenes y control de pacientes / Unidades de electrocardiografía (ECG) y productos relacionados;42181716;Accesorios de electrocardiografía (ECG);Línea 1 Parches DEA, Saturometría, ECG, papel impresión, compatibles con equipo marca Zoll/ c. Parche Desfibrilación Adulto Multifunción. STAT PADZ.;Parche Desfibrilación Pediátrico. PEDI PADZ II. Código de referencia:  ZOLAC8900-0810;2.0;;288600.0;0.0;577200.0
1057532-5569-SE25;2;42181700;Equipamiento y suministros médicos / Productos para exámenes y control de pacientes / Unidades de electrocardiografía (ECG) y productos relacionados;42181716;Accesorios de electrocardiografía (ECG);Línea 1 Parches DEA, Saturometría, ECG, papel impresión, compatibles con equipo marca Zoll/ d. Parche Desfibrilación Pediátrico Multifunción. PEDI PADZ .;Parche Desfibrilación Adulto Multifunción. STAT PADZ. No requiere adaptador de RCP. Código de referencia: ZOLAC8900-4003.;1.0;;80500.0;0.0;80500.0
1057532-5569-SE25;3;42181700;Equipamiento y suministros médicos / Productos para exámenes y control de pacientes / Unidades de electrocardiografía (ECG) y productos relacionados;42181716;Accesorios de electrocardiografía (ECG);Línea 1 Parches DEA, Saturometría, ECG, papel impresión, compatibles con equipo marca Zoll/ b. Parche Desfibrilación Adulto Multifunción. CPR STAT PADZ.;Parche Desfibrilación Pediátrico Multifunción. PEDI PADZ. Código de referencia: ZOLAC8900-3000.;2.0;;83200.0;0.0;166400.0
1057532-5569-SE25;4;42181700;Equipamiento y suministros médicos / Productos para exámenes y control de pacientes / Unidades de electrocardiografía (ECG) y productos relacionados;42181716;Accesorios de electrocardiografía (ECG);Línea 1 Parches DEA, Saturometría, ECG, papel impresión, compatibles con equipo marca Zoll/ a. Parche Desfibrilación Pediátrico. PEDI PADZ II.;Cable ECG 4 Derivadas. Cable 4 derivadas con conexión. Código de referencia: ZOLAC8300-0803.;1.0;;391200.0;0.0;391200.0
1057532-5569-SE25;5;42181700;Equipamiento y suministros médicos / Productos para exámenes y control de pacientes / Unidades de electrocardiografía (ECG) y productos relacionados;42181716;Accesorios de electrocardiografía (ECG);Línea 1 Parches DEA, Saturometría, ECG, papel impresión, compatibles con equipo marca Zoll/ a. Parche Desfibrilación Pediátrico. PEDI PADZ II.;Cable ECG 6 derivadas precordiales Código de referencia: ZOLAC8300-0804.;2.0;;443000.0;0.0;886000.0
1057532-5569-SE25;6;42181700;Equipamiento y suministros médicos / Productos para exámenes y control de pacientes / Unidades de electrocardiografía (ECG) y productos relacionados;42181716;Accesorios de electrocardiografía (ECG);Línea 1 Parches DEA, Saturometría, ECG, papel impresión, compatibles con equipo marca Zoll/ a. Parche Desfibrilación Pediátrico. PEDI PADZ II.;Papel impresora formato rollo. Código de referencia: ZOLAC8000-000901.;30.0;;9650.0;0.0;289500.0
1057532-4807-AG25;1;53131600;Ropa, maletas y productos de aseo personal / Artículos de baño o tocador / Artículos de baño y cuerpo;53131609;Protector solar;PROTECTORES SOLARES / SEGÚN DETALLE ADJUNTO.;PROTECTOR SOLAR SAFE PRO 1 LT INSUMOS SEGÚN FICHAS TECNICAS ANEXAS DESPACHO 8 DIAS HABILES - VENTAS@AWADMEDICAL.CL -WHATSAPP +56998645333;2.0;;12500.0;0.0;0.0
1057532-5762-SE25;1;76111500;Servicios de limpieza industrial / Servicios de limpieza / Servicios de limpieza de edificios y oficinas en general;76111501;Servicios de limpieza de edificios;CONVENIO DE SERVICIO DE ASEO POR 18 MESES, AÑOS 2025-2026, PARA LA DIRECCION DEL SERVICIO DE SALUD OSORNO Y ESTABLECIMIENTOS DEPENDIENTES DE LA RED ASISTENCIAL DE SALUD, Y EN LOS QUE EL SSO ACTUÉ COMO UNIDAD TÉCNICA EN EJECUCIÓN DE OBRAS”.;BASE SAMU / NOVIEMBRE 2025;1.0;;1110000.0;0.0;1110000.0
1057727-58-AG25;1;49221500;Equipos, suministros y accesorios deportivos y recreativos / Equipos y accesorios de deportes / Accesorios para deportes;49221506;Colchonetas;Colchoneta fabricada en tela tapiz PVC free kid, resistente al uso preescolar.   Todas las costuras reforzadas con remates de seguridad en las esquinas y manilla lateral para facilitar su traslado.   Cierre tipo Eclair en Nylon N°5, fijo de 100 CMS de largo.   Dimensiones 150x150x10 CMS.  Materiales: goma espuma de poliuretano densidad 21 kg/m3 y tapiz PVC free kid, que cuenta con nanopartículas de cobre antibacteriano, lavable, 100% impermeable, antiflama y atoxica según certificación.;Cotización enviada por PLASTIMAR LIMITADA;3.0;;126485.0;0.0;0.0
1057532-5620-AG25;1;80111500;Servicios profesionales, administrativos y consultorías de gestión empresarial / Servicios de recursos humanos / Consultorías para el desarrollo de recursos humanos;80111504;Formación, capacitación y entrenamiento de personal;Curso de gestor en inclusión laboral con certificación incluida en plataforma chile valora, para 02 cupos, de acuerdo a especificaciones técnicas adjuntas.;Curso de gestor en inclusión laboral con certificación incluida en plataforma chile valora, para 02 cupos, de acuerdo a especificaciones técnicas adjuntas.;1.0;;1200000.0;0.0;0.0
1057532-5741-SE25;1;78180100;Servicios de transporte, almacenaje y correo / Servicios de mantención o reparaciones de transportes / Mantención o reparación de vehículos;78180103;Servicios de cambio de fluidos de aceite o de la t;-MANTENCIÓN PREVENTIVA ANUAL EN CLINICA MAMOGRAFO MERCEDES BENZ ATEGO.  -PPU: LV.KR-60  -DOTACION DE LA DSSO  -Según Orden de Trabajo N° 205168278;-MANTENCIÓN PREVENTIVA ANUAL EN CLINICA MAMOGRAFO MERCEDES BENZ ATEGO.  -PPU: LV.KR-60  -DOTACION DE LA DSSO  -Según Orden de Trabajo N° 205168278;1.0;;1700411.0;0.0;1700411.0
1057532-5747-SE25;1;42192200;Equipamiento y suministros médicos / Equipamiento para instalaciones médicas / Artículos para transporte de paciente;42192210;Sillas de ruedas;Ítem 2: Sillas de Ruedas Rurales;G909OR46INTII SILLA DE RUEDAS MULTIFUNCIONAL ADAPTABLE Y AJUSTABLE QUE BRINDA UN SOPORTE INTEGRAL A USUARIOS QUE REQUIERAN ASISTENCIA EN MOVILIDAD Y/O DESPLAZAMIENTO. CUENTA CON DIFERENTES CONFIGURACIONES PARA UNA PERSONALIZACIÓN EFECTIVA.;30.0;;135000.0;0.0;4050000.0
1057532-4057-AG25;1;31201500;Artículos de fabricación y producción / Cintas adhesivas y selladores / Cinta adhesiva;31201528;Cinta de montaje;10 CINTAS ENMASCARAR 48MMX40 MTS.;;10.0;;3150.0;0.0;0.0
1057532-4057-AG25;2;31201500;Artículos de fabricación y producción / Cintas adhesivas y selladores / Cinta adhesiva;31201528;Cinta de montaje;10 CINTAS ENMASCARAR 24MMX 40 METROS;;10.0;;2000.0;0.0;0.0
1057532-4057-AG25;3;31261500;Artículos de fabricación y producción / Cubiertas, cajas y envoltorios / Cubiertas y cajas;31261501;Cubiertas y cajas de plástico;3 CAJAS  ORGANIZADORA CON DIVISION, 9 PULGADAS CON SEPARADORES CAMBIABLES 38X23X4,5 CMS;;3.0;;6500.0;0.0;0.0
1057532-4061-AG25;1;60141100;Instrumentos musicales, juegos, juguetes, artesanías y materiales educativos / Juguetes y juegos / Juegos;60141112;Libros de juegos;1 LIBRO MAGNETICO TANGRAMA ( LIBRO CON DIFERENTES FORMAS MAS TANGRAMA MAGNETICA);;1.0;;10815.0;0.0;0.0
1057532-4061-AG25;2;60102700;Instrumentos musicales, juegos, juguetes, artesanías y materiales educativos / Materiales, artículos y suministros didácticos profesionales y para el desarrollo personal / Recursos materiales para el profesor de pensamiento lógico, percepción espacial, identificación de coincidencias y patrones;60102711;Rompecabezas;1 ROMPECABEZAS DE 300 UNIDADES.;;1.0;;15000.0;0.0;0.0
1057532-4061-AG25;3;60102700;Instrumentos musicales, juegos, juguetes, artesanías y materiales educativos / Materiales, artículos y suministros didácticos profesionales y para el desarrollo personal / Recursos materiales para el profesor de pensamiento lógico, percepción espacial, identificación de coincidencias y patrones;60102711;Rompecabezas;1 ROMPECABEZAS DE 200 PIEZAS.;;1.0;;12000.0;0.0;0.0
1057532-1-TD26;1;85122200;Salud, servicios sanitarios y alimentación / Medicina y servicios de salud / Evaluaciones de salud individuales;85122201;Exámenes médicos;SERVICIO DE EXAMENES CON INFORME RADIOLOGICO DE ECOTOMOGRAFIA ABDOMINAL Y MAMARIO PARA LOS HOSPITALES ACREDITADOS DEPENDIENTES DEL SERVICIO DE SALUD OSORNO;9 ECOGRAFIAS MAMARIAS  49 ECOGRAFIAS ABDOMINALES;1.0;;2395550.0;0.0;0.0
1057532-4815-CM25;1;0;;0;HARINA SIN POLVOS SELECTA BOLSA 1 K UNIDAD X REGIÓN;(4319811) HARINA SIN POLVOS SELECTA BOLSA 1 K UNIDAD X REGIÓN;(4319811) HARINA SIN POLVOS SELECTA BOLSA 1 K UNIDAD X REGIÓN , Región de los Lagos , Osorno, M.RODRIGUEZ N°759;120.0;;1228.0;0.0;147360.0
1057532-4815-CM25;2;0;;0;ESPIRALES LUCCHETTI BOLSA 400 G UNIDAD X REGIÓN;(4220222) ESPIRALES LUCCHETTI BOLSA 400 G UNIDAD X REGIÓN;(4220222) ESPIRALES LUCCHETTI BOLSA 400 G UNIDAD X REGIÓN , Región de los Lagos , Osorno, M.RODRIGUEZ N°759;240.0;;889.0;0.0;213360.0
1057532-4815-CM25;3;0;;0;SPAGHETTI CAROZZI N°77 BOLSA 400 G UNIDAD X REGIÓN;(4320100) SPAGHETTI CAROZZI N°77 BOLSA 400 G UNIDAD X REGIÓN;(4320100) SPAGHETTI CAROZZI N°77 BOLSA 400 G UNIDAD X REGIÓN , Región de los Lagos , Osorno, M.RODRIGUEZ N°759;240.0;;891.0;0.0;213840.0
1057532-4815-CM25;4;0;;0;ARROZ CAROZZI GRADO 1 BOLSA 1 K UNIDAD X REGIÓN;(4275234) ARROZ CAROZZI GRADO 1 BOLSA 1 K UNIDAD X REGIÓN;(4275234) ARROZ CAROZZI GRADO 1 BOLSA 1 K UNIDAD X REGIÓN , Región de los Lagos , Osorno, M.RODRIGUEZ N°759;120.0;;2684.0;0.0;322080.0
1057532-4815-CM25;5;0;;0;CAFÉ INSTANTANEO GOLD FRASCO 170 G UNIDAD X REGIÓN;(4226750) CAFÉ INSTANTANEO GOLD FRASCO 170 G UNIDAD X REGIÓN;(4226750) CAFÉ INSTANTANEO GOLD FRASCO 170 G UNIDAD X REGIÓN , Región de los Lagos , Osorno, M.RODRIGUEZ N°759;120.0;;6752.0;0.0;810240.0
1057532-4815-CM25;6;0;;0;ENDULZANTE LIQUIDO IANSA SUCRALOSA BOTELLA 270 ML UNIDAD X REGIÓN;(4225118) ENDULZANTE LIQUIDO IANSA SUCRALOSA BOTELLA 270 ML UNIDAD X REGIÓN;(4225118) ENDULZANTE LIQUIDO IANSA SUCRALOSA BOTELLA 270 ML UNIDAD X REGIÓN , Región de los Lagos , Osorno, M.RODRIGUEZ N°759;120.0;;3745.0;0.0;449400.0
1057532-4815-CM25;7;0;;0;SALSA DE TOMATE POMAROLA NATURAL DOYPACK 200 G UNIDAD X REGIÓN;(4240690) SALSA DE TOMATE POMAROLA NATURAL DOYPACK 200 G UNIDAD X REGIÓN;(4240690) SALSA DE TOMATE POMAROLA NATURAL DOYPACK 200 G UNIDAD X REGIÓN , Región de los Lagos , Osorno, M.RODRIGUEZ N°759;360.0;;445.0;0.0;160200.0
1057532-4815-CM25;8;0;;0;LENTEJA 5 MM BOLSA 1K UNIDAD X REGIÓN;(4208152) LENTEJA 5 MM BOLSA 1K UNIDAD X REGIÓN;(4208152) LENTEJA 5 MM BOLSA 1K UNIDAD X REGIÓN , Región de los Lagos , Osorno, M.RODRIGUEZ N°759;120.0;;2657.0;0.0;318840.0
1057532-4815-CM25;9;0;;0;GARBANZO CON PIEL BOLSA 1 K UNIDAD X REGIÓN;(4199635) GARBANZO CON PIEL BOLSA 1 K UNIDAD X REGIÓN;(4199635) GARBANZO CON PIEL BOLSA 1 K UNIDAD X REGIÓN , Región de los Lagos , Osorno, M.RODRIGUEZ N°759;120.0;;2793.0;0.0;335160.0
1057532-4815-CM25;10;0;;0;JUREL CONSERVA AL NATURAL COLISEO MEDALLON TARRO 425 G UNIDAD X REGIÓN;(4225339) JUREL CONSERVA AL NATURAL COLISEO MEDALLON TARRO 425 G UNIDAD X REGIÓN;(4225339) JUREL CONSERVA AL NATURAL COLISEO MEDALLON TARRO 425 G UNIDAD X REGIÓN , Región de los Lagos , Osorno, M.RODRIGUEZ N°759;240.0;;1489.0;0.0;357360.0
1057532-4815-CM25;11;0;;0;ATUN CONSERVA AL AGUA SAN JOSE LOMITOS TARRO 170 G UNIDAD X REGIÓN;(4264694) ATUN CONSERVA AL AGUA SAN JOSE LOMITOS TARRO 170 G UNIDAD X REGIÓN;(4264694) ATUN CONSERVA AL AGUA SAN JOSE LOMITOS TARRO 170 G UNIDAD X REGIÓN , Región de los Lagos , Osorno, M.RODRIGUEZ N°759;240.0;;2494.0;0.0;598560.0
1057532-4815-CM25;12;0;;0;SAL FINA BOLSA 1 K UNIDAD X REGIÓN;(4210821) SAL FINA BOLSA 1 K UNIDAD X REGIÓN;(4210821) SAL FINA BOLSA 1 K UNIDAD X REGIÓN , Región de los Lagos , Osorno, M.RODRIGUEZ N°759;120.0;;369.0;0.0;44280.0
1057532-4815-CM25;13;0;;0;MERMELADA SIN AZUCAR REGIMEL DURAZNO BOLSA 200 G UNIDAD X REGIÓN;(4234349) MERMELADA SIN AZUCAR REGIMEL DURAZNO BOLSA 200 G UNIDAD X REGIÓN;(4234349) MERMELADA SIN AZUCAR REGIMEL DURAZNO BOLSA 200 G UNIDAD X REGIÓN , Región de los Lagos , Osorno, M.RODRIGUEZ N°759;240.0;;1350.0;0.0;324000.0
1057532-4815-CM25;14;0;;0;AVENA SELECTA INSTANTANEA CAJA 500 G UNIDAD X REGIÓN;(4197612) AVENA SELECTA INSTANTANEA CAJA 500 G UNIDAD X REGIÓN;(4197612) AVENA SELECTA INSTANTANEA CAJA 500 G UNIDAD X REGIÓN , Región de los Lagos , Osorno, M.RODRIGUEZ N°759;240.0;;934.0;0.0;224160.0
1057532-4815-CM25;15;0;;0;GALLETA INTEGRAL COSTA SALVADO BOLSA 585 G UNIDAD X REGIÓN;(4204480) GALLETA INTEGRAL COSTA SALVADO BOLSA 585 G UNIDAD X REGIÓN;(4204480) GALLETA INTEGRAL COSTA SALVADO BOLSA 585 G UNIDAD X REGIÓN , Región de los Lagos , Osorno, M.RODRIGUEZ N°759;120.0;;2857.0;0.0;342840.0
1057532-4815-CM25;16;0;;0;LEVADURA SAF-INSTANT SECA CAJA 125 G UNIDAD X REGIÓN;(4272956) LEVADURA SAF-INSTANT SECA CAJA 125 G UNIDAD X REGIÓN;(4272956) LEVADURA SAF-INSTANT SECA CAJA 125 G UNIDAD X REGIÓN , Región de los Lagos , Osorno, M.RODRIGUEZ N°759;240.0;;1888.0;0.0;453120.0
1057532-4815-CM25;17;0;;0;JUGO EN POLVO LIGHT LIVEAN BERRIES SOBRE 7 G UNIDAD X REGIÓN;(4239993) JUGO EN POLVO LIGHT LIVEAN BERRIES SOBRE 7 G UNIDAD X REGIÓN;(4239993) JUGO EN POLVO LIGHT LIVEAN BERRIES SOBRE 7 G UNIDAD X REGIÓN , Región de los Lagos , Osorno, M.RODRIGUEZ N°759;1200.0;;223.0;0.0;267600.0
1057532-4815-CM25;18;0;;0;FRUTA CONSERVA ACONCAGUA DURAZNO EN ALMIBAR MITADES TARRO 425 G UNIDAD X REGIÓN;(4227787) FRUTA CONSERVA ACONCAGUA DURAZNO EN ALMIBAR MITADES TARRO 425 G UNIDAD X REGIÓN;(4227787) FRUTA CONSERVA ACONCAGUA DURAZNO EN ALMIBAR MITADES TARRO 425 G UNIDAD X REGIÓN , Región de los Lagos , Osorno, M.RODRIGUEZ N°759;120.0;;1636.0;0.0;196320.0
1057532-4815-CM25;19;0;;0;CAJA DE ALIMENTOS REGIÓN X;(4321956) CAJA DE ALIMENTOS REGIÓN X;(4321956) CAJA DE ALIMENTOS REGIÓN X , Región de los Lagos , Osorno, M.RODRIGUEZ N°759;120.0;;1200.0;0.0;144000.0
1057532-4815-CM25;20;0;;0;POROTO TORTOLA BOLSA 1 K UNIDAD X REGIÓN;(4206027) POROTO TORTOLA BOLSA 1 K UNIDAD X REGIÓN;(4206027) POROTO TORTOLA BOLSA 1 K UNIDAD X REGIÓN , Región de los Lagos , Osorno, M.RODRIGUEZ N°759;120.0;;3415.0;0.0;409800.0
1057532-4815-CM25;21;0;;0;POLVOS DE HORNEAR IMPERIAL TARRO 200 G UNIDAD X REGIÓN;(4220783) POLVOS DE HORNEAR IMPERIAL TARRO 200 G UNIDAD X REGIÓN;(4220783) POLVOS DE HORNEAR IMPERIAL TARRO 200 G UNIDAD X REGIÓN , Región de los Lagos , Osorno, M.RODRIGUEZ N°759;120.0;;2070.0;0.0;248400.0
1057532-5770-AG25;1;42311500;Equipamiento y suministros médicos / Productos para el cuidado de heridas / Vendas, vendajes y productos relacionados;42311526;Vendajes de apósitos;Fieltro de Descarga Clínica, de acuerdo a requerimientos técnicos adjuntos. se debe adjuntar Catalogo o ficha técnica para corroboración de especificaciones.;FIELTRO DE DESCARGA CLÍNICA//MARCA FRESCO;700.0;;5880.0;0.0;0.0
1057532-4797-AG25;1;82101900;Servicios editoriales, de diseño, publicidad, gráficos y artistas / Publicidad / Inserciones publicitarias en medios;82101901;Avisos en radio;Avisos radiales de vacunación escolar, según características técnicas adjuntas.;;1.0;;1008403.0;0.0;0.0
1057532-5802-SE25;1;78180100;Servicios de transporte, almacenaje y correo / Servicios de mantención o reparaciones de transportes / Mantención o reparación de vehículos;78180103;Servicios de cambio de fluidos de aceite o de la t;Mantención Correctiva Ambulancia Ford Transit, PPU. KX.SL-77 - DOTACION BASE SAMU OSORNO // PRESUPUESTO N°57;Mantención Preventiva, Correctiva y/o Reparativa Conversiones en Ambulancias y Vehículos Especiales año 2025, SSO;1.0;;4727350.0;0.0;4727350.0
1057532-4582-AG25;1;90101700;Servicios de Viajes, alimentación, alojamiento y entretenimiento / Restaurantes y catering / Servicios de cafetería;90101701;Gestión de cafetería;Servicio de Cafetería para el día 24.06.2025 para 35 personas en horario AM/10:30-11:00 hrs.  Lugar de la actividad será previamente coordinada,   se adjuntan especificaciones técnicas para el servicio de cafetería, firmar y adjuntar;Servicio de Cafetería;35.0;;4201.0;0.0;0.0
1057532-4582-AG25;2;90101700;Servicios de Viajes, alimentación, alojamiento y entretenimiento / Restaurantes y catering / Servicios de cafetería;90101701;Gestión de cafetería;Servicio de cafetería para el mes de Septiembre para 35 personas en horario AM/10:30-11:00 hrs.   fecha y lugar de la actividad será previamente coordinada,   se adjuntan especificaciones técnicas para el servicio de cafetería, firmar y adjuntar;Servicio de Cafetería;35.0;;4202.0;0.0;0.0
1057532-5034-CC25;1;80111500;Servicios profesionales, administrativos y consultorías de gestión empresarial / Servicios de recursos humanos / Consultorías para el desarrollo de recursos humanos;80111504;Formación, capacitación y entrenamiento de persona;CONTRATACION DE SERVICIO DE DIPLOMADO EN PSICOONCOLOGÍA ADULTO PEDIATRICO.;CONTRATACION DE SERVICIO DE DIPLOMADO EN PSICOONCOLOGÍA ADULTO PEDIATRICO.;1.0;;1275000.0;0.0;1275000.0
1057532-5609-AG25;1;60141100;Instrumentos musicales, juegos, juguetes, artesanías y materiales educativos / Juguetes y juegos / Juegos;60141102;Juegos de mesa;Juego de mesa Basta.;Juego de mesa Basta.;2.0;;7500.0;0.0;0.0
1057532-5609-AG25;2;60141100;Instrumentos musicales, juegos, juguetes, artesanías y materiales educativos / Juguetes y juegos / Juegos;60141102;Juegos de mesa;Juego de mesa DOBBLE.;Juego de mesa DOBBLE.;2.0;;4538.0;0.0;0.0
1057532-5609-AG25;3;60141100;Instrumentos musicales, juegos, juguetes, artesanías y materiales educativos / Juguetes y juegos / Juegos;60141102;Juegos de mesa;Juego de mesa MEMORICE.;Juego de mesa MEMORICE.;2.0;;5000.0;0.0;0.0
1057532-5609-AG25;4;60141100;Instrumentos musicales, juegos, juguetes, artesanías y materiales educativos / Juguetes y juegos / Juegos;60141102;Juegos de mesa;Juego de mesa CATAN.;Juego de mesa CATAN.;1.0;;33000.0;0.0;0.0
1057532-5609-AG25;5;60141100;Instrumentos musicales, juegos, juguetes, artesanías y materiales educativos / Juguetes y juegos / Juegos;60141102;Juegos de mesa;Juego de ENCAJE.;Juego de ENCAJE.;2.0;;3613.0;0.0;0.0
1057532-5609-AG25;6;60141100;Instrumentos musicales, juegos, juguetes, artesanías y materiales educativos / Juguetes y juegos / Juegos;60141102;Juegos de mesa;Juego de CARTAS UNO.;Juego de CARTAS UNO.;2.0;;2941.0;0.0;0.0
1057532-5609-AG25;7;60141100;Instrumentos musicales, juegos, juguetes, artesanías y materiales educativos / Juguetes y juegos / Juegos;60141102;Juegos de mesa;ROMPECABEZA 100 PIEZAS.;ROMPECABEZA 100 PIEZAS.;2.0;;14500.0;0.0;0.0
1057532-5609-AG25;8;60141100;Instrumentos musicales, juegos, juguetes, artesanías y materiales educativos / Juguetes y juegos / Juegos;60141102;Juegos de mesa;MOVIL PARA CUNA SIN PILAS.;MOVIL PARA CUNA SIN PILAS.;19.0;;2.0;0.0;0.0
1057532-5609-AG25;9;60141100;Instrumentos musicales, juegos, juguetes, artesanías y materiales educativos / Juguetes y juegos / Juegos;60141102;Juegos de mesa;Pared didáctica madera.;Pared didáctica madera.;1.0;;150000.0;0.0;0.0
1057532-5609-AG25;10;60141100;Instrumentos musicales, juegos, juguetes, artesanías y materiales educativos / Juguetes y juegos / Juegos;60141102;Juegos de mesa;Juego simulacro de casa.;Juego simulacro de casa.;1.0;;3109.0;0.0;0.0
1057532-5609-AG25;11;60141100;Instrumentos musicales, juegos, juguetes, artesanías y materiales educativos / Juguetes y juegos / Juegos;60141102;Juegos de mesa;Juego grandes ideas.;Juego grandes ideas.;1.0;;9496.0;0.0;0.0
1057532-5609-AG25;12;60141100;Instrumentos musicales, juegos, juguetes, artesanías y materiales educativos / Juguetes y juegos / Juegos;60141102;Juegos de mesa;Pelotas sensoriales.;Pelotas sensoriales.;7.0;;8151.0;0.0;0.0
1057532-5609-AG25;13;60141100;Instrumentos musicales, juegos, juguetes, artesanías y materiales educativos / Juguetes y juegos / Juegos;60141102;Juegos de mesa;Tarjetas alto contraste.;Tarjetas alto contraste.;5.0;;4000.0;0.0;0.0
1057532-5766-SE25;1;78180100;Servicios de transporte, almacenaje y correo / Servicios de mantención o reparaciones de transportes / Mantención o reparación de vehículos;78180103;Servicios de cambio de fluidos de aceite o de la t;-SERVICIO CORRECTIVO AMBULANCIA MERCEDES BENZ SPRINTER.  -PPU: JB.CY-47  -DOTACION DE LA BASE SAMU OSORNO  -Según Orden de Trabajo N° 205191906;-SERVICIO CORRECTIVO AMBULANCIA MERCEDES BENZ SPRINTER.  -PPU: JB.CY-47  -DOTACION DE LA BASE SAMU OSORNO  -Según Orden de Trabajo N° 205191906;1.0;;1165070.0;0.0;1165070.0
1057532-5-TD26;1;42181700;Equipamiento y suministros médicos / Productos para exámenes y control de pacientes / Unidades de electrocardiografía (ECG) y productos relacionados;42181701;Unidades de electrocardiografía (ECG);Arriendo de electrocardiógrafos e informe de electrocardiogramas.    Nota: No se podrá emitir factura sin previa recepción conforme de O/C. La factura debe indicar el número de O/C asociada. Enviar factura en archivo xlms y pdf al correo dipresrecepcion@custodium.com;Arriendo de electrocardiógrafos e informe de electrocardiogramas.  Desde el 01-01-2026 al 09-01-2026.;1.0;;400000.0;0.0;0.0
1057532-4418-AG25;1;82101900;Servicios editoriales, de diseño, publicidad, gráficos y artistas / Publicidad / Inserciones publicitarias en medios;82101901;Avisos en radio;Avisos Radiales Promocionales Campaña Invierno 2025, según características técnicas adjuntas.;;1.0;;630252.0;0.0;0.0
1057532-5796-SE25;1;78180100;Servicios de transporte, almacenaje y correo / Servicios de mantención o reparaciones de transportes / Mantención o reparación de vehículos;78180103;Servicios de cambio de fluidos de aceite o de la t;Servicios Correctivos en Furgón Mercedes-Benz Sprinter, PPU: RH.ZJ-31 de dotación de la Dirección Servicio de Salud Osorno // OT. N° 205212381;Servicios Correctivos en Furgón Mercedes-Benz Sprinter, PPU: RH.ZJ-31 de dotación de la Dirección Servicio de Salud Osorno // OT. N° 205212381;1.0;;167106.0;0.0;167106.0
1057532-5734-SE25;1;78180100;Servicios de transporte, almacenaje y correo / Servicios de mantención o reparaciones de transportes / Mantención o reparación de vehículos;78180103;Servicios de cambio de fluidos de aceite o de la t;Mantención Correctiva en Ambulancia Mercedes-Benz Sprinter, PPU: PC.VF-21 de dotación de la Base SAMU Osorno // OT. N° 205202634;Mantención Correctiva en Ambulancia Mercedes-Benz Sprinter, PPU: PC.VF-21 de dotación de la Base SAMU Osorno // OT. N° 205202634;1.0;;1312628.0;0.0;1312628.0
1057532-7-TD26;1;85122200;Salud, servicios sanitarios y alimentación / Medicina y servicios de salud / Evaluaciones de salud individuales;85122201;Exámenes médicos;SERVICIO DE EXAMENES CON INFORME RADIOLOGICO DE ECOTOMOGRAFIA ABDOMINAL Y MAMARIO PARA LOS HOSPITALES ACREDITADOS DEPENDIENTES DEL SERVICIO DE SALUD OSORNO;9 ECOGRAFIAS   MAMARIAS  49 ECOGRAFIAS   ABDOMINALES;1.0;;2395550.0;0.0;0.0
1057532-5769-SE25;1;31241500;Artículos de fabricación y producción / Óptica industrial / Lentes y prismas industriales;31241501;Lentes;LENTES;LENTES;1.0;;180000.0;0.0;180000.0
1057532-5769-SE25;2;31241500;Artículos de fabricación y producción / Óptica industrial / Lentes y prismas industriales;31241501;Lentes;;;1.0;;180000.0;0.0;180000.0
1057532-5414-AG25;1;85122200;Salud, servicios sanitarios y alimentación / Medicina y servicios de salud / Evaluaciones de salud individuales;85122201;Exámenes médicos;holter de arritmia;;1.0;;68000.0;0.0;0.0
1057532-5414-AG25;2;85122200;Salud, servicios sanitarios y alimentación / Medicina y servicios de salud / Evaluaciones de salud individuales;85122201;Exámenes médicos;ecocardiograma transtoracico;;1.0;;168000.0;0.0;0.0
1057727-36-SE25;1;93141700;Organizaciones y consultorías políticas, demográficas, económicas, sociales y de administración pública / Desarrollo social, demográfico y comunitario / Cultura;93141702;Servicios de promoción cultural;Taller de fotografía según formulario de especificaciones técnicas adjuntas.;Taller de fotografía según formulario de especificaciones técnicas adjuntas.;1.0;;427500.0;0.0;427500.0
1057532-5777-SE25;1;70141600;Servicios agrícolas, pesqueros, forestales y relacionados con la fauna / Producción, administración y protección de cultivos / Protección de cultivos;70141605;Servicios integrados de gestión de plagas;Servicio Desratización: Base SAMU, Amador Barrientos # 2360;Servicio Desratización, Desinsectación y Desinfección S.S.O. y establecimientos dependientes;1.0;;15000.0;0.0;15000.0
1057532-5777-SE25;2;70141600;Servicios agrícolas, pesqueros, forestales y relacionados con la fauna / Producción, administración y protección de cultivos / Protección de cultivos;70141605;Servicios integrados de gestión de plagas;Servicio Sanitización: Base SAMU, Amador Barrientos # 2360;Servicio Desratización, Desinsectación y Desinfección S.S.O. y establecimientos dependientes;1.0;;10000.0;0.0;10000.0
1057532-5777-SE25;3;70141600;Servicios agrícolas, pesqueros, forestales y relacionados con la fauna / Producción, administración y protección de cultivos / Protección de cultivos;70141605;Servicios integrados de gestión de plagas;Servicio Desinsectación: Base SAMU, Amador Barrientos # 2360;Servicio Desratización, Desinsectación y Desinfección S.S.O. y establecimientos dependientes;1.0;;13000.0;0.0;13000.0
1057532-5780-SE25;1;70141600;Servicios agrícolas, pesqueros, forestales y relacionados con la fauna / Producción, administración y protección de cultivos / Protección de cultivos;70141605;Servicios integrados de gestión de plagas;Servicio Desinsectación: Comunidad Terapéutica Peulla Residencial, García Hurtado de Mendoza # 945, y Peulla ambulatoria, Leonardo Da Vinci # 1615;Servicio Desratización, Desinsectación y Desinfección S.S.O. y establecimientos dependientes;2.0;;13000.0;0.0;26000.0
1057532-5780-SE25;2;70141600;Servicios agrícolas, pesqueros, forestales y relacionados con la fauna / Producción, administración y protección de cultivos / Protección de cultivos;70141605;Servicios integrados de gestión de plagas;Servicio Sanitización: Comunidad Terapéutica Peulla Residencial, García Hurtado de Mendoza # 945, y Peulla ambulatoria, Leonardo Da Vinci # 1615;Servicio Desratización, Desinsectación y Desinfección S.S.O. y establecimientos dependientes;2.0;;10000.0;0.0;20000.0
1057532-5780-SE25;3;70141600;Servicios agrícolas, pesqueros, forestales y relacionados con la fauna / Producción, administración y protección de cultivos / Protección de cultivos;70141605;Servicios integrados de gestión de plagas;Servicio Desratización: Comunidad Terapéutica Peulla Residencial, García Hurtado de Mendoza # 945, y Peulla ambulatoria, Leonardo Da Vinci # 1615;Servicio Desratización, Desinsectación y Desinfección S.S.O. y establecimientos dependientes;2.0;;15000.0;0.0;30000.0
1057532-5665-CC25;1;80111500;Servicios profesionales, administrativos y consultorías de gestión empresarial / Servicios de recursos humanos / Consultorías para el desarrollo de recursos humanos;80111504;Formación, capacitación y entrenamiento de persona;CUPOS SERVICIO DE TALLER DE PROFUNDIZACIÓN DE DERECHOS HUMANOS Y SU APLICABILIDAD EN HOSPITALIZACIÓN PSIQUIATRICA;CUPOS SERVICIO DE TALLER DE PROFUNDIZACIÓN DE DERECHOS HUMANOS Y SU APLICABILIDAD EN HOSPITALIZACIÓN PSIQUIATRICA;2.0;;167242.0;0.0;334484.0
1057532-8-TD26;1;85122200;Salud, servicios sanitarios y alimentación / Medicina y servicios de salud / Evaluaciones de salud individuales;85122201;Exámenes médicos;SERVICIO DE EXAMENES CON INFORME RADIOLOGICO DE ECOTOMOGRAFIA ABDOMINAL Y MAMARIO PARA LOS HOSPITALES ACREDITADOS DEPENDIENTES DEL SERVICIO DE SALUD OSORNO;9  ECOGRAFIAS  MAMARIAS  49 ECOGRAFIAS  ABDOMINALES;1.0;;2395550.0;0.0;0.0
1057532-4320-CM25;1;0;;0;ESTACIÓN DE SERVICIO DIESEL - REGIÓN DE LOS LAGOS DESCUENTO PESOS POR LITRO;(2237135) ESTACIÓN DE SERVICIO DIESEL - REGIÓN DE LOS LAGOS DESCUENTO PESOS POR LITRO;(2237135) ESTACIÓN DE SERVICIO DIESEL - REGIÓN DE LOS LAGOS DESCUENTO PESOS POR LITRO , Región Metropolitana de Santiago, Santiago, Direccion no aplica a productos virtuales, Descuento $54;1.0;;28752996.0;0.0;28752996.0
1057532-4320-CM25;2;0;;0;ESTACIÓN DE SERVICIO GASOLINA - REGIÓN DE LOS LAGOS DESCUENTO PESOS POR LITRO;(2237119) ESTACIÓN DE SERVICIO GASOLINA - REGIÓN DE LOS LAGOS DESCUENTO PESOS POR LITRO;(2237119) ESTACIÓN DE SERVICIO GASOLINA - REGIÓN DE LOS LAGOS DESCUENTO PESOS POR LITRO , Región Metropolitana de Santiago, Santiago, Direccion no aplica a productos virtuales, Descuento $40;1.0;;17598748.0;0.0;17598748.0
1057532-5631-CC25;1;80111500;Servicios profesionales, administrativos y consultorías de gestión empresarial / Servicios de recursos humanos / Consultorías para el desarrollo de recursos humanos;80111504;Formación, capacitación y entrenamiento de persona;Servicios Logísticos y Académicos de Iniciativas Extraordinarias de Capacitación y Perfeccionamiento dirigidos a Profesionales que se desempeñan en Atención Primaria de Salud Municipal;Servicios Logísticos y Académicos de Iniciativas Extraordinarias de Capacitación y Perfeccionamiento dirigidos a Profesionales que se desempeñan en Atención Primaria de Salud Municipal;1.0;;6623500.0;0.0;6623500.0
1057532-5775-SE25;1;70141600;Servicios agrícolas, pesqueros, forestales y relacionados con la fauna / Producción, administración y protección de cultivos / Protección de cultivos;70141605;Servicios integrados de gestión de plagas;Servicio Desinsectación: COSAM Oriente, Angulo N°399;Servicio Desratización, Desinsectación y Desinfección S.S.O. y  establecimientos dependientes;1.0;;13000.0;0.0;13000.0
1057532-5775-SE25;2;70141600;Servicios agrícolas, pesqueros, forestales y relacionados con la fauna / Producción, administración y protección de cultivos / Protección de cultivos;70141605;Servicios integrados de gestión de plagas;Servicio Desratización: COSAM Oriente, Angulo N°399;Servicio Desratización, Desinsectación y Desinfección S.S.O. y  establecimientos dependientes;1.0;;15000.0;0.0;15000.0
1057532-5775-SE25;3;70141600;Servicios agrícolas, pesqueros, forestales y relacionados con la fauna / Producción, administración y protección de cultivos / Protección de cultivos;70141605;Servicios integrados de gestión de plagas;Servicio Sanitización: COSAM Oriente, Angulo N°399;Servicio Desratización, Desinsectación y Desinfección S.S.O. y  establecimientos dependientes;1.0;;10000.0;0.0;10000.0
1057532-5783-SE25;1;70141600;Servicios agrícolas, pesqueros, forestales y relacionados con la fauna / Producción, administración y protección de cultivos / Protección de cultivos;70141605;Servicios integrados de gestión de plagas;Servicio Desratización: COSAM Rahue, Av. República # 570,;Servicio Desratización, Desinsectación y Desinfección S.S.O. y establecimientos dependientes;1.0;;15000.0;0.0;15000.0
1057532-5783-SE25;2;70141600;Servicios agrícolas, pesqueros, forestales y relacionados con la fauna / Producción, administración y protección de cultivos / Protección de cultivos;70141605;Servicios integrados de gestión de plagas;Servicio Sanitización: COSAM Rahue, Av. República # 570,;Servicio Desratización, Desinsectación y Desinfección S.S.O. y establecimientos dependientes;1.0;;10000.0;0.0;10000.0
1057532-5783-SE25;3;70141600;Servicios agrícolas, pesqueros, forestales y relacionados con la fauna / Producción, administración y protección de cultivos / Protección de cultivos;70141605;Servicios integrados de gestión de plagas;Servicio Desinsectación: COSAM Rahue, Av. República # 570,;Servicio Desratización, Desinsectación y Desinfección S.S.O. y establecimientos dependientes;1.0;;13000.0;0.0;13000.0
1057532-5772-SE25;1;70141600;Servicios agrícolas, pesqueros, forestales y relacionados con la fauna / Producción, administración y protección de cultivos / Protección de cultivos;70141605;Servicios integrados de gestión de plagas;Servicio Desinsectación: Edificio Manuel Rodríguez #759 y Edificio German Hube #1431 (Ex Cosam Oriente DSSO).;Servicio Desratización, Desinsectación y Desinfección S.S.O. y establecimientos dependientes;2.0;;13000.0;0.0;26000.0
1057532-5772-SE25;2;70141600;Servicios agrícolas, pesqueros, forestales y relacionados con la fauna / Producción, administración y protección de cultivos / Protección de cultivos;70141605;Servicios integrados de gestión de plagas;Servicio Desratización: Edificio Manuel Rodriguez #759 (DSSO) y Edificio German Hube # 1431 (ex Cosam Oriente);Servicio Desratización, Desinsectación y Desinfección S.S.O. y establecimientos dependientes;2.0;;15000.0;0.0;30000.0
1057532-5772-SE25;3;70141600;Servicios agrícolas, pesqueros, forestales y relacionados con la fauna / Producción, administración y protección de cultivos / Protección de cultivos;70141605;Servicios integrados de gestión de plagas;Servicio Sanitización: Edificio Manuel Rodríguez #759, Edificio Plaza Sur Av. Mackenna # 825.;Servicio Desratización, Desinsectación y Desinfección S.S.O. y establecimientos dependientes;2.0;;10000.0;0.0;20000.0
1057532-5795-SE25;1;93151500;Organizaciones y consultorías políticas, demográficas, económicas, sociales y de administración pública / Administración y finanzas públicas / Administración pública;93151507;Procedimientos o servicios administrativos;Carga de 538 tarjetas de alimentación correspondiente al mes de Diciembre 2025;Carga de tarjetas de alimentación para funcionarios // Intención de Compra N°73778 // Res. Exenta N°1565/31.01.2025 Aprueba Acuerdo Complementario // Consumo Mes  de Diciembre 2025;1.0;;35164650.0;0.0;35164650.0
1057532-5781-SE25;1;70141600;Servicios agrícolas, pesqueros, forestales y relacionados con la fauna / Producción, administración y protección de cultivos / Protección de cultivos;70141605;Servicios integrados de gestión de plagas;Servicio Desinsectación: Casa PRAIS, Lord Cochrane #1245,;Servicio Desratización, Desinsectación y Desinfección S.S.O. y establecimientos dependientes;1.0;;13000.0;0.0;13000.0
1057532-5781-SE25;2;70141600;Servicios agrícolas, pesqueros, forestales y relacionados con la fauna / Producción, administración y protección de cultivos / Protección de cultivos;70141605;Servicios integrados de gestión de plagas;Servicio Desratización: Casa PRAIS, Lord Cochrane #1245,;Servicio Desratización, Desinsectación y Desinfección S.S.O. y establecimientos dependientes;1.0;;15000.0;0.0;15000.0
1057532-5781-SE25;3;70141600;Servicios agrícolas, pesqueros, forestales y relacionados con la fauna / Producción, administración y protección de cultivos / Protección de cultivos;70141605;Servicios integrados de gestión de plagas;Servicio Sanitización: Casa PRAIS, Lord Cochrane #1245,;Servicio Desratización, Desinsectación y Desinfección S.S.O. y establecimientos dependientes;1.0;;10000.0;0.0;10000.0
1057532-5774-SE25;1;70141600;Servicios agrícolas, pesqueros, forestales y relacionados con la fauna / Producción, administración y protección de cultivos / Protección de cultivos;70141605;Servicios integrados de gestión de plagas;Servicio Desinsectación: Casa PRAIS, Lord Cochrane #1245,;Servicio Desratización, Desinsectación y Desinfección S.S.O. y establecimientos dependientes;1.0;;13000.0;0.0;13000.0
1057532-5774-SE25;2;70141600;Servicios agrícolas, pesqueros, forestales y relacionados con la fauna / Producción, administración y protección de cultivos / Protección de cultivos;70141605;Servicios integrados de gestión de plagas;Servicio Desratización: Casa PRAIS, Lord Cochrane #1245,;Servicio Desratización, Desinsectación y Desinfección S.S.O. y establecimientos dependientes;1.0;;15000.0;0.0;15000.0
1057532-5774-SE25;3;70141600;Servicios agrícolas, pesqueros, forestales y relacionados con la fauna / Producción, administración y protección de cultivos / Protección de cultivos;70141605;Servicios integrados de gestión de plagas;Servicio Sanitización: Casa PRAIS, Lord Cochrane #1245,;Servicio Desratización, Desinsectación y Desinfección S.S.O. y establecimientos dependientes;1.0;;10000.0;0.0;10000.0
1057532-5778-SE25;1;70141600;Servicios agrícolas, pesqueros, forestales y relacionados con la fauna / Producción, administración y protección de cultivos / Protección de cultivos;70141605;Servicios integrados de gestión de plagas;Servicio Desratización: Centro de Rehabilitación del Adulto Mayor (CDRAM), IPROSEC, Los Carreras # 418,;Servicio Desratización, Desinsectación y Desinfección S.S.O. y establecimientos dependientes;1.0;;15000.0;0.0;15000.0
1057532-5778-SE25;2;70141600;Servicios agrícolas, pesqueros, forestales y relacionados con la fauna / Producción, administración y protección de cultivos / Protección de cultivos;70141605;Servicios integrados de gestión de plagas;Servicio Sanitización: Centro de Rehabilitación del Adulto Mayor (CDRAM), IPROSEC, Los Carreras # 418,;Servicio Desratización, Desinsectación y Desinfección S.S.O. y establecimientos dependientes;1.0;;10000.0;0.0;10000.0
1057532-5778-SE25;3;70141600;Servicios agrícolas, pesqueros, forestales y relacionados con la fauna / Producción, administración y protección de cultivos / Protección de cultivos;70141605;Servicios integrados de gestión de plagas;Servicio Desinsectación: Centro de Rehabilitación del Adulto Mayor (CDRAM), IPROSEC, Los Carreras # 418,;Servicio Desratización, Desinsectación y Desinfección S.S.O. y establecimientos dependientes;1.0;;13000.0;0.0;13000.0
1057532-5776-SE25;1;70141600;Servicios agrícolas, pesqueros, forestales y relacionados con la fauna / Producción, administración y protección de cultivos / Protección de cultivos;70141605;Servicios integrados de gestión de plagas;Servicio Desratización: COSAM Rahue, Av. República # 570,;Servicio Desratización, Desinsectación y Desinfección S.S.O. y establecimientos dependientes;1.0;;15000.0;0.0;15000.0
1057532-5776-SE25;2;70141600;Servicios agrícolas, pesqueros, forestales y relacionados con la fauna / Producción, administración y protección de cultivos / Protección de cultivos;70141605;Servicios integrados de gestión de plagas;Servicio Sanitización: COSAM Rahue, Av. República # 570,;Servicio Desratización, Desinsectación y Desinfección S.S.O. y establecimientos dependientes;1.0;;10000.0;0.0;10000.0
1057532-5776-SE25;3;70141600;Servicios agrícolas, pesqueros, forestales y relacionados con la fauna / Producción, administración y protección de cultivos / Protección de cultivos;70141605;Servicios integrados de gestión de plagas;Servicio Desinsectación: COSAM Rahue, Av. República # 570,;Servicio Desratización, Desinsectación y Desinfección S.S.O. y establecimientos dependientes;1.0;;13000.0;0.0;13000.0
1057532-5784-SE25;1;70141600;Servicios agrícolas, pesqueros, forestales y relacionados con la fauna / Producción, administración y protección de cultivos / Protección de cultivos;70141605;Servicios integrados de gestión de plagas;Servicio Desratización: Base SAMU, Amador Barrientos # 2360;Servicio Desratización, Desinsectación y Desinfección S.S.O. y establecimientos dependientes;1.0;;15000.0;0.0;15000.0
1057532-5784-SE25;2;70141600;Servicios agrícolas, pesqueros, forestales y relacionados con la fauna / Producción, administración y protección de cultivos / Protección de cultivos;70141605;Servicios integrados de gestión de plagas;Servicio Sanitización: Base SAMU, Amador Barrientos # 2360;Servicio Desratización, Desinsectación y Desinfección S.S.O. y establecimientos dependientes;1.0;;10000.0;0.0;10000.0
1057532-5784-SE25;3;70141600;Servicios agrícolas, pesqueros, forestales y relacionados con la fauna / Producción, administración y protección de cultivos / Protección de cultivos;70141605;Servicios integrados de gestión de plagas;Servicio Desinsectación: Base SAMU, Amador Barrientos # 2360;Servicio Desratización, Desinsectación y Desinfección S.S.O. y establecimientos dependientes;1.0;;13000.0;0.0;13000.0
1057532-5743-SE25;1;78111800;Servicios de transporte, almacenaje y correo / Transporte de pasajeros / Transporte de pasajeros por carretera;78111808;Arriendo de vehículos;ARRIENDO AMBULANCIA IVECO DAILY SS.PY-14  (Inicio 01.11.2025/Término 12.11.2025);ARRIENDO AMBULANCIA IVECO DAILY SS.PY-14;11.0;;150000.0;0.0;1650000.0
1057532-5743-SE25;2;78111800;Servicios de transporte, almacenaje y correo / Transporte de pasajeros / Transporte de pasajeros por carretera;78111808;Arriendo de vehículos;ARRIENDO AMBULANCIA IVECO DAILY SS.PY-14  (Inicio 16.11.2025/Término 18.11.2025);ARRIENDO AMBULANCIA IVECO DAILY SS.PY-14;3.0;;150000.0;0.0;450000.0
1057532-5743-SE25;3;78111800;Servicios de transporte, almacenaje y correo / Transporte de pasajeros / Transporte de pasajeros por carretera;78111808;Arriendo de vehículos;ARRIENDO AMBULANCIA MERCEDES BENZ SPRINTER 314 CDI SC.VW-68  (Inicio 01.11.2025/Término 21.11.2025);ARRIENDO AMBULANCIA MERCEDES BENZ SPRINTER 314 CDI SC.VW-68;21.0;;150000.0;0.0;3150000.0
1057532-5743-SE25;4;78111800;Servicios de transporte, almacenaje y correo / Transporte de pasajeros / Transporte de pasajeros por carretera;78111808;Arriendo de vehículos;ARRIENDO AMBULANCIA MERCEDES BENZ SPRINTER 314 CDI SC.VW-68  (Inicio 25.11.2025/Término 29.11.2025);ARRIENDO AMBULANCIA MERCEDES BENZ SPRINTER 314 CDI SC.VW-68;4.0;;150000.0;0.0;600000.0
1057532-5743-SE25;5;78111800;Servicios de transporte, almacenaje y correo / Transporte de pasajeros / Transporte de pasajeros por carretera;78111808;Arriendo de vehículos;ARRIENDO AMBULANCIA MERCEDES BENZ SPRINTER 314 CDI SG.DG-75  (Inicio 01.11.2025/Término 15.11.2025);ARRIENDO AMBULANCIA MERCEDES BENZ SPRINTER 314 CDI SG.DG-75;15.0;;150000.0;0.0;2250000.0
1057532-5743-SE25;6;78111800;Servicios de transporte, almacenaje y correo / Transporte de pasajeros / Transporte de pasajeros por carretera;78111808;Arriendo de vehículos;ARRIENDO AMBULANCIA MERCEDES BENZ SPRINTER 314 CDI SG.DG-75  (Inicio 22.11.2025/Término 30.11.2025);ARRIENDO AMBULANCIA MERCEDES BENZ SPRINTER 314 CDI SG.DG-75;8.0;;150000.0;0.0;1200000.0
1057532-5782-SE25;1;70141600;Servicios agrícolas, pesqueros, forestales y relacionados con la fauna / Producción, administración y protección de cultivos / Protección de cultivos;70141605;Servicios integrados de gestión de plagas;Servicio Desinsectación: COSAM Oriente, Angulo N°399;Servicio Desratización, Desinsectación y Desinfección S.S.O. y  establecimientos dependientes;1.0;;13000.0;0.0;13000.0
1057532-5782-SE25;2;70141600;Servicios agrícolas, pesqueros, forestales y relacionados con la fauna / Producción, administración y protección de cultivos / Protección de cultivos;70141605;Servicios integrados de gestión de plagas;Servicio Desratización: COSAM Oriente, Angulo N°399;Servicio Desratización, Desinsectación y Desinfección S.S.O. y  establecimientos dependientes;1.0;;15000.0;0.0;15000.0
1057532-5782-SE25;3;70141600;Servicios agrícolas, pesqueros, forestales y relacionados con la fauna / Producción, administración y protección de cultivos / Protección de cultivos;70141605;Servicios integrados de gestión de plagas;Servicio Sanitización: COSAM Oriente, Angulo N°399;Servicio Desratización, Desinsectación y Desinfección S.S.O. y  establecimientos dependientes;1.0;;10000.0;0.0;10000.0
1057532-5773-SE25;1;70141600;Servicios agrícolas, pesqueros, forestales y relacionados con la fauna / Producción, administración y protección de cultivos / Protección de cultivos;70141605;Servicios integrados de gestión de plagas;Servicio Desinsectación: Comunidad Terapéutica Peulla Residencial, García Hurtado de Mendoza # 945, y Peulla ambulatoria, Leonardo Da Vinci # 1615;Servicio Desratización, Desinsectación y Desinfección S.S.O. y establecimientos dependientes;2.0;;13000.0;0.0;26000.0
1057532-5773-SE25;2;70141600;Servicios agrícolas, pesqueros, forestales y relacionados con la fauna / Producción, administración y protección de cultivos / Protección de cultivos;70141605;Servicios integrados de gestión de plagas;Servicio Sanitización: Comunidad Terapéutica Peulla Residencial, García Hurtado de Mendoza # 945, y Peulla ambulatoria, Leonardo Da Vinci # 1615;Servicio Desratización, Desinsectación y Desinfección S.S.O. y establecimientos dependientes;2.0;;10000.0;0.0;20000.0
1057532-5773-SE25;3;70141600;Servicios agrícolas, pesqueros, forestales y relacionados con la fauna / Producción, administración y protección de cultivos / Protección de cultivos;70141605;Servicios integrados de gestión de plagas;Servicio Desratización: Comunidad Terapéutica Peulla Residencial, García Hurtado de Mendoza # 945, y Peulla ambulatoria, Leonardo Da Vinci # 1615;Servicio Desratización, Desinsectación y Desinfección S.S.O. y establecimientos dependientes;2.0;;15000.0;0.0;30000.0
1057532-9-AG26;1;81112100;Servicios basados en ingeniería, ciencias sociales y tecnología de la información / Servicios informáticos / Servicios para internet;81112101;Proveedores de servicio de Internet (ISP);Plan Fibra Trio   940 Megas  Internet + TV con Deco para un televisor  Telefonía Red Fija ilimitado (debe incluir dispositivo telefónico)  Servicio de Instalación;Plan Fibra Trio   940 Megas  Internet + TV con Deco para un televisor  Telefonía Red Fija ilimitado (debe incluir dispositivo telefónico)  Servicio de Instalación;1.0;;588000.0;0.0;0.0
1057532-2269-AG24;1;78102200;Servicios de transporte, almacenaje y correo / Transporte de correo y carga / Servicios postales de pequeños paquetes y mensajería;78102202;Franqueos;CONVENIO SERVICIO DE CORRESPONDENCIA CARTAS CERTIFICADAS PARA EL SERVICIO DE SALUD OSORNO, AÑO 2025.;CONVENIO SERVICIO DE CORRESPONDENCIA CARTAS CERTIFICADAS PARA EL SERVICIO DE SALUD OSORNO, AÑO 2025.;1.0;;2000000.0;0.0;0.0
1057532-4627-SE25;1;78102200;Servicios de transporte, almacenaje y correo / Transporte de correo y carga / Servicios postales de pequeños paquetes y mensajería;78102201;Servicios de entrega postal nacional;CONVENIO SUMINISTRO DE CORRESPONDENCIA Y ENCOMIENDAS PARA EL SERVICIO DE SALUD OSORNO AÑO 2025 Y 2026.;Se adjunta tarifario. Nuestros valores son exentos de IVA;1.0;;14000000.0;0.0;14000000.0
1057532-5746-SE25;1;85122100;Salud, servicios sanitarios y alimentación / Medicina y servicios de salud / Rehabilitación;85122109;Rehabilitación para gente con discapacidades cróni;ADQUISICIÓN DE PRESTACIONES PARA PROGRAMA DE REHABILITACIÓN TIPO II PARA EL SERVICIO DE SALUD OSORNO  CONTRATO APROBADO POR RES. EXENTA N°3930 DEL 14 DE MARZO DE 2025.   -PERIODO: NOVIEMBRE 2025.;ADQUISICIÓN DE PRESTACIONES PARA PROGRAMA DE REHABILITACIÓN TIPO II PARA EL SERVICIO DE SALUD OSORNO  CONTRATO APROBADO POR RES. EXENTA N°3930 DEL 14 DE MARZO DE 2025.   -PERIODO: NOVIEMBRE 2025.;920.0;;18705.0;0.0;17208600.0
1057532-2234-AG24;1;50181900;Alimentos, bebidas y tabaco / Productos de panadería / Pan, galletas y pastelitos dulces;50181901;Pan fresco;PAN FRESCO CORRIENTE / 2 KILOS DIARIOS A ENTREGAR /TOTAL AÑO 2025// 730 KILOS;PAN FRESCO CORRIENTE;730.0;;2250.0;0.0;0.0
1057532-6-AG26;1;78102200;Servicios de transporte, almacenaje y correo / Transporte de correo y carga / Servicios postales de pequeños paquetes y mensajería;78102202;Franqueos;CONVENIO SERVICIO DE CORRESPONDENCIA CARTAS CERTIFICADAS PARA EL SERVICIO DE SALUD OSORNO, AÑO 2026.;Se envía propuesta comercial;1.0;;2000000.0;0.0;0.0
1057976-2-SE26;1;80111700;Servicios profesionales, administrativos y consultorías de gestión empresarial / Servicios de recursos humanos / Contratación de personal;80111715;Profesionales;1 Visita especialista en Gases Clínicos    Fecha visita: 30.12.2025. Valor 6 UF;1 Visita especialista en Gases Clínicos    Fecha visita: 30.12.2025. Valor 6 UF;1.0;;5.042;0.0;5.042
1057976-2-SE26;2;80111700;Servicios profesionales, administrativos y consultorías de gestión empresarial / Servicios de recursos humanos / Contratación de personal;80111715;Profesionales;1 Visita especialista en Instalaciones Térmicas y Climatización  Fecha visita: 30.12.2025. Valor 6 UF;1 Visita especialista en Instalaciones Térmicas y Climatización  Fecha visita: 30.12.2025. Valor 6 UF;1.0;;5.042;0.0;5.042
1057976-2-SE26;3;80111700;Servicios profesionales, administrativos y consultorías de gestión empresarial / Servicios de recursos humanos / Contratación de personal;80111715;Profesionales;1 Visita especialista en Instalaciones Eléctricas e Iluminación, corrientes débiles y comunicación.     Fecha visita: 30.12.2025. Valor 6 UF;1 Visita especialista en Instalaciones Eléctricas e Iluminación, corrientes débiles y comunicación.     Fecha visita: 30.12.2025. Valor 6 UF;1.0;;5.042;0.0;5.042
1057922-195-SE25;1;43212100;Tecnologías de la información, telecomunicaciones y radiodifusión / Equipos informáticos y accesorios / Impresoras;43212113;Impresoras de etiquetas o discos compactos (CD);Impresora Etiquetas, marca Zebra, modelo ZD220, Garantía técnica 12 meses, Plazo de entrega al 15.12.2025.;impresora etiquetas conexión usb;2.0;;232000.0;0.0;464000.0
1057922-195-SE25;2;43212100;Tecnologías de la información, telecomunicaciones y radiodifusión / Equipos informáticos y accesorios / Impresoras;43212108;Impresoras de cinta térmica;Impresora Térmica, marca Zebra, modelo ZD421, Garantía técnica 12 meses, Plazo de entrega al 15.12.2025.;impresora etiquetas conexión wifi bluetooth;2.0;;410991.0;0.0;821982.0
1180747-46-AG25;1;44111900;Equipos, accesorios y suministros de oficina / Accesorios de oficina y escritorio / Tableros o pizarras;44111908;Pizarras magnéticas y accesorios;PIZARRA MIXTA (BLANCA Y CORCHO), Acrílica 40x60 Cm, Borde de aluminio, Ganchos en la parte posterior para colgarla en la pared, Plazo de Entrega 5 días hábiles.;PIZARRA MIXTA (BLANCA Y CORCHO)  SEGUN ESPECIFICACIONES TECNICAS ADJUNTAS;1.0;;41990.0;0.0;0.0
1180747-46-AG25;2;44111900;Equipos, accesorios y suministros de oficina / Accesorios de oficina y escritorio / Tableros o pizarras;44111908;Pizarras magnéticas y accesorios;PIZARRA BLANCA, 60x90 cm, Armazón de aluminio, Ganchos para colgar, con porta borrador, Plazo de Entrega 5 días hábiles.;PIZARRA BLANCA  SEGUN ESPECIFICACIONES TECNICAS ADJUNTAS;1.0;;29948.0;0.0;0.0
1180747-44-AG25;1;56122000;Muebles y mobiliario / Mobiliario y accesorios institucional, escolar y educativo / Muebles de laboratorio;56122004;Módulos con fregadero o lavatorio;LAVATORIO ACERO INOXIDABLE, Medida: 40 cm diámetro x 12 a 13 cm, Marca: PLUM, Garantía Técnica 6 meses, Plazo de Entrega 5 días hábiles.;LAVATORIO ACERO INOXIDABLE   DE ACUERDO A ESPECIFICACIONES TÉCNICAS ADJUNTAS;2.0;;9890.0;0.0;0.0
1180747-51-AG25;1;47121500;Equipos y suministros de limpieza / Equipo de limpieza / Carros y accesorios para limpieza;47121501;Carros para limpieza;CARRO ASEO Y CARRO ESTRUJADOR, marca Stronger, Plazo de entrega 2 días hábiles.;CARRO ASEO;1.0;;130000.0;0.0;0.0
1180747-51-AG25;2;30191500;Artículos para estructuras, obras y construcciones / Equipo para construcción y mantenimiento / Escaleras y andamios;30191501;Escaleras;ESCALERA DOS PELDAÑOS, Plazo de entrega 2 días hábiles.;ESCALERA DOS PELDAÑOS;1.0;;29000.0;0.0;0.0
1180747-51-AG25;3;24101500;Equipamiento para manejo y estiba de materiales / Maquinaria para manejo de materiales / Camiones, carros y carretillas industriales;24101506;Carretillas de mano;CARRO TIPO YEGUA, marca Stanley, Plazo de Entrega 2 días hábiles.;CARRO TIPO YEGUA;1.0;;115000.0;0.0;0.0
1180747-43-AG25;1;52151600;Muebles, accesorios, electrodomésticos y productos electrónicos / Utensilios y baterías de cocina, vajillas y otros productos de uso doméstico / Utensilios de cocina domésticos;52151614;Coolers;COOLER TRANSPORTE MUESTRAS, Coleman Chiller 16qt/15,1lts Azul Ocean, Dimensiones: 30.5 cm x 40 cm x 28.3 cm, Garantía Técnica 6 meses, Plazo de Entrega 5 días hábiles.;COOLER TRANSPORTE MUESTRAS  SEGUN ESPECIFICACIONES TECNICAS ADJUNTAS;1.0;;32891.0;0.0;0.0
1180747-48-AG25;1;47121700;Equipos y suministros de limpieza / Equipo de limpieza / Envases y accesorios para residuos;47121702;Envases para residuos o forros rígidos;Contenedor 120L gris, medidas: 97,4 cm de alto, 48 cm de ancho, 55,5 cm de largo, Plazo de Entrega 4 días hábiles.;Contenedor 120L gris;2.0;;38000.0;0.0;0.0
1180747-48-AG25;2;47121700;Equipos y suministros de limpieza / Equipo de limpieza / Envases y accesorios para residuos;47121702;Envases para residuos o forros rígidos;2 Contenedores gris con pedal 20L, medidas: 36,5 cm de largo, 31 cm de ancho, 38,5  cm de alto y 6 Contenedores gris con pedal 10L medidas: 32,5 cm de alto, 21 cm de ancho, 35,5  cm de largo, Plazo de Entrega 4 días hábiles.;2 Contenedor gris con pedal 20L y 6 Contenedor gris con pedal 10L;8.0;;16000.0;0.0;0.0
1180747-50-AG25;1;42251500;Equipamiento y suministros médicos / Productos de rehabilitación, terapia ocupacional y física / Productos de terapia y evaluación sensorial, perceptual, cognitiva y de desteridad;42251502;Productos de evaluación, ensayos sensoriales, perceptuales, de desteridad y cognitivos;SET EVALUACION DESARROLLO PSICOMOTOR (INCLUYE TEPSI Y EEDP), Plazo de entrega 5 días hábiles.;SET EVALUACION DESARROLLO PSICOMOTOR (INCLUYE TEPSI Y EEDP);2.0;;105000.0;0.0;0.0
1180747-42-AG25;1;56101500;Muebles y mobiliario / Muebles de alojamiento / Muebles;56101532;Mobiliario;MESA PASTEUR, ACERO INOXIDABLE COMPLETA  / MARCA HSL SKU :  MP6040AI, Dimensiones:   40 x 50 x 90 cms, Garantía Técnica 15 meses, Plazo de Entrega 15 días hábiles.;MESA PASTEUR  SEGUN ESPECIFICACIONES TECNICAS ADJUNTAS;2.0;;362000.0;0.0;0.0
1180747-45-AG25;1;24111500;Equipamiento para manejo y estiba de materiales / Recipientes para almacenamiento / Bolsas;24111505;Contenedores a granel intermedios flexibles;CONTENEDOR GRIS CON PEDAL 20 L, Medidas: 36,5 cm de largo, 31 cm de ancho, 38,5 cm de alto, Plazo de Entrega 5 días hábiles.;CONTENEDOR GRIS CON PEDAL 20 L, SEGUN ESPECIFICACIONES TECNICAS ADJUNTAS;16.0;;18900.0;0.0;0.0
1180747-45-AG25;2;24111500;Equipamiento para manejo y estiba de materiales / Recipientes para almacenamiento / Bolsas;24111505;Contenedores a granel intermedios flexibles;CONTENEDOR AMARILLO CON PEDAL 40 L,  Medidas: 55 cm de alto, 37 cm de ancho, 30 cm de largo, Plazo de Entrega 5 días hábiles.;CONTENEDOR AMARILLO CON PEDAL 40 L  SEGUN ESPECIFICACIONES TECNICAS ADJUNTAS;1.0;;20500.0;0.0;0.0
1180747-45-AG25;3;24111500;Equipamiento para manejo y estiba de materiales / Recipientes para almacenamiento / Bolsas;24111505;Contenedores a granel intermedios flexibles;CONTENEDOR GRIS CON PEDAL 40 L,  Medidas: 55 cm de alto, 37 cm de ancho, 30 cm de largo, Plazo de Entrega 5 días hábiles.;CONTENEDOR GRIS CON PEDAL 40 L  SEGUN ESPECIFICACIONES TECNICAS ADJUNTAS;1.0;;20500.0;0.0;0.0
1180747-45-AG25;4;24111500;Equipamiento para manejo y estiba de materiales / Recipientes para almacenamiento / Bolsas;24111505;Contenedores a granel intermedios flexibles;CONTENEDOR AMARILLO 240 L,  Medidas: 106,5 cm de alto, 58 cm de ancho, 73, 5 cm de largo, Plazo de Entrega 5 días hábiles.;CONTENEDOR AMARILLO 240 L  SEGUN ESPECIFICACIONES TECNICAS ADJUNTAS;1.0;;55000.0;0.0;0.0
1180747-45-AG25;5;24111500;Equipamiento para manejo y estiba de materiales / Recipientes para almacenamiento / Bolsas;24111505;Contenedores a granel intermedios flexibles;CONTENEDOR GRIS 240 L, Medidas: 106,5 cm de alto, 58 cm de ancho, 73, 5 cm de largo, Plazo de Entrega 5 días hábiles.;CONTENEDOR GRIS 240 L  SEGUN ESPECIFICACIONES TECNICAS ADJUNTAS;1.0;;55000.0;0.0;0.0
1180747-45-AG25;6;24111500;Equipamiento para manejo y estiba de materiales / Recipientes para almacenamiento / Bolsas;24111505;Contenedores a granel intermedios flexibles;CONTENEDOR ROJO 240 L, Medidas: 106,5 cm de alto, 58 cm de ancho, 73, 5 cm de largo, Plazo de Entrega 5 días hábiles.;CONTENEDOR ROJO 240 L  SEGUN ESPECIFICACIONES TECNICAS ADJUNTAS;1.0;;55000.0;0.0;0.0
1180747-47-AG25;1;47121800;Equipos y suministros de limpieza / Equipo de limpieza / Equipos de limpieza;47121804;Cubos o baldes para limpieza;Carro de aseo marca Stronger, dimensiones 51x96 cm, Carro estrujador marca Stronger 33 lts dimensiones 40x59 cm, Plazo de Entrega 2 días hábiles.;Carro de aseo;1.0;;110000.0;0.0;0.0
1057532-23-SE26;1;30222500;Artículos para estructuras, obras y construcciones / Construcciones permanentes / Construcciones para alojamiento;30222501;Casas residenciales;ADQUISICIÓN 3 CUPOS RESIDENCIA PROTEGIDA PARA EL SERVICIO DE SALUD OSORNO EN LA REGIÓN METROPOLITANA / DICIEMBRE 2025;ADQUISICIÓN 3 CUPOS RESIDENCIA PROTEGIDA PARA EL SERVICIO DE SALUD OSORNO EN LA REGIÓN METROPOLITANA;93.0;;36925.0;0.0;3434025.0
1057532-13-TD26;1;43223100;Tecnologías de la información, telecomunicaciones y radiodifusión / Equipos, plataformas y accesorios de redes multimedia, voz y datos / Componentes y equipos de infraestructura de redes móviles y digitales;43223113;Antena LAN UMTS GSM;SOPORTE Y MANTENIMIENTO SISTEMA DE REPETICIÓN VHF SERVICIO DE SALUD OSORNO (SITIO VOLCAN OSORNO Y  HOSPITAL BASE SAN JOSÉ OSORNO), POR PERIODO DE 2 AÑOS);DICIEMBRE 2025 / CUOTA 12;16.17;;39727.96;0.0;0.0
1057532-5713-AG25;1;31261500;Artículos de fabricación y producción / Cubiertas, cajas y envoltorios / Cubiertas y cajas;31261501;Cubiertas y cajas de plástico;Cajas plásticas de 6 litros, incluye tapa;Caja Organizadora 6 Litros Transparente Wenco o similar;18.0;;3052.0;0.0;0.0
1057532-5713-AG25;2;31261500;Artículos de fabricación y producción / Cubiertas, cajas y envoltorios / Cubiertas y cajas;31261501;Cubiertas y cajas de plástico;Cajas plásticas de 60 litros, incluye tapa;Caja Plástica Office Depot con Tapa 60 L o similar;5.0;;16471.0;0.0;0.0
1057532-5713-AG25;3;24111500;Equipamiento para manejo y estiba de materiales / Recipientes para almacenamiento / Bolsas;24111503;Bolsas de plástico;Bolsa ziploc mediana, 10 set de 20 bolsas;Bolsas Para Freezer Medianas X 20 Unidades Ziploc o similar;10.0;;5207.0;0.0;0.0
1057532-5713-AG25;4;14111500;Productos de papel / Productos de papel / Papel de imprenta y escritura;14111525;Papel multiuso;Opalinas blancas tamaño carta, de 200g, acabado mate. 4 resma de 100 hojas c/u;Cartulina Opalina Carta 200 g Lisa Blanca 100 Hojas;4.0;;12749.0;0.0;0.0
1057532-5713-AG25;5;14111600;Productos de papel / Productos de papel / Papel fantasía;14111601;Papel, bolsas o cajas de regalo;100 bolsitas organza blanco 9x12cm;Bolsa Organza Blanca 9x12cms Genérico;100.0;;337.0;0.0;0.0
1057532-5713-AG25;6;24112400;Equipamiento para manejo y estiba de materiales / Recipientes para almacenamiento / Cofres, armarios y baúles para almacenaje;24112404;Caja;100 caja autoarmable 15x10x5cm. Pack 50 unidades;Caja Autoarmable 15x10x5 Cm Carton Blanco Genérico Pack 50 un;100.0;;471.0;0.0;0.0
1057532-5713-AG25;7;60105700;Instrumentos musicales, juegos, juguetes, artesanías y materiales educativos / Materiales, artículos y suministros didácticos profesionales y para el desarrollo personal / Álbumes o libros de recuerdos y suministros;60105704;Barras de pegamento libres de ácido;Pegamento en barra 36gr;Adhesivo en Barra Artel 36 g o similar;18.0;;760.0;0.0;0.0
1057532-5713-AG25;8;44111900;Equipos, accesorios y suministros de oficina / Accesorios de oficina y escritorio / Tableros o pizarras;44111906;Pizarrones y accesorios;Pizarra blanca tamaño 35x28 escolar;Pizarra Magnética Torre Escolar 28x35.6 cm o similar;20.0;;6378.0;0.0;0.0
1057532-5713-AG25;9;14111600;Productos de papel / Productos de papel / Papel fantasía;14111610;Cartulina;Carpeta de cartulina española;Carpeta con Cartulina Artel ArteColor Española Surtidos 10 Pliegos o similar;60.0;;1296.0;0.0;0.0
1057532-5713-AG25;10;60123000;Instrumentos musicales, juegos, juguetes, artesanías y materiales educativos / Equipos de arte y manualidades, accesorios y suministros / Artesanía de espuma;60123001;Figuras de goma Eva;Pliegos de goma eva (de diferentes colores);Goma Eva Offione Surtido 40X60 Cm o similar;160.0;;419.0;0.0;0.0
1057532-5713-AG25;11;60121100;Instrumentos musicales, juegos, juguetes, artesanías y materiales educativos / Equipos de arte y manualidades, accesorios y suministros / Lienzos, películas, tableros y papeles para el artista;60121109;Blocs de dibujo;block de dibujo medium 99 ¼ (37,5x53,5cm);Block de Dibujo Artel 99 1/4 Medium 20 Hojas o similar;5.0;;3488.0;0.0;0.0
1057532-5713-AG25;12;60121100;Instrumentos musicales, juegos, juguetes, artesanías y materiales educativos / Equipos de arte y manualidades, accesorios y suministros / Lienzos, películas, tableros y papeles para el artista;60121148;Papel lustre;block papel lustre, tamaño 16x16;Papel Lustre Proarte 24 Hojas 16X16 cm Surtidos o similar;32.0;;965.0;0.0;0.0
1057532-5713-AG25;13;60105700;Instrumentos musicales, juegos, juguetes, artesanías y materiales educativos / Materiales, artículos y suministros didácticos profesionales y para el desarrollo personal / Álbumes o libros de recuerdos y suministros;60105704;Barras de pegamento libres de ácido;tubos de pegamento glitter glue (diferentes colores) (6x10 ml);Escarcha Glitter Glue 6 Colores 10 Ml Murano o similar;32.0;;1741.0;0.0;0.0
1057532-33-SE26;1;42191800;Equipamiento y suministros médicos / Equipamiento para instalaciones médicas / Camas para pacientes y accesorios;42191810;Colchones o accesorios de cuidado del paciente;Ítem 6: Cojín Antiescaras Viscoelástico;ID 2230003: COJIN ANTIESCARAS LESENHILF VISCOELÁSTICO;40.0;;20100.0;0.0;804000.0
1057532-33-SE26;2;42191800;Equipamiento y suministros médicos / Equipamiento para instalaciones médicas / Camas para pacientes y accesorios;42191810;Colchones o accesorios de cuidado del paciente;ítem 8: Silla de ruedas estándar urbana;ID 2333009: SILLA DE RUEDAS ESTANDAR URBANA LESENHILF;30.0;;88900.0;0.0;2667000.0
1057532-29-SE26;1;78111800;Servicios de transporte, almacenaje y correo / Transporte de pasajeros / Transporte de pasajeros por carretera;78111808;Arriendo de vehículos;SERVICIO DE MOVILIZACIÓN COSAM OSORNO ORIENTE/ DICIEMBRE 2025;SERVICIO DE MOVILIZACIÓN COSAM OSORNO ORIENTE/ DICIEMBRE 2025;21.0;;69100.0;0.0;1451100.0
1057532-48-SE26;1;51141700;Medicamentos y productos farmacéuticos / Medicamentos para el sistema nervioso central / Agentes antipsicóticos;51141709;Flufenazina;FLUFENAZINA DECANOATO AM 250 MG/10 ML SOLUCION INYECTABLE;FLFN0250AMPO. FLUFENAZINA DEC.250 MG/10ML F.AMP.. ETHON. FLUFENAZINA. REG ISP F-21521. VCTO 30-07-2027.;10.0;;12990.0;0.0;129900.0
1057532-5794-TD25;1;85122200;Salud, servicios sanitarios y alimentación / Medicina y servicios de salud / Evaluaciones de salud individuales;85122201;Exámenes médicos;SERVICIO DE ENDOSCOPIA DIGESTIVA ALTA PARA PACIENTES DE HOSPITALES PTO. OCTAY, QUILACAHUIN Y FUTA SRUKA LAWENCHE DE LA RED DEL SERVICIO DE SALUD OSORNO;SERVICIO DE ENDOSCOPIA DIGESTIVA ALTA PARA PACIENTES DE HOSPITALES PTO. OCTAY, QUILACAHUIN Y FUTA SRUKA LAWENCHE DE LA RED DEL SERVICIO DE SALUD OSORNO;1.0;;1.0;0.0;0.0
1057532-20-CM26;1;0;;0;CASCO SEGURIDAD SAFETY STEELPRO DE OBRA POLIETILENO BLANCO CLASE A REGIÓN X;(2082509) CASCO SEGURIDAD SAFETY STEELPRO DE OBRA POLIETILENO BLANCO CLASE A REGIÓN X;(2082509) CASCO SEGURIDAD SAFETY STEELPRO DE OBRA POLIETILENO BLANCO CLASE A REGIÓN X , Región de los Lagos , Osorno, M.RODRIGUEZ N°759;2.0;;22257.0;0.0;44514.0
1057532-20-CM26;2;0;;0;LENTE DE SEGURIDAD MAX4 POLARIZADO REGIÓN X;(2151342) LENTE DE SEGURIDAD MAX4 POLARIZADO REGIÓN X;(2151342) LENTE DE SEGURIDAD MAX4 POLARIZADO REGIÓN X , Región de los Lagos , Osorno, M.RODRIGUEZ N°759;97.0;;9699.0;0.0;940803.0
1057532-22-SE26;1;30222500;Artículos para estructuras, obras y construcciones / Construcciones permanentes / Construcciones para alojamiento;30222501;Casas residenciales;ADQUISICIÓN 8 CUPOS DÍA HOGAR PROTEGIDO PARA MUJERES PARA EL SERVICIO DE SALUD OSORNO EN LA PROVINCIA DE OSORNO;ADQUISICIÓN 8 CUPOS DÍA HOGAR PROTEGIDO PARA MUJERES PARA EL SERVICIO DE SALUD OSORNO EN LA PROVINCIA DE OSORNO//Días Hogar Protegido – Categoría 2;31.0;;40000.0;0.0;1240000.0
1057532-22-SE26;2;30222500;Artículos para estructuras, obras y construcciones / Construcciones permanentes / Construcciones para alojamiento;30222501;Casas residenciales;ADQUISICIÓN 8 CUPOS DÍA HOGAR PROTEGIDO PARA MUJERES PARA EL SERVICIO DE SALUD OSORNO EN LA PROVINCIA DE OSORNO;ADQUISICIÓN 8 CUPOS DÍA HOGAR PROTEGIDO PARA MUJERES PARA EL SERVICIO DE SALUD OSORNO EN LA PROVINCIA DE OSORNO//Días Hogar Protegido – Categoría 1;186.0;;26836.0;0.0;4991496.0
1057532-22-SE26;3;30222500;Artículos para estructuras, obras y construcciones / Construcciones permanentes / Construcciones para alojamiento;30222501;Casas residenciales;ADQUISICIÓN 8 CUPOS DÍA HOGAR PROTEGIDO PARA MUJERES PARA EL SERVICIO DE SALUD OSORNO EN LA PROVINCIA DE OSORNO;ADQUISICIÓN 8 CUPOS DÍA HOGAR PROTEGIDO PARA MUJERES PARA EL SERVICIO DE SALUD OSORNO EN LA PROVINCIA DE OSORNO//Días Hogar Protegido – Categoría 3;31.0;;60000.0;0.0;1860000.0
1057532-47-SE26;1;51141700;Medicamentos y productos farmacéuticos / Medicamentos para el sistema nervioso central / Agentes antipsicóticos;51141709;Flufenazina;FLUFENAZINA DECANOATO AM 250 MG/10 ML SOLUCION INYECTABLE;FLFN0250AMPO. FLUFENAZINA DEC.250 MG/10ML F.AMP.. ETHON. FLUFENAZINA. REG ISP F-21521. VCTO 30-07-2027. LOTE 4EB05336 -- 7804633500202;30.0;;12990.0;0.0;389700.0
1057532-30-SE26;1;78111800;Servicios de transporte, almacenaje y correo / Transporte de pasajeros / Transporte de pasajeros por carretera;78111802;Servicios de autobuses regulares, recorridos fijos;VIAJES URBANOS.  CORRESPONDIENTE AL MES DE DICIEMBRE DEL 2025.;VIAJES URBANOS  CORRESPONDIENTE AL MES DE DICIEMBRE DEL 2025.;21.0;;67000.0;0.0;1407000.0
1057532-5788-SE25;1;92101500;Servicios de defensa nacional, orden público y seguridad / Orden público y seguridad / Servicios de seguridad y policiales;92101501;Servicios de vigilancia;SERVICIO DE GUARDIAS POR 24 MESES / EDIFICIO RODRIGUEZ / NOVIEMBRE 2025;SERVICIO DE GUARDIAS POR 24 MESES / EDIFICIO RODRIGUEZ / NOVIEMBRE 2025;1.0;;1156923.0;0.0;1156923.0
1057532-5757-SE25;1;76121900;Servicios de limpieza industrial / Eliminación y tratamiento de desechos / Eliminación de residuos peligrosos;76121901;Eliminación de residuos médicos;Residuos Peligrosos;Servicio de Manejo, Retiro, Transporte y Disposición Final de Residuos Peligrosos y Especiales para los establecimientos de la Red del Servicio de Salud Osorno;6.0;;1639.0;0.0;9834.0
1057532-5757-SE25;2;76121900;Servicios de limpieza industrial / Eliminación y tratamiento de desechos / Eliminación de residuos peligrosos;76121901;Eliminación de residuos médicos;Residuos Especiales;Servicio de Manejo, Retiro, Transporte y Disposición Final de Residuos Peligrosos y Especiales para los establecimientos de la Red del Servicio de Salud Osorno;9.0;;1639.0;0.0;14751.0
1057532-35-SE26;1;85122200;Salud, servicios sanitarios y alimentación / Medicina y servicios de salud / Evaluaciones de salud individuales;85122201;Exámenes médicos;convenio de servicios de arriendo e informes de tele electrocardiografía a distancia para los establecimientos de salud de la red de APS de la provincia de Osorno año 2024-2025 / Diciembre 2025;convenio de servicios de arriendo e informes de tele electrocardiografía a distancia para los establecimientos de salud de la red de APS de la provincia de Osorno año 2024-2025 / Diciembre 2025;1.0;;2345.0;0.0;2345.0
1057532-53-SE26;1;43232400;Tecnologías de la información, telecomunicaciones y radiodifusión / Software / Programas de desarrollo;43232408;Software de desarrollo de plataforma Web;Emisión LME Prestador (Full)  (Periodo del 30 noviembre al 30 diciembre);Emisión LME Prestador (Full);22.0;;91.0;0.0;2002.0
1057532-53-SE26;2;43232400;Tecnologías de la información, telecomunicaciones y radiodifusión / Software / Programas de desarrollo;43232408;Software de desarrollo de plataforma Web;Emisión LME Si Adscrito (Full)  (Periodo del 30 noviembre al 30 diciembre);Emisión LME Si Adscrito (Full);658.0;;91.0;0.0;59878.0
1057532-53-SE26;3;43232400;Tecnologías de la información, telecomunicaciones y radiodifusión / Software / Programas de desarrollo;43232408;Software de desarrollo de plataforma Web;Emisión LME No Adscrito (Semi Electrónica-Mixta)  (Periodo del 30 noviembre al 30 diciembre);Emisión LME No Adscrito (Semi Electrónica-Mixta);158.0;;80.0;0.0;12640.0
1057532-5789-SE25;1;92101500;Servicios de defensa nacional, orden público y seguridad / Orden público y seguridad / Servicios de seguridad y policiales;92101501;Servicios de vigilancia;SERVICIO DE GUARDIAS POR 24 MESES / KÜMELEN / NOVIEMBRE 2025;SERVICIO DE GUARDIAS POR 24 MESES / KÜMELEN / NOVIEMBRE 2025;1.0;;1156923.0;0.0;1156923.0
1057532-5793-SE25;1;92101500;Servicios de defensa nacional, orden público y seguridad / Orden público y seguridad / Servicios de seguridad y policiales;92101501;Servicios de vigilancia;SERVICIO DE GUARDIAS POR 24 MESES / COSAM ORIENTE / NOVIEMBRE 2025;SERVICIO DE GUARDIAS POR 24 MESES / COSAM ORIENTE / NOVIEMBRE 2025;1.0;;5940000.0;0.0;5940000.0
1057532-5759-SE25;1;76121900;Servicios de limpieza industrial / Eliminación y tratamiento de desechos / Eliminación de residuos peligrosos;76121901;Eliminación de residuos médicos;Residuos Especiales;Servicio de Manejo, Retiro, Transporte y Disposición Final de Residuos Peligrosos y Especiales para los establecimientos de la Red del Servicio de Salud Osorno;2.3;;1639.0;0.0;3769.7
1057532-5759-SE25;2;76121900;Servicios de limpieza industrial / Eliminación y tratamiento de desechos / Eliminación de residuos peligrosos;76121901;Eliminación de residuos médicos;Residuos Peligrosos;Servicio de Manejo, Retiro, Transporte y Disposición Final de Residuos Peligrosos y Especiales para los establecimientos de la Red del Servicio de Salud Osorno;3.0;;1639.0;0.0;4917.0
1057532-54-SE26;1;78180100;Servicios de transporte, almacenaje y correo / Servicios de mantención o reparaciones de transportes / Mantención o reparación de vehículos;78180103;Servicios de cambio de fluidos de aceite o de la t;Servicios Correctivos en Ambulancia Mercedes-Benz Sprinter 417 CDI, Placa Patente: TR.RB-94 de dotación de la Base SAMU Osorno  // OT. N° 205232683;Servicios Correctivos en Ambulancia Mercedes-Benz Sprinter 417 CDI, Placa Patente: TR.RB-94 de dotación de la Base SAMU Osorno  // OT. N° 205232683;1.0;;196512.0;0.0;196512.0
1057532-5790-SE25;1;92101500;Servicios de defensa nacional, orden público y seguridad / Orden público y seguridad / Servicios de seguridad y policiales;92101501;Servicios de vigilancia;SERVICIO DE GUARDIAS POR 24 MESES / PRAIS / NOVIEMBRE 2025 (24,5 HORAS);SERVICIO DE GUARDIAS POR 24 MESES / PRAIS / NOVIEMBRE 2025 (19,5 HORAS);1.0;;73500.0;0.0;73500.0
1057727-14-AG25;1;53102500;Ropa, maletas y productos de aseo personal / Ropa / Accesorios de vestir;53102503;Sombreros;Sombreros de huaso semi finos lana o pelo de conejo color negro, se debe adjuntar ficha tecnica e imagen de lo ofertado.;;2.0;;78000.0;0.0;0.0
1057727-14-AG25;2;11162300;Productos derivados de minerales, plantas y animales / Tejidos y materiales de cuero / Cueros;11162307;Cuero sintético o de imitación;3 juegos de pierneras para varon color negra sintetica media pierna, se debe adjuntar ficha tecnica e imagen de lo ofertado.;;3.0;;55000.0;0.0;0.0
1057727-14-AG25;3;11162300;Productos derivados de minerales, plantas y animales / Tejidos y materiales de cuero / Cueros;11162307;Cuero sintético o de imitación;Juego de espuela con taloneras y piales numero 5 color gris, se debe adjuntar ficha tecnica e imagen de lo ofertado.;;1.0;;99168.0;0.0;0.0
1057727-42-AG25;1;80111500;Servicios profesionales, administrativos y consultorías de gestión empresarial / Servicios de recursos humanos / Consultorías para el desarrollo de recursos humanos;80111504;Formación, capacitación y entrenamiento de personal;Contratación de empresa con trayectoria en dinámicas lúdicas para ejecutar una jornada de autocuidado y cohesión dirigida a funcionarias/os de la Subdirección de Gestión Asistencial del Servicio de Salud Osorno.   •	Cupos estimados: hasta 100 funcionarias/os (aprox.).  •	Ubicación: Osorno.  •	Lugar: espacio autogestionado por el encargado del proyecto Subdirección de Gestión Asistencial  •	Periodo de ejecución: diciembre de 2025, entre las 10:00 hasta las 13:00 hrs;Se dispondrá a los asistentes de una ludoteca variada en juegos de mesa con la presencia de un relator y 2 monitores (3 personas) que explicaran las reglas y solucionarán dudas para guiar la jornada de una manera fluida.;1.0;;420168.0;0.0;0.0
1057532-50-SE26;1;78180100;Servicios de transporte, almacenaje y correo / Servicios de mantención o reparaciones de transportes / Mantención o reparación de vehículos;78180103;Servicios de cambio de fluidos de aceite o de la t;Mantención Correctiva en Ambulancia Mercedes-Benz Sprinter, PPU: PC.VF-21 de dotación de la Base SAMU Osorno // OT. N° 205238956;Mantención Correctiva en Ambulancia Mercedes-Benz Sprinter, PPU: PC.VF-21 de dotación de la Base SAMU Osorno // OT. N° 205238956;1.0;;136337.0;0.0;136337.0
1057532-5792-SE25;1;92101500;Servicios de defensa nacional, orden público y seguridad / Orden público y seguridad / Servicios de seguridad y policiales;92101501;Servicios de vigilancia;SERVICIO DE GUARDIAS POR 24 MESES / COSAM RAHUE / NOVIEMBRE 2025;SERVICIO DE GUARDIAS POR 24 MESES / COSAM RAHUE / NOVIEMBRE 2025;1.0;;3600000.0;0.0;3600000.0
1057532-11-SE26;1;78111800;Servicios de transporte, almacenaje y correo / Transporte de pasajeros / Transporte de pasajeros por carretera;78111802;Servicios de autobuses regulares, recorridos fijos;VIAJES RURALES.;VIAJES RURALES.;7.0;;125000.0;0.0;875000.0
1057532-11-SE26;2;78111800;Servicios de transporte, almacenaje y correo / Transporte de pasajeros / Transporte de pasajeros por carretera;78111808;Arriendo de vehículos;VIAJES URBANOS.;VIAJES URBANOS.;14.0;;110000.0;0.0;1540000.0
1057532-55-SE26;1;78180100;Servicios de transporte, almacenaje y correo / Servicios de mantención o reparaciones de transportes / Mantención o reparación de vehículos;78180103;Servicios de cambio de fluidos de aceite o de la t;-SERVICIO CORRECTIVO AMBULANCIA MERCEDES BENZ SPRINTER.  -PPU: JB.CY-47  -DOTACION DE LA BASE SAMU OSORNO  -Según Orden de Trabajo N° 205242419;-SERVICIO CORRECTIVO AMBULANCIA MERCEDES BENZ SPRINTER.  -PPU: JB.CY-47  -DOTACION DE LA BASE SAMU OSORNO  -Según Orden de Trabajo N° 205242419;1.0;;824821.0;0.0;824821.0
1057532-5758-SE25;1;76121900;Servicios de limpieza industrial / Eliminación y tratamiento de desechos / Eliminación de residuos peligrosos;76121901;Eliminación de residuos médicos;Residuos Especiales;Servicio de Manejo, Retiro, Transporte y Disposición Final de Residuos Peligrosos y Especiales para los establecimientos de la Red del Servicio de Salud Osorno;7.0;;1639.0;0.0;11473.0
1057532-26-SE26;1;91111900;Servicios de cuidado personal y domésticos / Servicio doméstico y de cuidados / Cuidado de niños, personas enfermas y ancianos;91111904;Servicios de asistencia puertas adentro;ADQUISICIÓN 12 CUPOS RESIDENCIA PROTEGIDA PARA EL SERVICIO DE SALUD OSORNO EN LA CIUDAD DE OSORNO / DICIEMBRE 2025;VALOR DIA CAMA;372.0;;45500.0;0.0;16926000.0
1057532-51-AG26;1;14111500;Productos de papel / Productos de papel / Papel de imprenta y escritura;14111509;Artículos de papelería;12 TINTA IMPRESORA ( VER ARCHIVO ADJUNTO);;12.0;;11500.0;0.0;0.0
1057532-51-AG26;2;14111500;Productos de papel / Productos de papel / Papel de imprenta y escritura;14111509;Artículos de papelería;10 PLUMONES DE PIZARRA  ( VER ARCHIVO ADJUNTO);;10.0;;600.0;0.0;0.0
1057532-51-AG26;3;14111500;Productos de papel / Productos de papel / Papel de imprenta y escritura;14111509;Artículos de papelería;1 RESMA ( VER ARCHIVO ADJUNTO);;1.0;;5000.0;0.0;0.0
1057532-51-AG26;4;14111500;Productos de papel / Productos de papel / Papel de imprenta y escritura;14111509;Artículos de papelería;50 ESPIRALES ( VER ARCHIVO ADJUNTO);;50.0;;200.0;0.0;0.0
1057532-51-AG26;5;14111500;Productos de papel / Productos de papel / Papel de imprenta y escritura;14111509;Artículos de papelería;TOALLITA DESINFECTANTES    ( VER ARCHIVO ADJUNTO);;6.0;;2000.0;0.0;0.0
1057532-51-AG26;6;14111500;Productos de papel / Productos de papel / Papel de imprenta y escritura;14111509;Artículos de papelería;CAJAS DE PAÑUELOS DESECHABLE ( VER ARCHIVO ADJUNTO);;6.0;;2000.0;0.0;0.0
1057532-51-AG26;7;14111500;Productos de papel / Productos de papel / Papel de imprenta y escritura;14111509;Artículos de papelería;SACAPUNTAS  ( VER ARCHIVO ADJUNTO);;6.0;;600.0;0.0;0.0
1057532-51-AG26;8;14111500;Productos de papel / Productos de papel / Papel de imprenta y escritura;14111509;Artículos de papelería;HILO ( VER ARCHIVO ADJUNTO);;6.0;;1000.0;0.0;0.0
1057532-51-AG26;9;14111500;Productos de papel / Productos de papel / Papel de imprenta y escritura;14111509;Artículos de papelería;PAPEL MAGNETICO ( VER ARCHIVO ADJUNTO);;2.0;;10000.0;0.0;0.0
1057532-51-AG26;10;14111500;Productos de papel / Productos de papel / Papel de imprenta y escritura;14111509;Artículos de papelería;SILICONA LIQUIDA ( VER ARCHIVO ADJUNTO);;2.0;;2000.0;0.0;0.0
1057532-51-AG26;11;14111500;Productos de papel / Productos de papel / Papel de imprenta y escritura;14111509;Artículos de papelería;PAPEL FOTOGRAFICO T/CARTA. ( VER ARCHIVO ADJUNTO);;100.0;;100.0;0.0;0.0
1057532-51-AG26;12;14111500;Productos de papel / Productos de papel / Papel de imprenta y escritura;14111509;Artículos de papelería;PAPEL LUSTRE ( VER ARCHIVO ADJUNTO);;10.0;;1000.0;0.0;0.0
1057532-51-AG26;13;14111500;Productos de papel / Productos de papel / Papel de imprenta y escritura;14111509;Artículos de papelería;HUINCHA DE MEDIR ( VER ARCHIVO ADJUNTO);;2.0;;1000.0;0.0;0.0
1057532-51-AG26;14;14111500;Productos de papel / Productos de papel / Papel de imprenta y escritura;14111509;Artículos de papelería;LAPICES DE COLORES X 12  ( VER ARCHIVO ADJUNTO);;5.0;;1000.0;0.0;0.0
1057532-51-AG26;15;14111500;Productos de papel / Productos de papel / Papel de imprenta y escritura;14111509;Artículos de papelería;FRAGUE BLANCO ( VER ARCHIVO ADJUNTO);;2.0;;2000.0;0.0;0.0
1057532-51-AG26;16;14111500;Productos de papel / Productos de papel / Papel de imprenta y escritura;14111509;Artículos de papelería;TENAZA ( VER ARCHIVO ADJUNTO);;2.0;;2000.0;0.0;0.0
1057532-51-AG26;17;14111500;Productos de papel / Productos de papel / Papel de imprenta y escritura;14111509;Artículos de papelería;CAJAS DE TRUPAN ( VER ARCHIVO ADJUNTO);;5.0;;2000.0;0.0;0.0
1057532-51-AG26;18;14111500;Productos de papel / Productos de papel / Papel de imprenta y escritura;14111509;Artículos de papelería;PEGAMENTO ( VER ARCHIVO ADJUNTO);;2.0;;2000.0;0.0;0.0
1057532-51-AG26;19;14111500;Productos de papel / Productos de papel / Papel de imprenta y escritura;14111509;Artículos de papelería;PIEDRAS DECORATIVAS ( VER ARCHIVO ADJUNTO);;4.0;;1000.0;0.0;0.0
1057532-51-AG26;20;14111500;Productos de papel / Productos de papel / Papel de imprenta y escritura;14111509;Artículos de papelería;MESCLADOR ( VER ARCHIVO ADJUNTO);;6.0;;1000.0;0.0;0.0
1057532-51-AG26;21;14111500;Productos de papel / Productos de papel / Papel de imprenta y escritura;14111509;Artículos de papelería;OPALINA BLANCA ( VER ARCHIVO ADJUNTO);;1.0;;10000.0;0.0;0.0
1057532-51-AG26;22;14111500;Productos de papel / Productos de papel / Papel de imprenta y escritura;14111509;Artículos de papelería;PAN DE ORO PARA MANUALIDADES  ( VER ARCHIVO ADJUNTO);;12.0;;2000.0;0.0;0.0
1057532-51-AG26;23;14111500;Productos de papel / Productos de papel / Papel de imprenta y escritura;14111509;Artículos de papelería;CARPETA PLASTIFICADA ( VER ARCHIVO ADJUNTO);;25.0;;1000.0;0.0;0.0
1057532-51-AG26;24;14111500;Productos de papel / Productos de papel / Papel de imprenta y escritura;14111509;Artículos de papelería;LAMINAS PARA PLASTIFICAR ( VER ARCHIVO ADJUNTO);;4.0;;10000.0;0.0;0.0
1057532-51-AG26;25;14111500;Productos de papel / Productos de papel / Papel de imprenta y escritura;14111509;Artículos de papelería;PAPEL ENTRETENIDO ( VER ARCHIVO ADJUNTO);;10.0;;2000.0;0.0;0.0
1057532-51-AG26;26;14111500;Productos de papel / Productos de papel / Papel de imprenta y escritura;14111509;Artículos de papelería;PAPEL KRAFT ( VER ARCHIVO ADJUNTO);;30.0;;600.0;0.0;0.0
1057532-51-AG26;27;14111500;Productos de papel / Productos de papel / Papel de imprenta y escritura;14111509;Artículos de papelería;GOMA EVA ( VER ARCHIVO ADJUNTO);;10.0;;2000.0;0.0;0.0
1057532-51-AG26;28;14111500;Productos de papel / Productos de papel / Papel de imprenta y escritura;14111509;Artículos de papelería;PALOS DE HELADOS ( VER ARCHIVO ADJUNTO);;10.0;;1000.0;0.0;0.0
1057532-51-AG26;29;14111500;Productos de papel / Productos de papel / Papel de imprenta y escritura;14111509;Artículos de papelería;MEZCLADOR ( VER ARCHIVO ADJUNTO);;5.0;;1000.0;0.0;0.0
1057532-51-AG26;30;14111500;Productos de papel / Productos de papel / Papel de imprenta y escritura;14111509;Artículos de papelería;LIJA ( VER ARCHIVO ADJUNTO);;20.0;;1000.0;0.0;0.0
1057532-51-AG26;31;14111500;Productos de papel / Productos de papel / Papel de imprenta y escritura;14111509;Artículos de papelería;LAPICES ( VER ARCHIVO ADJUNTO);;1.0;;5000.0;0.0;0.0
1057532-51-AG26;32;14111500;Productos de papel / Productos de papel / Papel de imprenta y escritura;14111509;Artículos de papelería;CARTON PIEDRA ( VER ARCHIVO ADJUNTO);;10.0;;1000.0;0.0;0.0
1057532-51-AG26;33;14111500;Productos de papel / Productos de papel / Papel de imprenta y escritura;14111509;Artículos de papelería;RESINA ( VER ARCHIVO ADJUNTO);;15.0;;10000.0;0.0;0.0
1057532-51-AG26;34;14111500;Productos de papel / Productos de papel / Papel de imprenta y escritura;14111509;Artículos de papelería;TIJERA ( VER ARCHIVO ADJUNTO);;5.0;;1000.0;0.0;0.0
1057532-51-AG26;35;14111500;Productos de papel / Productos de papel / Papel de imprenta y escritura;14111509;Artículos de papelería;MOLDE DE SILICONA ( VER ARCHIVO ADJUNTO);;15.0;;3000.0;0.0;0.0
1057532-51-AG26;36;14111500;Productos de papel / Productos de papel / Papel de imprenta y escritura;14111509;Artículos de papelería;TENAZA ( VER ARCHIVO ADJUNTO);;2.0;;3000.0;0.0;0.0
1057532-17-SE26;1;76121900;Servicios de limpieza industrial / Eliminación y tratamiento de desechos / Eliminación de residuos peligrosos;76121901;Eliminación de residuos médicos;Residuos Especiales;Servicio de Manejo, Retiro, Transporte y Disposición Final de Residuos Peligrosos y Especiales para los establecimientos de la Red del Servicio de Salud Osorno;4.0;;1639.0;0.0;6556.0
1057532-24-SE26;1;30222500;Artículos para estructuras, obras y construcciones / Construcciones permanentes / Construcciones para alojamiento;30222501;Casas residenciales;ADQUISICIÓN 3 CUPOS RESIDENCIA PROTEGIDA DE PARA EL SERVICIO DE SALUD OSORNO EN LA PROVINCIA DE CONCEPCION, 2° LLAMADO” |DICIEMBRE.;ADQUISICIÓN 3 CUPOS RESIDENCIA PROTEGIDA DE PARA EL SERVICIO DE SALUD OSORNO EN LA PROVINCIA DE CONCEPCION, 2° LLAMADO” |;93.0;;36574.79;0.0;3401455.47
1057532-34-SE26;1;85122200;Salud, servicios sanitarios y alimentación / Medicina y servicios de salud / Evaluaciones de salud individuales;85122201;Exámenes médicos;Convenio de servicios de arriendo e informes de tele electrocardiografía a distancia para los establecimientos de salud de la red de APS de la provincia de Osorno /Diciembre 2025;Convenio de servicios de arriendo e informes de tele electrocardiografía a distancia para los establecimientos de salud de la red de APS de la provincia de Osorno /Diciembre 2025;2128.0;;2345.0;0.0;4990160.0
1057532-18-SE26;1;76121900;Servicios de limpieza industrial / Eliminación y tratamiento de desechos / Eliminación de residuos peligrosos;76121901;Eliminación de residuos médicos;Residuos Especiales;Servicio de Manejo, Retiro, Transporte y Disposición Final de Residuos Peligrosos y Especiales para los establecimientos de la Red del Servicio de Salud Osorno;3.15;;1639.0;0.0;5162.849999999999
1057532-18-SE26;2;76121900;Servicios de limpieza industrial / Eliminación y tratamiento de desechos / Eliminación de residuos peligrosos;76121901;Eliminación de residuos médicos;Residuos Peligrosos;Servicio de Manejo, Retiro, Transporte y Disposición Final de Residuos Peligrosos y Especiales para los establecimientos de la Red del Servicio de Salud Osorno;3.0;;1639.0;0.0;4917.0
1057532-5791-SE25;1;92101500;Servicios de defensa nacional, orden público y seguridad / Orden público y seguridad / Servicios de seguridad y policiales;92101501;Servicios de vigilancia;SERVICIO DE GUARDIAS POR 24 MESES / BASE SAMU / NOVIEMBRE 2025;SERVICIO DE GUARDIAS POR 24 MESES / BASE SAMU / NOVIEMBRE 2025;1.0;;3600000.0;0.0;3600000.0
1057532-59-SE26;1;44103200;Equipos, accesorios y suministros de oficina / Maquinarias, suministros y accesorios de oficina / Máquinas y accesorios para registro de hora y asistencia en la oficina;44103201;Reloj de control;"“SERVICIO DE REGISTRO DE INFORMACIÓN DE CONTROL DE ASISTENCIA RELOJ CONTROL BIOLETRICO PARA EL SERVICIO DE SALUD OSORNO Y SUS ESTABLECIMIENTOS DEPENDIENTES, POR 36 MESES"". CDR KUMELEN.";SERVICIO DE REGISTRO DE INFORMACION DE CONTROL DE ASISTENCIA RELOJ CONTROL;1.0;;80729.0;0.0;80729.0
1057532-5158-AG25;1;82101500;Servicios editoriales, de diseño, publicidad, gráficos y artistas / Publicidad / Publicidad impresa;82101507;Folletos y catálogos publicitarios, servicios de publicidad y distribución;FOLLETOS.;;3400.0;;962.0;0.0;0.0
1057532-63-SE26;1;73101700;Servicios de producción y fabricación industrial / Industrias de plásticos y productos químicos / Producción farmacéutica;73101701;Servicios de producción de medicamentos o medicina;NOVOBASE II ENVASE 1 KG;VITACREAM: Crema NOVOBASE II humectante tópica en Pote 1000 grs. con tapa rosca, Reg. ISP: 1500c15-21, vencimiento 18 meses desde F. Elaboración , entrega 3 días aceptada O.C. Sin minimo de facturacion, sin costo envio.-;10.0;;12000.0;0.0;120000.0
1057532-28-SE26;1;78111800;Servicios de transporte, almacenaje y correo / Transporte de pasajeros / Transporte de pasajeros por carretera;78111808;Arriendo de vehículos;Servicio de Movilización Comunidad Terapéutica Peulla;HORAS URBANA / Diciembre 2025;80.67;;30000.0;0.0;2420100.0
1057532-28-SE26;2;78111800;Servicios de transporte, almacenaje y correo / Transporte de pasajeros / Transporte de pasajeros por carretera;78111808;Arriendo de vehículos;Servicio de Movilización Comunidad Terapéutica Peulla;HORA RURAL / Diciembre 2025;3.5;;35000.0;0.0;122500.0
1057532-56-SE26;1;44103200;Equipos, accesorios y suministros de oficina / Maquinarias, suministros y accesorios de oficina / Máquinas y accesorios para registro de hora y asistencia en la oficina;44103201;Reloj de control;"“SERVICIO DE REGISTRO DE INFORMACIÓN DE CONTROL DE ASISTENCIA RELOJ CONTROL BIOLETRICO PARA EL SERVICIO DE SALUD OSORNO Y SUS ESTABLECIMIENTOS DEPENDIENTES, POR 36 MESES"". DSSO.";SERVICIO DE REGISTRO DE INFORMACION DE CONTROL DE ASISTENCIA RELOJ CONTROL;5.0;;80729.0;0.0;403645.0
1057532-56-SE26;2;44103200;Equipos, accesorios y suministros de oficina / Maquinarias, suministros y accesorios de oficina / Máquinas y accesorios para registro de hora y asistencia en la oficina;44103201;Reloj de control;"“SERVICIO DE REGISTRO DE INFORMACIÓN DE CONTROL DE ASISTENCIA RELOJ CONTROL BIOLETRICO PARA EL SERVICIO DE SALUD OSORNO Y SUS ESTABLECIMIENTOS DEPENDIENTES, POR 36 MESES"". EDIFICIO RODRIGUEZ,";SERVICIO DE REGISTRO DE INFORMACION DE CONTROL DE ASISTENCIA RELOJ CONTROL;1.0;;80729.0;0.0;80729.0
1057532-19-CM26;1;0;;0;FORMULA INFANTIL NEOCATE TARRO 400 G UNIDAD X REGIÓN;(4242883) FORMULA INFANTIL NEOCATE TARRO 400 G UNIDAD X REGIÓN;(4242883) FORMULA INFANTIL NEOCATE TARRO 400 G UNIDAD X REGIÓN , Región de los Lagos , Osorno, Av. Manuel Rodriguez 759;60.0;;27005.0;0.0;1620300.0
1057532-60-SE26;1;44103200;Equipos, accesorios y suministros de oficina / Maquinarias, suministros y accesorios de oficina / Máquinas y accesorios para registro de hora y asistencia en la oficina;44103201;Reloj de control;"“SERVICIO DE REGISTRO DE INFORMACIÓN DE CONTROL DE ASISTENCIA RELOJ CONTROL BIOLETRICO PARA EL SERVICIO DE SALUD OSORNO Y SUS ESTABLECIMIENTOS DEPENDIENTES, POR 36 MESES"". CT PEULLA AMBULATORIA.";SERVICIO DE REGISTRO DE INFORMACION DE CONTROL DE ASISTENCIA RELOJ CONTROL;1.0;;80729.0;0.0;80729.0
1057532-60-SE26;2;44103200;Equipos, accesorios y suministros de oficina / Maquinarias, suministros y accesorios de oficina / Máquinas y accesorios para registro de hora y asistencia en la oficina;44103201;Reloj de control;"“SERVICIO DE REGISTRO DE INFORMACIÓN DE CONTROL DE ASISTENCIA RELOJ CONTROL BIOLETRICO PARA EL SERVICIO DE SALUD OSORNO Y SUS ESTABLECIMIENTOS DEPENDIENTES, POR 36 MESES"". CT PEULLA RESIDENCIAL.";SERVICIO DE REGISTRO DE INFORMACION DE CONTROL DE ASISTENCIA RELOJ CONTROL;1.0;;80729.0;0.0;80729.0
1057532-61-SE26;1;44103200;Equipos, accesorios y suministros de oficina / Maquinarias, suministros y accesorios de oficina / Máquinas y accesorios para registro de hora y asistencia en la oficina;44103201;Reloj de control;"“SERVICIO DE REGISTRO DE INFORMACIÓN DE CONTROL DE ASISTENCIA RELOJ CONTROL BIOLETRICO PARA EL SERVICIO DE SALUD OSORNO Y SUS ESTABLECIMIENTOS DEPENDIENTES, POR 36 MESES"". COSAM ORIENTE.";SERVICIO DE REGISTRO DE INFORMACION DE CONTROL DE ASISTENCIA RELOJ CONTROL;1.0;;80729.0;0.0;80729.0
1057532-5707-AG25;1;82101500;Servicios editoriales, de diseño, publicidad, gráficos y artistas / Publicidad / Publicidad impresa;82101507;Folletos y catálogos publicitarios, servicios de publicidad y distribución;60 revistas tamaño 23 x 46 cm. Extendido (22x22 centimetros cerrado) 36 paginas totales, tapa en couche 200 gramos impresos a 4/4 color interior en couche 170 gramos, impresas 4/4 color, terminación doble corchete.;;60.0;;5240.0;0.0;0.0
1057532-57-SE26;1;44103200;Equipos, accesorios y suministros de oficina / Maquinarias, suministros y accesorios de oficina / Máquinas y accesorios para registro de hora y asistencia en la oficina;44103201;Reloj de control;"“SERVICIO DE REGISTRO DE INFORMACIÓN DE CONTROL DE ASISTENCIA RELOJ CONTROL BIOLETRICO PARA EL SERVICIO DE SALUD OSORNO Y SUS ESTABLECIMIENTOS DEPENDIENTES, POR 36 MESES"". BASE SAMU.";SERVICIO DE REGISTRO DE INFORMACION DE CONTROL DE ASISTENCIA RELOJ CONTROL;1.0;;80729.0;0.0;80729.0
1057532-62-SE26;1;44103200;Equipos, accesorios y suministros de oficina / Maquinarias, suministros y accesorios de oficina / Máquinas y accesorios para registro de hora y asistencia en la oficina;44103201;Reloj de control;"“SERVICIO DE REGISTRO DE INFORMACIÓN DE CONTROL DE ASISTENCIA RELOJ CONTROL BIOLETRICO PARA EL SERVICIO DE SALUD OSORNO Y SUS ESTABLECIMIENTOS DEPENDIENTES, POR 36 MESES"". COSAM RAHUE INFANTIL.";SERVICIO DE REGISTRO DE INFORMACION DE CONTROL DE ASISTENCIA RELOJ CONTROL;1.0;;80729.0;0.0;80729.0
1057532-62-SE26;2;44103200;Equipos, accesorios y suministros de oficina / Maquinarias, suministros y accesorios de oficina / Máquinas y accesorios para registro de hora y asistencia en la oficina;44103201;Reloj de control;"“SERVICIO DE REGISTRO DE INFORMACIÓN DE CONTROL DE ASISTENCIA RELOJ CONTROL BIOLETRICO PARA EL SERVICIO DE SALUD OSORNO Y SUS ESTABLECIMIENTOS DEPENDIENTES, POR 36 MESES"". COSAM RAHUE.";SERVICIO DE REGISTRO DE INFORMACION DE CONTROL DE ASISTENCIA RELOJ CONTROL;1.0;;80729.0;0.0;80729.0
1057727-62-AG25;1;82111700;Servicios editoriales, de diseño, publicidad, gráficos y artistas / Escritura y traducciones / Escritura creativa;82111705;Redacción de discursos;TALLER DE ELABORACIÓN DE JABONES AROMÁTICOS;Cotización enviada por ARTÍCULOS PARA MANUALIDADES LIBRERÍA Y PAQUETERÍA PATRICIA CECILIA CARVAJAL ALBORNOZ E.I.R.L.;1.0;;420168.0;0.0;0.0
1057532-25-SE26;1;30222500;Artículos para estructuras, obras y construcciones / Construcciones permanentes / Construcciones para alojamiento;30222501;Casas residenciales;ADQUISICION 10 CUPOS RESIDENCIA PROTEGIDA DE ALTA COMPLEJIDAD PARA EL SERVICIO DE SALUD OSORNO EN LA CIUDAD DE OSORNO;ADQUISICION 10 CUPOS RESIDENCIA PROTEGIDA DE ALTA COMPLEJIDAD PARA EL SERVICIO DE SALUD OSORNO EN LA CIUDAD DE OSORNO;310.0;;65546.0;0.0;20319260.0
1057532-58-SE26;1;44103200;Equipos, accesorios y suministros de oficina / Maquinarias, suministros y accesorios de oficina / Máquinas y accesorios para registro de hora y asistencia en la oficina;44103201;Reloj de control;"“SERVICIO DE REGISTRO DE INFORMACIÓN DE CONTROL DE ASISTENCIA RELOJ CONTROL BIOLETRICO PARA EL SERVICIO DE SALUD OSORNO Y SUS ESTABLECIMIENTOS DEPENDIENTES, POR 36 MESES"". PRAIS.";SERVICIO DE REGISTRO DE INFORMACION DE CONTROL DE ASISTENCIA RELOJ CONTROL;1.0;;80729.0;0.0;80729.0
1057532-38-SE26;1;93131600;Organizaciones y consultorías políticas, demográficas, económicas, sociales y de administración pública / Ayuda y asistencia humanitaria / Política, planificación y programas de alimentación y nutrición;93131607;Servicios de distribución de alimentos;Servicios de Alimentación para el Centro de Apoyo Comunitario para personas con demencia CACPD KÜMELEN año 2025;ALMUERZOS / DICIEMBRE2025;760.0;;3800.0;0.0;2888000.0
1057532-38-SE26;2;93131600;Organizaciones y consultorías políticas, demográficas, económicas, sociales y de administración pública / Ayuda y asistencia humanitaria / Política, planificación y programas de alimentación y nutrición;93131607;Servicios de distribución de alimentos;Servicios de Alimentación para el Centro de Apoyo Comunitario para personas con demencia CACPD KÜMELEN año 2025;DESAYUNOS / DICIEMBRE 2025;420.0;;1750.0;0.0;735000.0
1057532-67-SE26;1;85122100;Salud, servicios sanitarios y alimentación / Medicina y servicios de salud / Rehabilitación;85122109;Rehabilitación para gente con discapacidades cróni;ADQUISICIÓN DE PRESTACIONES PARA PROGRAMA DE REHABILITACIÓN TIPO II PARA EL SERVICIO DE SALUD OSORNO  CONTRATO APROBADO POR RES. EXENTA N°3930 DEL 14 DE MARZO DE 2025.   -PERIODO: DICIEMBRE 2025.;ADQUISICIÓN DE PRESTACIONES PARA PROGRAMA DE REHABILITACIÓN TIPO II PARA EL SERVICIO DE SALUD OSORNO  CONTRATO APROBADO POR RES. EXENTA N°3930 DEL 14 DE MARZO DE 2025.   -PERIODO: DICIEMBRE 2025.;920.0;;18705.0;0.0;17208600.0
1057532-43-SE26;1;43211500;Tecnologías de la información, telecomunicaciones y radiodifusión / Equipos informáticos y accesorios / Computadores;43211503;Notebook, laptop o computador portátil excepto Tablet PC;Notebook HP EliteBook 640 G9. Valor unitario Neto por 36 meses // Cuota N°19/36 //Periodo 29-10-2025 al 28-11-2025;SE REQUIERE CONTRATAR SERVICIO DE ARRIENDAMIENTO POR 5 NOTEBOOK DE ACUERDO A ESPECIFICACIONES TÉCNICAS DE BASES DE LICITACIÓN, POR UN PERIDO DE 36 MESES PARA DIRECCIÓN DEL SERVICIO DE SALUD OSORNO;5.0;;50032.8;0.0;250164.0
1057532-66-SE26;1;43232300;Tecnologías de la información, telecomunicaciones y radiodifusión / Software / Software de consultas y gestión de datos;43232306;Software de consultas e interfaz de usuario de bas;SISTEMA REGISTRO CLINICO ELECTRONICO PARA HOSPITALES DE BAJA COMPLEJIDAD Y COMUNITARIOS.;SISTEMA REGISTRO CLINICO ELECTRONICO PARA HOSPITALES DE BAJA COMPLEJIDAD Y COMUNITARIOS.;330.0;;20957.14;0.0;6915856.2
1057532-66-SE26;2;43232300;Tecnologías de la información, telecomunicaciones y radiodifusión / Software / Software de consultas y gestión de datos;43232306;Software de consultas e interfaz de usuario de bas;Sistema Registro Clínico Electrónico para la Atención Primaria de   Salud (APS).;Sistema Registro Clínico Electrónico para la Atención Primaria de   Salud (APS).;1569.0;;17312.42;0.0;27163186.979999997
1057532-40-SE26;1;43211500;Tecnologías de la información, telecomunicaciones y radiodifusión / Equipos informáticos y accesorios / Computadores;43211507;Computadores de escritorio;ARRIENDO DE 133 EQUIPOS COMPUTACIONALES PARA ESTABLECIMIENTOS DEPENDIENTES DE LA DIRECCION DE SERVICIO DE SALUD OSORNO, POR 36 MESES //Cuota 36 DE 36;ARRIENDO DE 159 EQUIPOS COMPUTACIONALES PARA ESTABLECIMIENTOS DEPENDIENTES DE LA DIRECCION DE SERVICIO DE SALUD OSORNO, POR 36 MESES.;159.0;;39402.0;0.0;6264918.0
1057532-64-SE26;1;85122200;Salud, servicios sanitarios y alimentación / Medicina y servicios de salud / Evaluaciones de salud individuales;85122201;Exámenes médicos;INSUMOS PARA EXAMENES DE LABORATORIO TIPO POC, CON ARRIENDO DE EQUIPOS (HOSPITAL RIO NEGRO, HOSPITAL PUERTO OCTAY, HOSPITAL PU MULEN QUILACAHUIN, HOSPITAL FUKA SRUKA LAWENCHE KUNKO MAPU MO);Código 09P31-25 Catridge para determinación de pruebas bioquímicas y hematológicas básicas en sangre total, compatible con analizador POC (CARTRIDGE CHEM8+) Presentación Caja de 25 cartridges;50.0;;16800.0;0.0;840000.0
1057532-64-SE26;2;85122200;Salud, servicios sanitarios y alimentación / Medicina y servicios de salud / Evaluaciones de salud individuales;85122201;Exámenes médicos;INSUMOS PARA EXAMENES DE LABORATORIO TIPO POC, CON ARRIENDO DE EQUIPOS (HOSPITAL RIO NEGRO, HOSPITAL PUERTO OCTAY, HOSPITAL PU MULEN QUILACAHUIN, HOSPITAL FUKA SRUKA LAWENCHE KUNKO MAPU MO);Código 06P17-101 Controles de calidad nivel normal para troponinas en sangre total, compatible con analizador POC (CONTROLES TROPONINAS NIVEL NORMAL) Presentación 1 Ampolla;1.0;;14000.0;0.0;14000.0
1057532-64-SE26;3;85122200;Salud, servicios sanitarios y alimentación / Medicina y servicios de salud / Evaluaciones de salud individuales;85122201;Exámenes médicos;INSUMOS PARA EXAMENES DE LABORATORIO TIPO POC, CON ARRIENDO DE EQUIPOS (HOSPITAL RIO NEGRO, HOSPITAL PUERTO OCTAY, HOSPITAL PU MULEN QUILACAHUIN, HOSPITAL FUKA SRUKA LAWENCHE KUNKO MAPU MO);Código 06P17-111 Controles de calidad nivel alto para troponinas en sangre total, compatible con analizador POC (CONTROLES TROPONINAS NIVEL ALTO) Presentación 1 Ampolla;1.0;;14000.0;0.0;14000.0
1057532-46-SE26;1;42271500;Equipamiento y suministros médicos / Productos de resucitación, anestesia y respiratorios / Productos para el control respiratorio;42271503;Monitores de dióxido de carbono al final de la espiración (ETCO2) o suministros;Línea  de muestra Invasiva Adulto/Pediátrico (capnografía).  Línea de muestreo intubada y Adaptador vías respiratorias. Fiterline adulto/pediátrico. Código de referencia: ZOLAC8300-0521-01. Compatible con equipo Zoll Serie X. Linea 3;Línea muestra Invasiva Adulto/Pediátrico (capnografía) Línea de muestreo intubada y Adaptador vías respiratorias Fiterline adulto/pediátrico. Código de referencia: ZOLAC8300-0521-01 Compatible con equipo Zoll Serie X. Linea 3/Marca CAPNOMED Serie 5212S-10;50.0;;5900.0;0.0;295000.0
1057532-46-SE26;2;42271500;Equipamiento y suministros médicos / Productos de resucitación, anestesia y respiratorios / Productos para el control respiratorio;42271503;Monitores de dióxido de carbono al final de la esp;Línea de muestra Invasiva Neonatal (capnografía). Línea de muestreo intubada y   adaptador vías respiratorias. Fiterline neonatal. Código de referencia: ZOLAC83000522-01.  Compatible con equipo Zoll Serie X.;Línea de muestra Invasiva Neonatal (capnografía). Línea de muestreo intubada y   adaptador vías respiratorias. Fiterline neonatal. Código de referencia: ZOLAC83000522-01.  Compatible con equipo Zoll Serie X./Linea 3/Marca CAPNOMED Serie 5212S-11;40.0;;5990.0;0.0;239600.0
1057532-46-SE26;3;42181800;Equipamiento y suministros médicos / Productos para exámenes y control de pacientes / Oxímetros de pulso;42181802;Cables de oximetros de pulso;Cable Transductor línea PA Invasiva modelo Edward. Compatible con equipo   marca Zoll X Serie.;Cable Transductor línea PA Invasiva modelo Edward. Compatible con equipo   marca Zoll X Serie./Línea 4/Marca UNIMED Serie BC-NK3-ED;1.0;;33000.0;0.0;33000.0
1057532-46-SE26;4;42271500;Equipamiento y suministros médicos / Productos de resucitación, anestesia y respiratorios / Productos para el control respiratorio;42271505;Kits de monitorización respiratoria o sus accesori;Cable Interfase SpO2 Nellcor Oximax. Código de referenciGEAC2021406-002. Compatible con equipo:  GE V100.;Cable Interfase SpO2 Nellcor Oximax. Código de referenciGEAC2021406-002. Compatible con equipo:  GE V100./Línea 5/ Marca  UNIMED Serie U 710-21P;1.0;;38000.0;0.0;38000.0
1057532-46-SE26;5;42271500;Equipamiento y suministros médicos / Productos de resucitación, anestesia y respiratorios / Productos para el control respiratorio;42271505;Kits de monitorización respiratoria o sus accesori;Sensor SpO2 adulto reusable. Tipo clip para dedo. Código de referencia:  NA-DS100-A. Compatible con equipo:  GE V100.;Sensor SpO2 adulto reusable. Tipo clip para dedo. Código de referencia:  NA-DS100-A. Compatible con equipo:  GE V100. /Línea 5/Marca UNIMED Serie U403-01P;1.0;;31000.0;0.0;31000.0
1057532-46-SE26;6;42271500;Equipamiento y suministros médicos / Productos de resucitación, anestesia y respiratorios / Productos para el control respiratorio;42271505;Kits de monitorización respiratoria o sus accesori;Sensor SpO2 pediátrico. Tipo clip para dedo. Código de referencia: NADYS.  Compatible con equipo: GE V100./Línea 5/;Sensor SpO2 pediátrico. Tipo clip para dedo. Código de referencia: NADYS.  Compatible con equipo: GE V100./Línea 5/ Marca UNIMED Serie U103-01P;8.0;;31000.0;0.0;248000.0
1057532-46-SE26;7;42181700;Equipamiento y suministros médicos / Productos para exámenes y control de pacientes / Unidades de electrocardiografía (ECG) y productos relacionados;42181716;Accesorios de electrocardiografía (ECG);Terminal ECG de 3 Leads (1 metro). Código de referencia:  0010-30-42732.  Compatible con equipo: Benevision N1.;Terminal ECG de 3 Leads (1 metro). Código de referencia:  0010-30-42732.  Compatible con equipo: Benevision N1./Línea 6/ Marca  UNIMED Serie MR3-90 P;8.0;;25000.0;0.0;200000.0
1057532-46-SE26;8;42181700;Equipamiento y suministros médicos / Productos para exámenes y control de pacientes / Unidades de electrocardiografía (ECG) y productos relacionados;42181716;Accesorios de electrocardiografía (ECG);Cable Troncal ECG 3/5 Leads Adulto/Pediátrico Código de referencia:  0010-  30-42719. Compatible con equipo: Benevision N1;Cable Troncal ECG 3/5 Leads Adulto/Pediátrico Código de referencia:  0010-  30-42719. Compatible con equipo: Benevision N1./Linea 6Marca UNIMED Serie MR-2512;10.0;;31000.0;0.0;310000.0
1057532-46-SE26;9;42181700;Equipamiento y suministros médicos / Productos para exámenes y control de pacientes / Unidades de electrocardiografía (ECG) y productos relacionados;42181716;Accesorios de electrocardiografía (ECG);Interfaz Saturometría (cable troncal) Código de referencia:  0010-20-42710.  Compatible con equipo: Benevision N1;Interfaz Saturometría (cable troncal) Código de referencia:  0010-20-42710.  Compatible con equipo: Benevision N1/Línea 6/ Marca UNIMED Serie U708-48;8.0;;31000.0;0.0;248000.0
1057532-46-SE26;10;42181700;Equipamiento y suministros médicos / Productos para exámenes y control de pacientes / Unidades de electrocardiografía (ECG) y productos relacionados;42181716;Accesorios de electrocardiografía (ECG);Sensor SpO2 adulto reusable. Tipo clip para dedo Código de referencia:    512F-30-28263. Compatible con equipo: Benevision N1;Sensor SpO2 adulto reusable. Tipo clip para dedo Código de referencia:    512F-30-28263. Compatible con equipo: Benevision N1/Línea 6/ Marca UNIMED Serie U 403-01P;8.0;;28000.0;0.0;224000.0
1057532-46-SE26;11;42181700;Equipamiento y suministros médicos / Productos para exámenes y control de pacientes / Unidades de electrocardiografía (ECG) y productos relacionados;42181716;Accesorios de electrocardiografía (ECG);Sensor SpO2 pediátrico reusable. Tipo clip para dedo Código de referencia:  512H-30-79061. Compatible con equipo: Benevision N1;Sensor SpO2 pediátrico reusable. Tipo clip para dedo Código de referencia:  512H-30-79061. Compatible con equipo: Benevision N1/Línea 6/Marca UNIMED Serie U 103-01P;6.0;;28000.0;0.0;168000.0
1057532-46-SE26;12;42181700;Equipamiento y suministros médicos / Productos para exámenes y control de pacientes / Unidades de electrocardiografía (ECG) y productos relacionados;42181716;Accesorios de electrocardiografía (ECG);Sensor temperatura reusable multisitio Código de referencia:  0011-30-  37393. Compatible con equipo: Benevision N1/Línea 6/;Sensor temperatura reusable multisitio Código de referencia:  0011-30-  37393. Compatible con equipo: Benevision N1/Línea 6/Marca UNIMED SerieTMR-AS;6.0;;26000.0;0.0;156000.0
1057532-65-SE26;1;85122200;Salud, servicios sanitarios y alimentación / Medicina y servicios de salud / Evaluaciones de salud individuales;85122201;Exámenes médicos;INSUMOS PARA EXAMENES DE LABORATORIO TIPO POC, CON ARRIENDO DE EQUIPOS (HOSPITAL RIO NEGRO, HOSPITAL PUERTO OCTAY, HOSPITAL PU MULEN QUILACAHUIN, HOSPITAL FUKA SRUKA LAWENCHE KUNKO MAPU MO);Código 09P31-25 Catridge para determinación de pruebas bioquímicas y hematológicas básicas en sangre total, compatible con analizador POC (CARTRIDGE CHEM8+) Presentación Caja de 25 cartridges;25.0;;16800.0;0.0;420000.0
1057532-65-SE26;2;85122200;Salud, servicios sanitarios y alimentación / Medicina y servicios de salud / Evaluaciones de salud individuales;85122201;Exámenes médicos;INSUMOS PARA EXAMENES DE LABORATORIO TIPO POC, CON ARRIENDO DE EQUIPOS (HOSPITAL RIO NEGRO, HOSPITAL PUERTO OCTAY, HOSPITAL PU MULEN QUILACAHUIN, HOSPITAL FUKA SRUKA LAWENCHE KUNKO MAPU MO);Código 06P17-101 Controles de calidad nivel normal para troponinas en sangre total, compatible con analizador POC (CONTROLES TROPONINAS NIVEL NORMAL) Presentación 1 Ampolla;1.0;;14000.0;0.0;14000.0
1057532-65-SE26;3;85122200;Salud, servicios sanitarios y alimentación / Medicina y servicios de salud / Evaluaciones de salud individuales;85122201;Exámenes médicos;INSUMOS PARA EXAMENES DE LABORATORIO TIPO POC, CON ARRIENDO DE EQUIPOS (HOSPITAL RIO NEGRO, HOSPITAL PUERTO OCTAY, HOSPITAL PU MULEN QUILACAHUIN, HOSPITAL FUKA SRUKA LAWENCHE KUNKO MAPU MO);Código 06P17-111 Controles de calidad nivel alto para troponinas en sangre total, compatible con analizador POC (CONTROLES TROPONINAS NIVEL ALTO) Presentación 1 Ampolla;1.0;;14000.0;0.0;14000.0
1057532-65-SE26;4;85122200;Salud, servicios sanitarios y alimentación / Medicina y servicios de salud / Evaluaciones de salud individuales;85122201;Exámenes médicos;INSUMOS PARA EXAMENES DE LABORATORIO TIPO POC, CON ARRIENDO DE EQUIPOS (HOSPITAL RIO NEGRO, HOSPITAL PUERTO OCTAY, HOSPITAL PU MULEN QUILACAHUIN, HOSPITAL FUKA SRUKA LAWENCHE KUNKO MAPU MO);Código 05P72-011 Controles de calidad nivel normal para pruebas bioquímicas y hematológicas básicas en sangre total, compatible con analizador POC (CONTROLES TRICONTROL NIVEL NORMAL) Presentación 1 Ampolla;1.0;;6000.0;0.0;6000.0
1057532-65-SE26;5;85122200;Salud, servicios sanitarios y alimentación / Medicina y servicios de salud / Evaluaciones de salud individuales;85122201;Exámenes médicos;INSUMOS PARA EXAMENES DE LABORATORIO TIPO POC, CON ARRIENDO DE EQUIPOS (HOSPITAL RIO NEGRO, HOSPITAL PUERTO OCTAY, HOSPITAL PU MULEN QUILACAHUIN, HOSPITAL FUKA SRUKA LAWENCHE KUNKO MAPU MO);Código 05P73-011 Controles de calidad nivel alto para pruebas bioquímicas y hematológicas básicas en sangre total, compatible con analizador POC (CONTROLES TRICONTROL NIVEL ALTO) Presentación 1 Ampolla;1.0;;6000.0;0.0;6000.0
1057532-41-SE26;1;43211500;Tecnologías de la información, telecomunicaciones y radiodifusión / Equipos informáticos y accesorios / Computadores;43211507;Computadores de escritorio;N° Computadores;ARRIENDO DE 22 EQUIPOS COMPUTACIONALES PC Y 03 LAPTOP PARA ESTABLECIMIENTOS DEPENDIENTES DE LA DIRECCIÓN DE SERVICIO SALUD OSORNO, POR 48 MESES;22.0;;30085.71;0.0;661885.62
1057532-41-SE26;2;43211500;Tecnologías de la información, telecomunicaciones y radiodifusión / Equipos informáticos y accesorios / Computadores;43211507;Computadores de escritorio;N° Notebook;ARRIENDO DE 22 EQUIPOS COMPUTACIONALES PC Y 03 LAPTOP PARA ESTABLECIMIENTOS DEPENDIENTES DE LA DIRECCIÓN DE SERVICIO SALUD OSORNO, POR 48 MESES;3.0;;29019.33;0.0;87057.99
1057532-68-SE26;1;78180100;Servicios de transporte, almacenaje y correo / Servicios de mantención o reparaciones de transportes / Mantención o reparación de vehículos;78180103;Servicios de cambio de fluidos de aceite o de la transmisión;CONVENIO DE SERVICIOS DE MANTENCIÓN PREVENTIVA, CORRECTIVA Y/O REPARATIVA VEHÍCULOS MULTIMARCAS DEPENDIENTES DEL SERVICIO DE SALUD OSORNO AÑO 2026-2027;Mantención Correctiva en Ambulancia Ford Transit, Placa Patente: KX.SL-77 de dotación de la Base SAMU Osorno / PPTO. N°65;1.0;;40000.0;0.0;40000.0
1057532-42-SE26;1;43211500;Tecnologías de la información, telecomunicaciones y radiodifusión / Equipos informáticos y accesorios / Computadores;43211508;Computadores personales;Arriendo de 7 Computadores Personales All In One por periodo de 36 meses de acuerdo a especificaciones técnicas. Cuota N°19 / Periodo 28-11-2025 al 28-12-2025.-;7 computadores AIO por el periodo de 36 meses de arriendo.;7.0;;48933.0;0.0;342531.0
1057532-49-AG26;1;43221500;Tecnologías de la información, telecomunicaciones y radiodifusión / Equipos, plataformas y accesorios de redes multimedia, voz y datos / Sistemas o accesorios de gestión de llamadas;43221525;Sistemas de intercomunicadores;5 MOTOROLA TALKABOUT T210 — Radio Woki-Toki tipo Aficionado    •	Alerta de batería baja  •	Bloqueo de teclado  •	Temporizador de tiempo de espera  •	Eliminación de usuario no deseado  •	Conector para accesorios de un solo pin  •	Alcance: hasta 32 km (según fabricante)  •	Alcance en ciudad: entre 100 y 200 metros  •	121 subcódigos  •	20 tonos de llamada  •	Display LCD iluminado;5 MOTOROLA TALKABOUT T210, 32 kms, 20 MILLAS;5.0;;58750.0;0.0;0.0
1057532-78-SE26;1;42271700;Equipamiento y suministros médicos / Productos de resucitación, anestesia y respiratorios / Sistemas y dispositivos de terapia de entrega de oxígeno;42271701;Cilindros de gas médicos o dispositivos relacionad;recarga CILINDROS DE 0,7 m3 OXÍGENO;recarga CILINDROS DE 0,7 m3 OXÍGENO;1.0;;3384.0;0.0;3384.0
1057532-78-SE26;2;42271700;Equipamiento y suministros médicos / Productos de resucitación, anestesia y respiratorios / Sistemas y dispositivos de terapia de entrega de oxígeno;42271701;Cilindros de gas médicos o dispositivos relacionad;Flete por CILINDROS;Flete por CILINDROS;1.0;;8849.0;0.0;8849.0
1057532-36-SE26;1;12141900;Productos químicos industriales / Metales y gases / Elementos no metálicos y gases puros;12141904;Oxígeno O;CONVENIO DE SUMINISTRO DE SERVICIO DE OXIGENOTERAPIA DOMICILIARIA PARA USUARIOS INGRESADOS AL PROGRAMA CUIDADOS PALIATIVOS UNIVERSALES APS, SERVICIO DE SALUD OSORNO.;DICIEMBRE 2025;14.0;;110000.0;0.0;1540000.0
1057976-3-SE26;1;80111700;Servicios profesionales, administrativos y consultorías de gestión empresarial / Servicios de recursos humanos / Contratación de personal;80111715;Profesionales;Especialista en Instalaciones Sanitarias  Fecha visita día 19-01-2026.  Valor visita 18 UF.  Profesional Sr. Eduardo Leyton;"VISITA DE ESPECIALISTA EN INSTALACIONES SANITARIAS PARA LA OBRA ""REPOSICIÓN CECOSF EL ENCANTO, COMUNA DE PUYEHUE""";1.0;;715401.9;0.0;715401.9
1057976-3-SE26;2;80111700;Servicios profesionales, administrativos y consultorías de gestión empresarial / Servicios de recursos humanos / Contratación de personal;80111715;Profesionales;Especialista en Instalaciones Sanitarias  Fecha visita día 19-01-2026.  Valor visita 18 UF.  Profesional Sr. Eduardo Leyton;"VISITA DE ESPECIALISTA EN PAVIMIEMENTOS INTERIOR, EXTERIOR, FAJA DE ACCESO Y EVACUACIÓMN AGUAS LLUVIAS PARA LA OBRA ""REPOSICIÓN CECOSF EL ENCANTO, COMUNA DE PUYEHUE""";1.0;;715401.9;0.0;715401.9
1057532-76-SE26;1;42271700;Equipamiento y suministros médicos / Productos de resucitación, anestesia y respiratorios / Sistemas y dispositivos de terapia de entrega de oxígeno;42271701;Cilindros de gas médicos o dispositivos relacionad;recarga CILINDROS DE 0,7 m3 OXÍGENO;recarga CILINDROS DE 0,7 m3 OXÍGENO;1.0;;3384.0;0.0;3384.0
1057532-76-SE26;2;42271700;Equipamiento y suministros médicos / Productos de resucitación, anestesia y respiratorios / Sistemas y dispositivos de terapia de entrega de oxígeno;42271701;Cilindros de gas médicos o dispositivos relacionad;Flete por CILINDROS;Flete por CILINDROS;1.0;;8849.0;0.0;8849.0
1057532-89-CM26;1;0;;0;PASAJE AÉREO NACIONAL;(2237550) PASAJE AÉREO NACIONAL;(2237550) PASAJE AÉREO NACIONAL , Región Metropolitana de Santiago, Las Condes, Por correo electrónico;1.0;;53991.0;0.0;53991.0
1057532-16-AG26;1;42241800;Equipamiento y suministros médicos / Productos medicinales para deportes, prostéticos y ortopédicos / Productos ortopédicos blandos para el torso y extremidad superior;42241803;Soportes para el cuello o collares cervicales;4 COLLARES CERVICAL LEADER ajustable (adulto) (Referencia)  •	Incluye los 4 tamaños estándar en un solo dispositivo, según protocolos de inmovilización cervical para adultos.  •	Asegura un ajuste simétrico.  •	Cierre audible y táctil para mayor seguridad.  •	Fácil acceso al pulso carotídeo.  •	Permite el acceso a técnicas avanzadas de vía aérea.  •	Material hipoalergénico.  •	Transparente a RX.  •	Medidas conforme a protocolos establecidos.;4 COLLARES CERVICAL LEADER ajustable (adulto) (Referencia)  •	Incluye los 4 tamaños estándar en un solo dispositivo, según protocolos de inmovilización cervical para adultos.  •	Asegura un ajuste simétrico.  •	Cierre audible y táctil para mayor seguridad.;4.0;;8286.0;0.0;0.0
1057532-16-AG26;2;53121600;Ropa, maletas y productos de aseo personal / Maletas, bolsos de mano, mochilas y estuches / Monederos, bolsos de mano y bolsas;53121603;Mochilas;2 MOCHILA  Y KIT EMERGENCIA  El kit contiene:  1 — Mochila Roja o Gris Básica 15 Litros,  1 — Linterna AA o Linterna LED recargable USB  1 — Alcohol gel 60 ml,  1 — Manta térmica 130 x 210 cms.,  1 — Toallitas húmedas o desinfectantes,  1 — Radio AM/FM,  4 — Pilas AA,  8 — Bolsas de agua de 125 ml o dos (02) de 500 ml – 5 años duración o una (1) de 1 litro – 10 años duración, según stock,  1 — Barra o ración calórica de 2400K o 2500K o 3600K o equivalente – 5 años duración, según stock,  1 — Fósforos resis;2 MOCHILA  Y KIT EMERGENCIA  El kit contiene:  1 — Mochila Roja o Gris Básica 15 Litros,  1 — Linterna AA o Linterna LED recargable USB  1 — Alcohol gel 60 ml,  1 — Manta térmica 130 x 210 cms.,  1 — Toallitas húmedas o desinfectantes,  1 — Radio AM/FM,;2.0;;66360.0;0.0;0.0
1057532-91-AG26;1;26141700;Maquinaria para generación y distribución de energía / Equipamiento para energía nuclear / Equipo para dosimetría;26141703;Sistemas de dosimetría de patrón secundario;Suministro de dosimetría, para Trabajadores Ocupacionalmente Expuestos a radiaciones Ionizantes, para los 4 trimestres del año 2026.;12 DOSIMETROS:  -10 DOSIMETROS PERSONALES  -1 DOSIMETRO DE CONTROL   -1 DOSIMETRO AMBIENTAL;12.0;;56000.0;0.0;0.0
1057532-72-SE26;1;46191600;Equipos y suministros de defensa, orden público, protección y seguridad / Protección contra incendios / Equipos para combatir incendios;46191601;Extintores;Servicios de Inspección/ Diciembre 2025;SERVICIOS DE MANTENCIÓN PREVENTIVA PARA RED HÚMEDA Y EXTINTORES, DE LOS ESTABLECIMIENTOS PERTENECIENTES AL SERVICIO DE SALUD OSORNO, POR UN PERIODO DE 31 MESES;1.0;;15480.0;0.0;15480.0
1057532-32-SE26;1;78111800;Servicios de transporte, almacenaje y correo / Transporte de pasajeros / Transporte de pasajeros por carretera;78111802;Servicios de autobuses regulares, recorridos fijos;Servicio de Movilización CDR Kumelen / Noviembre 2025 (Linea 7) // Viajes Urbanos.1057532-81-LQ24, RE_17366/2024 APRUEBA CONTRATO;Amplia experiencia en el rubro de transporte de pasajeros;14.0;;109000.0;0.0;1526000.0
1057532-32-SE26;2;78111800;Servicios de transporte, almacenaje y correo / Transporte de pasajeros / Transporte de pasajeros por carretera;78111802;Servicios de autobuses regulares, recorridos fijos;Servicio de Movilización CDR Kumelen / Noviembre 2025 (Linea 7) // Viajes Rurales.1057532-81-LQ24, RE_17366/2024 APRUEBA CONTRATO;Amplia experiencia en el rubro de transporte de pasajeros;5.0;;109000.0;0.0;545000.0
1057532-44-SE26;1;42271700;Equipamiento y suministros médicos / Productos de resucitación, anestesia y respiratorios / Sistemas y dispositivos de terapia de entrega de oxígeno;42271707;Sensores o reguladores de caudal, o componentes;Regulador de oxígeno con dos manómetros. Medición PSI/Bar para uso en cilindros 6 m3, conexión CGA540. Compatible con equipo: Weinmann Medumat Transport/ Oxylog 3000Plus.;Regulador de oxígeno con dos manómetros. Medición PSI/Bar para uso en cilindros 6 m3, conexión CGA540. Compatible con equipo: Weinmann Medumat Transport/ Oxylog 3000Plus./Línea N°9/marca MADA, mod 801BN;10.0;;115000.0;0.0;1150000.0
1057532-44-SE26;2;42271700;Equipamiento y suministros médicos / Productos de resucitación, anestesia y respiratorios / Sistemas y dispositivos de terapia de entrega de oxígeno;42271707;Sensores o reguladores de caudal, o componentes;Regulador de oxígeno medicinal conexión yugo CGA 870. Salida DISS. Capacidad máxima de 15 LPM. Para uso en cilindros 0,4 m3 Pin Index. Código de referencia: RL-243. Compatible con equipo: Weinmann Medumat Transport/ Oxylog 3000Plus.;Regulador oxígeno medicinal conexión yugo CGA 870. Salida DISS. Capacidad máxima de 15 LPM. Para uso en cilindros 0,4 m3 Pin Index. Código de referencia: RL-243. Compatible con equipo: Weinmann Medumat Transport/ Oxylog 3000Plus./Línea 9/MADA R1835-15GB;10.0;;50000.0;0.0;500000.0
1057532-74-SE26;1;46191600;Equipos y suministros de defensa, orden público, protección y seguridad / Protección contra incendios / Equipos para combatir incendios;46191601;Extintores;Servicios de Inspección / Diciembre 2025;SERVICIOS DE MANTENCIÓN PREVENTIVA PARA RED HÚMEDA Y EXTINTORES, DE LOS ESTABLECIMIENTOS PERTENECIENTES AL SERVICIO DE SALUD OSORNO, POR UN PERIODO DE 31 MESES;1.0;;5160.0;0.0;5160.0
1057532-5727-AG25;1;82101500;Servicios editoriales, de diseño, publicidad, gráficos y artistas / Publicidad / Publicidad impresa;82101507;Folletos y catálogos publicitarios, servicios de publicidad y distribución;5.000 FOLLETOS.;;5000.0;;50.0;0.0;0.0
1057532-5727-AG25;2;82101500;Servicios editoriales, de diseño, publicidad, gráficos y artistas / Publicidad / Publicidad impresa;82101507;Folletos y catálogos publicitarios, servicios de publicidad y distribución;5.000 DIPTICOS.;;5000.0;;75.0;0.0;0.0
1057532-5727-AG25;3;82101500;Servicios editoriales, de diseño, publicidad, gráficos y artistas / Publicidad / Publicidad impresa;82101507;Folletos y catálogos publicitarios, servicios de publicidad y distribución;1 PENDON.;;1.0;;30000.0;0.0;0.0
1057532-5727-AG25;4;82101500;Servicios editoriales, de diseño, publicidad, gráficos y artistas / Publicidad / Publicidad impresa;82101507;Folletos y catálogos publicitarios, servicios de publicidad y distribución;8.000 STICKERS.;;8000.0;;22.0;0.0;0.0
1057532-5727-AG25;5;82101500;Servicios editoriales, de diseño, publicidad, gráficos y artistas / Publicidad / Publicidad impresa;82101507;Folletos y catálogos publicitarios, servicios de publicidad y distribución;1.400 CALENDARIOS.;;1400.0;;130.0;0.0;0.0
1057532-75-SE26;1;46191600;Equipos y suministros de defensa, orden público, protección y seguridad / Protección contra incendios / Equipos para combatir incendios;46191601;Extintores;Servicios de Inspección / Diciembre 2025;SERVICIOS DE MANTENCIÓN PREVENTIVA PARA RED HÚMEDA Y EXTINTORES, DE LOS ESTABLECIMIENTOS PERTENECIENTES AL SERVICIO DE SALUD OSORNO, POR UN PERIODO DE 31 MESES;1.0;;21930.0;0.0;21930.0
1057532-83-SE26;1;76121900;Servicios de limpieza industrial / Eliminación y tratamiento de desechos / Eliminación de residuos peligrosos;76121901;Eliminación de residuos médicos;Residuos Especiales;Servicio de Manejo, Retiro, Transporte y Disposición Final de Residuos Peligrosos y Especiales para los establecimientos de la Red del Servicio de Salud Osorno;2.0;;1639.0;0.0;3278.0
1057532-39-SE26;1;42271700;Equipamiento y suministros médicos / Productos de resucitación, anestesia y respiratorios / Sistemas y dispositivos de terapia de entrega de oxígeno;42271701;Cilindros de gas médicos o dispositivos relacionad;Arriendo de Cilindros;Arriendo de Cilindros;2105.0;;300.0;0.0;631500.0
1057532-73-SE26;1;46191600;Equipos y suministros de defensa, orden público, protección y seguridad / Protección contra incendios / Equipos para combatir incendios;46191601;Extintores;Servicios de Inspección (Peulla Ambulatorio) / Diciembre 2025;SERVICIOS DE MANTENCIÓN PREVENTIVA PARA RED HÚMEDA Y EXTINTORES, DE LOS ESTABLECIMIENTOS PERTENECIENTES AL SERVICIO DE SALUD OSORNO, POR UN PERIODO DE 31 MESES;1.0;;5160.0;0.0;5160.0
1057532-73-SE26;2;46191600;Equipos y suministros de defensa, orden público, protección y seguridad / Protección contra incendios / Equipos para combatir incendios;46191601;Extintores;Servicios de Inspección (Peulla Residencial) / Diciembre 2025;SERVICIOS DE MANTENCIÓN PREVENTIVA PARA RED HÚMEDA Y EXTINTORES, DE LOS ESTABLECIMIENTOS PERTENECIENTES AL SERVICIO DE SALUD OSORNO, POR UN PERIODO DE 31 MESES;1.0;;6450.0;0.0;6450.0
1057532-79-AG26;1;56101500;Muebles y mobiliario / Muebles de alojamiento / Muebles;56101519;Mesas;1 Mesa plegable blanca Medidas:75 cm x 74 cm x 180 cm, según imagen de referencia;1 Mesa plegable blanca Medidas:75 cm x 74 cm x 180 cm, según imagen de referencia;1.0;;30000.0;0.0;0.0
1057532-79-AG26;2;56112100;Muebles y mobiliario / Muebles comerciales e industriales / Asientos;56112102;Sillas para trabajar;Sillas plásticas plegables blancas, según imagen de referencia;Sillas plásticas plegables blancas, según imagen de referencia;2.0;;15000.0;0.0;0.0
1057532-21-SE26;1;30222500;Artículos para estructuras, obras y construcciones / Construcciones permanentes / Construcciones para alojamiento;30222501;Casas residenciales;Adquisición 8 cupos Día Hogar Protegido para hombres para el Servicio de Salud Osorno en la Provincia de Osorno” (RES EXENTA N°17422/29.12.2023;Adquisición 8 cupos Día Hogar Protegido para hombres para el Servicio de Salud Osorno en la Provincia de Osorno” (RES EXENTA N°17422/29.12.2023// CATEGORIA 3 (1 usuario);31.0;;60000.0;0.0;1860000.0
1057532-21-SE26;2;30222500;Artículos para estructuras, obras y construcciones / Construcciones permanentes / Construcciones para alojamiento;30222501;Casas residenciales;Adquisición 8 cupos Día Hogar Protegido para hombres para el Servicio de Salud Osorno en la Provincia de Osorno” (RES EXENTA N°17422/29.12.2023;Adquisición 8 cupos Día Hogar Protegido para hombres para el Servicio de Salud Osorno en la Provincia de Osorno” (RES EXENTA N°17422/29.12.2023// CATEGORIA 1 (6 usuarios) / Reajustado.;194.0;;26582.0;0.0;5156908.0
1057532-52-SE26;1;42181700;Equipamiento y suministros médicos / Productos para exámenes y control de pacientes / Unidades de electrocardiografía (ECG) y productos relacionados;42181701;Unidades de electrocardiografía (ECG);SERVICIO DE INFORMES DE TELEELECTROCARDIOGRAFÍA A DISTANCIA PARA 12 ESTABLECIMIENTOS DE LA RED DE URGENCIA DE LA PROVINCIA DE OSORNO 2025/ DICIEMBRE;SERVICIO DE INFORMES DE TELEELECTROCARDIOGRAFÍA A DISTANCIA PARA 12 ESTABLECIMIENTOS DE LA RED DE URGENCIA DE LA PROVINCIA DE OSORNO 2025;371.0;;2250.0;0.0;834750.0
1057532-71-SE26;1;46191600;Equipos y suministros de defensa, orden público, protección y seguridad / Protección contra incendios / Equipos para combatir incendios;46191601;Extintores;Servicios de Inspección / Diciembre 2025;SERVICIOS DE MANTENCIÓN PREVENTIVA PARA RED HÚMEDA Y EXTINTORES, DE LOS ESTABLECIMIENTOS PERTENECIENTES AL SERVICIO DE SALUD OSORNO, POR UN PERIODO DE 31 MESES;1.0;;18060.0;0.0;18060.0
1057532-82-CM26;1;0;;0;BOLSA DE BASURA IMPEKE 50X70 30 L PAQUETE X 10 UNIDADES REGIÓN X;(4538983) BOLSA DE BASURA IMPEKE 50X70 30 L PAQUETE X 10 UNIDADES REGIÓN X;(4538983) BOLSA DE BASURA IMPEKE 50X70 30 L PAQUETE X 10 UNIDADES REGIÓN X , Región de los Lagos , Osorno, M.RODRIGUEZ N°759;300.0;;337.0;0.0;101100.0
1057532-82-CM26;2;0;;0;BOLSA DE BASURA MAXIPACK 90X120 140 L PAQUETE X 10 UNIDADES REGIÓN X;(4540351) BOLSA DE BASURA MAXIPACK 90X120 140 L PAQUETE X 10 UNIDADES REGIÓN X;(4540351) BOLSA DE BASURA MAXIPACK 90X120 140 L PAQUETE X 10 UNIDADES REGIÓN X , Región de los Lagos , Osorno, M.RODRIGUEZ N°759;300.0;;1892.0;0.0;567600.0
1057532-82-CM26;3;0;;0;CERA PARA PISOS TREMEX LIQUIDA BOTELLA 900 ML INCOLORA REGIÓN X;(4546317) CERA PARA PISOS TREMEX LIQUIDA BOTELLA 900 ML INCOLORA REGIÓN X;(4546317) CERA PARA PISOS TREMEX LIQUIDA BOTELLA 900 ML INCOLORA REGIÓN X , Región de los Lagos , Osorno, M.RODRIGUEZ N°759;36.0;;1931.0;0.0;69516.0
1057532-82-CM26;4;0;;0;ESCOBILLON VIRUTEX PRO USO EXTERIOR FIBRA MEDIA MANGO METALICO 33 CM REGIÓN X;(4571264) ESCOBILLON VIRUTEX PRO USO EXTERIOR FIBRA MEDIA MANGO METALICO 33 CM REGIÓN X;(4571264) ESCOBILLON VIRUTEX PRO USO EXTERIOR FIBRA MEDIA MANGO METALICO 33 CM REGIÓN X , Región de los Lagos , Osorno, M.RODRIGUEZ N°759;36.0;;1758.0;0.0;63288.0
1057532-82-CM26;5;0;;0;LIQUIDO LIMPIAVIDRIOS TREMEX BOTELLA C/PULVERIZADOR 500 CC REGIÓN X;(4598985) LIQUIDO LIMPIAVIDRIOS TREMEX BOTELLA C/PULVERIZADOR 500 CC REGIÓN X;(4598985) LIQUIDO LIMPIAVIDRIOS TREMEX BOTELLA C/PULVERIZADOR 500 CC REGIÓN X , Región de los Lagos , Osorno, M.RODRIGUEZ N°759;60.0;;1565.0;0.0;93900.0
1057532-82-CM26;6;0;;0;TRAPERO REUTILIZABLE VIRUTEX PRO MICROFIBRA 50X70 REGIÓN X;(4638923) TRAPERO REUTILIZABLE VIRUTEX PRO MICROFIBRA 50X70 REGIÓN X;(4638923) TRAPERO REUTILIZABLE VIRUTEX PRO MICROFIBRA 50X70 REGIÓN X , Región de los Lagos , Osorno, M.RODRIGUEZ N°759;90.0;;1168.0;0.0;105120.0
1057532-82-CM26;7;0;;0;LIMPIADOR CREMA TREMEX CITRUS BOTELLA 500 ML REGIÓN X;(4588326) LIMPIADOR CREMA TREMEX CITRUS BOTELLA 500 ML REGIÓN X;(4588326) LIMPIADOR CREMA TREMEX CITRUS BOTELLA 500 ML REGIÓN X , Región de los Lagos , Osorno, M.RODRIGUEZ N°759;120.0;;1813.0;0.0;217560.0
1057532-82-CM26;8;0;;0;LUSTRAMUEBLES TREMEX LAVANDA 500 ML REGIÓN X;(4599973) LUSTRAMUEBLES TREMEX LAVANDA 500 ML REGIÓN X;(4599973) LUSTRAMUEBLES TREMEX LAVANDA 500 ML REGIÓN X , Región de los Lagos , Osorno, M.RODRIGUEZ N°759;36.0;;1979.0;0.0;71244.0
1057532-82-CM26;9;0;;0;LAVALOZA TREMEX DESENGRASANTE BOTELLA 750 ML LIMON REGIÓN X;(4586616) LAVALOZA TREMEX DESENGRASANTE BOTELLA 750 ML LIMON REGIÓN X;(4586616) LAVALOZA TREMEX DESENGRASANTE BOTELLA 750 ML LIMON REGIÓN X , Región de los Lagos , Osorno, M.RODRIGUEZ N°759;150.0;;1571.0;0.0;235650.0
1057532-82-CM26;10;0;;0;CLORO CONCENTRADO IMPEKE BOTELLA 5% 1000 ML D-1464/21 REGIÓN X;(4547305) CLORO CONCENTRADO IMPEKE BOTELLA 5% 1000 ML D-1464/21 REGIÓN X;(4547305) CLORO CONCENTRADO IMPEKE BOTELLA 5% 1000 ML D-1464/21 REGIÓN X , Región de los Lagos , Osorno, M.RODRIGUEZ N°759;45.0;;837.0;0.0;37665.0
1057532-82-CM26;11;0;;0;TOALLA DE PAPEL TORK DOBLE HOJA 150 M 6 ROLLOS REGIÓN X;(4630221) TOALLA DE PAPEL TORK DOBLE HOJA 150 M 6 ROLLOS REGIÓN X;(4630221) TOALLA DE PAPEL TORK DOBLE HOJA 150 M 6 ROLLOS REGIÓN X , Región de los Lagos , Osorno, M.RODRIGUEZ N°759;195.0;;27067.0;0.0;5278065.0
1057532-82-CM26;12;0;;0;CLORO GEL CLORINDA DESINFECTANTE 2,2% 900 ML D-735/21 REGIÓN X;(4547780) CLORO GEL CLORINDA DESINFECTANTE 2,2% 900 ML D-735/21 REGIÓN X;(4547780) CLORO GEL CLORINDA DESINFECTANTE 2,2% 900 ML D-735/21 REGIÓN X , Región de los Lagos , Osorno, M.RODRIGUEZ N°759;120.0;;1488.0;0.0;178560.0
1057532-82-CM26;13;0;;0;ESPONJA SCOTCH-BRITE ANTIBACTERIAL C/FIBRA ABRASIVA REGIÓN X;(4573126) ESPONJA SCOTCH-BRITE ANTIBACTERIAL C/FIBRA ABRASIVA REGIÓN X;(4573126) ESPONJA SCOTCH-BRITE ANTIBACTERIAL C/FIBRA ABRASIVA REGIÓN X , Región de los Lagos , Osorno, M.RODRIGUEZ N°759;150.0;;314.0;0.0;47100.0
1057532-82-CM26;14;0;;0;AEROSOL AMBIENTAL DESINFECTANTE IGENIX VAINILLA 360 ML D-540/24 REGIÓN X;(4534575) AEROSOL AMBIENTAL DESINFECTANTE IGENIX VAINILLA 360 ML D-540/24 REGIÓN X;(4534575) AEROSOL AMBIENTAL DESINFECTANTE IGENIX VAINILLA 360 ML D-540/24 REGIÓN X , Región de los Lagos , Osorno, M.RODRIGUEZ N°759;300.0;;2005.0;0.0;601500.0
1057532-82-CM26;15;0;;0;TRAPERO HUMEDO DESINFECTANTE IGENIX CON OJAL 0,26% NARANJA 10 UNIDADES D-1025/25 REGIÓN X;(4635104) TRAPERO HUMEDO DESINFECTANTE IGENIX CON OJAL 0,26% NARANJA 10 UNIDADES D-1025/25 REGIÓN X;(4635104) TRAPERO HUMEDO DESINFECTANTE IGENIX CON OJAL 0,26% NARANJA 10 UNIDADES D-1025/25 REGIÓN X , Región de los Lagos , Osorno, M.RODRIGUEZ N°759;240.0;;1918.0;0.0;460320.0
1057532-82-CM26;16;0;;0;LIMPIADOR LIQUIDO DESINFECTANTE VIRUTEX PRIMAVERA BOTELLA 900 ML D-1778/24 REGIÓN X;(4597503) LIMPIADOR LIQUIDO DESINFECTANTE VIRUTEX PRIMAVERA BOTELLA 900 ML D-1778/24 REGIÓN X;(4597503) LIMPIADOR LIQUIDO DESINFECTANTE VIRUTEX PRIMAVERA BOTELLA 900 ML D-1778/24 REGIÓN X , Región de los Lagos , Osorno, M.RODRIGUEZ N°759;144.0;;953.0;0.0;137232.0
1057532-82-CM26;17;0;;0;PAPEL HIGIENICO TORK DOBLE HOJA 6 ROLLOS 207 M REGIÓN X;(4619106) PAPEL HIGIENICO TORK DOBLE HOJA 6 ROLLOS 207 M REGIÓN X;(4619106) PAPEL HIGIENICO TORK DOBLE HOJA 6 ROLLOS 207 M REGIÓN X , Región de los Lagos , Osorno, M.RODRIGUEZ N°759;135.0;;27650.0;0.0;3732750.0
1057532-86-SE26;1;85122200;Salud, servicios sanitarios y alimentación / Medicina y servicios de salud / Evaluaciones de salud individuales;85122201;Exámenes médicos;INSUMOS PARA ANALISIS DE GASES SANGUINEOS, CON ARRIENDO DE EQUIPO (HOSPITAL DE PURRANQUE);Arriendo de equipo i-smart 300 / Periodo del 21 al 30 de noviembre 2025.;10.0;;23566.66;0.0;235666.6
1057532-5801-SE25;1;42271700;Equipamiento y suministros médicos / Productos de resucitación, anestesia y respiratorios / Sistemas y dispositivos de terapia de entrega de oxígeno;42271701;Cilindros de gas médicos o dispositivos relacionad;recarga CILINDROS DE 0,4 m3 OXÍGENO;recarga CILINDROS DE 0,4 m3 OXÍGENO;25.0;;3384.0;0.0;84600.0
1057532-5801-SE25;2;42271700;Equipamiento y suministros médicos / Productos de resucitación, anestesia y respiratorios / Sistemas y dispositivos de terapia de entrega de oxígeno;42271701;Cilindros de gas médicos o dispositivos relacionad;Flete por CILINDROS;Flete por CILINDROS;37.0;;8849.0;0.0;327413.0
1057532-5801-SE25;3;42271700;Equipamiento y suministros médicos / Productos de resucitación, anestesia y respiratorios / Sistemas y dispositivos de terapia de entrega de oxígeno;42271701;Cilindros de gas médicos o dispositivos relacionad;recarga CILINDROS DE 6m3 OXÍGENO;recarga CILINDROS DE 6m3 OXÍGENO;12.0;;20304.0;0.0;243648.0
1057532-70-SE26;1;46191600;Equipos y suministros de defensa, orden público, protección y seguridad / Protección contra incendios / Equipos para combatir incendios;46191601;Extintores;Servicios de Inspección /Diciembre 2025;SERVICIOS DE MANTENCIÓN PREVENTIVA PARA RED HÚMEDA Y EXTINTORES, DE LOS ESTABLECIMIENTOS PERTENECIENTES AL SERVICIO DE SALUD OSORNO, POR UN PERIODO DE 31 MESES;1.0;;19350.0;0.0;19350.0
1057532-85-SE26;1;42271700;Equipamiento y suministros médicos / Productos de resucitación, anestesia y respiratorios / Sistemas y dispositivos de terapia de entrega de oxígeno;42271707;Sensores o reguladores de caudal, o componentes;Regulador de oxígeno con dos manómetros. Medición PSI/Bar para uso en cilindros 6 m3, conexión CGA540. Compatible con equipo: Weinmann Medumat Transport/ Oxylog 3000Plus.;Regulador de oxígeno con dos manómetros. Medición PSI/Bar para uso en cilindros 6 m3, conexión CGA540. Compatible con equipo: Weinmann Medumat Transport/ Oxylog 3000Plus./Línea N°9/marca HARRIS, mod 801BN;10.0;;115000.0;0.0;1150000.0
1057532-85-SE26;2;42271700;Equipamiento y suministros médicos / Productos de resucitación, anestesia y respiratorios / Sistemas y dispositivos de terapia de entrega de oxígeno;42271707;Sensores o reguladores de caudal, o componentes;Regulador de oxígeno medicinal conexión yugo CGA 870. Salida DISS. Capacidad máxima de 15 LPM. Para uso en cilindros 0,4 m3 Pin Index. Código de referencia: RL-243. Compatible con equipo: Weinmann Medumat Transport/ Oxylog 3000Plus.;Regulador oxígeno medicinal conexión yugo CGA 870. Salida DISS. Capacidad máxima de 15 LPM. Para uso en cilindros 0,4 m3 Pin Index. Código de referencia: RL-243. Compatible con equipo: Weinmann Medumat Transport/ Oxylog 3000Plus./Línea 9/MADA R1835-15GB;10.0;;50000.0;0.0;500000.0
1057532-31-SE26;1;78111800;Servicios de transporte, almacenaje y correo / Transporte de pasajeros / Transporte de pasajeros por carretera;78111802;Servicios de autobuses regulares, recorridos fijos;Servicio de Movilización CDR Kumelen / Diciembre 2025 (Linea 3) //Viajes Urbanos.1057532-81-LQ24, RE_17366/2024 APRUEBA CONTRATO;Amplia experiencia en el rubro de transporte de pasajeros;20.0;;160500.0;0.0;3210000.0
1057532-31-SE26;2;78111800;Servicios de transporte, almacenaje y correo / Transporte de pasajeros / Transporte de pasajeros por carretera;78111802;Servicios de autobuses regulares, recorridos fijos;Servicio de Movilización CDR Kumelen / Noviembre 2025 (Linea 3) //Viaje fuera del radio Urbano.1057532-81-LQ24, RE_17366/2024 APRUEBA CONTRATO;Amplia experiencia en el rubro de transporte de pasajeros;1.0;;160500.0;0.0;160500.0
1057532-5447-CC25;1;80111500;Servicios profesionales, administrativos y consultorías de gestión empresarial / Servicios de recursos humanos / Consultorías para el desarrollo de recursos humanos;80111504;Formación, capacitación y entrenamiento de persona;CUPO DIPLOMADO REHABILITACIÓN ONCOLOGICA EN PERSONAS MAYORES DE 15 AÑOS;CUPO DIPLOMADO REHABILITACIÓN ONCOLOGICA EN PERSONAS MAYORES DE 15 AÑOS;1.0;;1490000.0;0.0;1490000.0
1057532-5705-SE25;1;42181700;Equipamiento y suministros médicos / Productos para exámenes y control de pacientes / Unidades de electrocardiografía (ECG) y productos relacionados;42181701;Unidades de electrocardiografía (ECG);SERVICIO DE INFORMES DE TELEELECTROCARDIOGRAFÍA A DISTANCIA PARA 12 ESTABLECIMIENTOS DE LA RED DE URGENCIA DE LA PROVINCIA DE OSORNO 2025/ NOVIEMBRE;SERVICIO DE INFORMES DE TELEELECTROCARDIOGRAFÍA A DISTANCIA PARA 12 ESTABLECIMIENTOS DE LA RED DE URGENCIA DE LA PROVINCIA DE OSORNO 2025;354.0;;2250.0;0.0;796500.0
1057532-69-SE26;1;46191600;Equipos y suministros de defensa, orden público, protección y seguridad / Protección contra incendios / Equipos para combatir incendios;46191601;Extintores;Servicios de Inspección / Diciembre 2025;SERVICIOS DE MANTENCIÓN PREVENTIVA PARA RED HÚMEDA Y EXTINTORES, DE LOS ESTABLECIMIENTOS PERTENECIENTES AL SERVICIO DE SALUD OSORNO, POR UN PERIODO DE 31 MESES;1.0;;15480.0;0.0;15480.0
1057532-84-SE26;1;76121900;Servicios de limpieza industrial / Eliminación y tratamiento de desechos / Eliminación de residuos peligrosos;76121901;Eliminación de residuos médicos;Residuos Especiales;Servicio de Manejo, Retiro, Transporte y Disposición Final de Residuos Peligrosos y Especiales para los establecimientos de la Red del Servicio de Salud Osorno;2.3;;1639.0;0.0;3769.7
1057532-84-SE26;2;76121900;Servicios de limpieza industrial / Eliminación y tratamiento de desechos / Eliminación de residuos peligrosos;76121901;Eliminación de residuos médicos;Residuos Peligrosos;Servicio de Manejo, Retiro, Transporte y Disposición Final de Residuos Peligrosos y Especiales para los establecimientos de la Red del Servicio de Salud Osorno;2.0;;1639.0;0.0;3278.0
1057532-90-CM26;1;0;;0;PASAJE AÉREO NACIONAL;(2237550) PASAJE AÉREO NACIONAL;(2237550) PASAJE AÉREO NACIONAL , Región Metropolitana de Santiago, Las Condes, Por correo electrónico;1.0;;178377.0;0.0;178377.0
1057532-27-SE26;1;78111800;Servicios de transporte, almacenaje y correo / Transporte de pasajeros / Transporte de pasajeros por carretera;78111802;Servicios de autobuses regulares, recorridos fijos;Servicio de Movilización Newen //Viajes diarios Urbanos.  10575323-81-LQ24, RE_17563/2024 APRUEBA CONTRATO;Amplia experiencia en el rubro de transporte de pasajeros;21.0;;76300.0;0.0;1602300.0
1057532-80-AG26;1;30151900;Artículos para estructuras, obras y construcciones / Materiales para terminaciones exteriores / Materiales para acabado;30151901;Toldos;1 Toldo Plegable 3x3 metros Azul;1 Toldo Plegable 3x3 metros Azul;1.0;;36000.0;0.0;0.0
1057532-81-AG26;1;52161500;Muebles, accesorios, electrodomésticos y productos electrónicos / Equipos y accesorios audiovisuales / Equipos audiovisuales y de electrónica menor;52161512;Parlantes;1 Parlante, Resistente Agua y polvo 220v Negro;1 Parlante, Resistente Agua y polvo 220v Negro;1.0;;37815.0;0.0;0.0
1057532-92-AG26;1;53131600;Ropa, maletas y productos de aseo personal / Artículos de baño o tocador / Artículos de baño y cuerpo;53131609;Protector solar;PROTECTOR SOLAR 1 LTS / SEGÚN ESPECIFICACIONES ADJUNTAS;Protector Solar Safe Pro SPF 50+ 1 Litro, Plazo de entrega: 3 días. Garantía: 13 meses.;4.0;;12569.0;0.0;0.0
