ID Proyecto,OC Asociada PAC
1057532-196-PC20,1057532-1435-SE20
1057532-196-PC20,1057532-1223-SE20
1057532-196-PC20,1057532-2348-SE20
1057532-196-PC20,1057532-491-SE21
1057532-196-PC20,1057532-124-SE21
1057532-196-PC20,1057532-1847-SE20
1057532-196-PC20,1057532-1616-SE20
1057532-196-PC20,1057532-849-SE20
1057532-196-PC20,1057532-2163-SE20
1057532-196-PC20,1057532-2547-SE20
1057532-196-PC20,1057532-298-SE21
1057532-196-PC20,1057532-464-SE21
1057532-196-PC20,1057532-848-SE21
1057532-197-PC20,1057532-571-SE21
1057532-197-PC20,1057532-721-SE21
1057532-197-PC20,1057532-1104-SE22
1057532-197-PC20,1057532-1103-SE22
1057532-197-PC20,1057532-569-SE21
1057532-54-PC21,1057532-1063-SE21
1057532-54-PC21,1057532-1012-SE21
1057532-54-PC21,1057532-128-SE23
1057532-54-PC21,1057532-1064-SE21
1057532-54-PC21,1057532-129-SE23
1057532-54-PC21,1057532-1171-SE21
1057532-54-PC21,1057532-1170-SE21
1057532-54-PC21,1057532-1844-SE21
1057532-54-PC21,1057532-273-SE21
1057532-54-PC21,1057532-178-SE21
1057532-54-PC21,1057532-242-SE21
1057532-54-PC21,1057532-777-SE22
1057532-54-PC21,1057532-343-SE21
1057532-55-PC21,1057532-1836-SE21
1057532-55-PC21,1057532-1202-AG22
1057532-55-PC21,1057532-2087-SE21
1057532-55-PC21,1057532-91-SE21
1057532-55-PC21,1057532-528-SE21
1057532-55-PC21,1057532-646-SE21
1057532-55-PC21,1057532-978-SE21
1057532-55-PC21,1057532-977-SE21
1057532-57-PC21,1057532-1005-SE22
1057532-57-PC21,1057532-100-SE23
1057532-57-PC21,1057532-1062-SE21
1057532-57-PC21,1057532-1072-SE22
1057532-57-PC21,1057532-1072-SE21
1057532-57-PC21,1057532-101-SE23
1057532-57-PC21,1057532-1074-SE22
1057532-57-PC21,1057532-1105-SE21
1057532-57-PC21,1057532-125-SE21
1057532-57-PC21,1057532-1121-SE22
1057532-57-PC21,1057532-1122-SE22
1057532-57-PC21,1057532-1092-SE22
1057532-57-PC21,1057532-1290-SE21
1057532-57-PC21,1057532-1163-SE21
1057532-57-PC21,1057532-1146-SE21
1057532-57-PC21,1057532-113-SE21
1057532-57-PC21,1057532-142-SE23
1057532-57-PC21,1057532-1270-SE21
1057532-57-PC21,1057532-1186-SE21
1057532-57-PC21,1057532-1466-SE22
1057532-57-PC21,1057532-1200-SE21
1057532-57-PC21,1057532-1638-SE21
1057532-57-PC21,1057532-1311-SE21
1057532-57-PC21,1057532-1404-SE22
1057532-57-PC21,1057532-1671-SE22
1057532-57-PC21,1057532-1676-SE21
1057532-57-PC21,1057532-1678-SE21
1057532-57-PC21,1057532-1851-SE21
1057532-57-PC21,1057532-1767-SE22
1057532-57-PC21,1057532-1628-SE21
1057532-57-PC21,1057532-1769-SE21
1057532-57-PC21,1057532-1870-SE21
1057532-57-PC21,1057532-1897-SE22
1057532-57-PC21,1057532-180-SE21
1057532-57-PC21,1057532-1915-SE21
1057532-57-PC21,1057532-1843-SE21
1057532-57-PC21,1057532-1846-SE21
1057532-57-PC21,1057532-1876-SE21
1057532-57-PC21,1057532-1854-SE21
1057532-57-PC21,1057532-195-SE21
1057532-57-PC21,1057532-185-SE22
1057532-57-PC21,1057532-196-SE21
1057532-57-PC21,1057532-1965-SE22
1057532-57-PC21,1057532-205-SE22
1057532-57-PC21,1057532-1914-SE21
1057532-57-PC21,1057532-243-SE22
1057532-57-PC21,1057532-268-SE21
1057532-57-PC21,1057532-292-SE22
1057532-57-PC21,1057532-272-SE21
1057532-57-PC21,1057532-203-SE22
1057532-57-PC21,1057532-306-SE23
1057532-57-PC21,1057532-30-SE22
1057532-57-PC21,1057532-2409-SE20
1057532-57-PC21,1057532-347-SE22
1057532-57-PC21,1057532-346-SE22
1057532-57-PC21,1057532-437-SE22
1057532-57-PC21,1057532-311-SE23
1057532-57-PC21,1057532-492-SE21
1057532-57-PC21,1057532-516-SE21
1057532-57-PC21,1057532-598-SE21
1057532-57-PC21,1057532-52-SE22
1057532-57-PC21,1057532-452-SE22
1057532-57-PC21,1057532-472-SE21
1057532-57-PC21,1057532-562-SE22
1057532-57-PC21,1057532-479-SE21
1057532-57-PC21,1057532-603-SE21
1057532-57-PC21,1057532-609-SE22
1057532-57-PC21,1057532-555-SE22
1057532-57-PC21,1057532-659-SE21
1057532-57-PC21,1057532-661-SE21
1057532-57-PC21,1057532-67-SE22
1057532-57-PC21,1057532-679-SE21
1057532-57-PC21,1057532-824-SE21
1057532-57-PC21,1057532-817-SE22
1057532-57-PC21,1057532-828-SE22
1057532-57-PC21,1057532-558-SE22
1057532-57-PC21,1057532-832-SE22
1057532-57-PC21,1057532-639-SE21
1057532-57-PC21,1057532-829-SE22
1057532-57-PC21,1057532-959-SE21
1057532-57-PC21,1057532-853-SE21
1057532-57-PC21,1057532-967-SE21
1057532-57-PC21,1057532-969-SE22
1057532-50-PC22,1057532-1083-AG23
1057532-52-PC22,1057532-117-AG22
1057532-56-PC22,1057532-898-AG22
1057532-56-PC22,1057532-896-AG22
1057532-56-PC22,1057532-897-AG22
1057532-57-PC22,1057532-1458-AG22
1057532-57-PC22,1057532-1455-AG22
1057532-57-PC22,1057532-1453-AG22
1057532-57-PC22,1057532-1459-AG22
1057532-57-PC22,1057532-1460-AG22
1057532-57-PC22,1057532-1415-AG22
1057727-5-PC22,1057727-7-AG22
1057727-15-PC22,1057727-19-AG22
1057727-15-PC22,1057727-21-AG22
1057727-15-PC22,1057727-20-AG22
1057922-2-PC22,1057922-2-AG22
1057922-3-PC22,1057922-5-AG22
1077241-2-PC22,1077241-3-AG22
1077241-2-PC22,1057532-812-AG22
1057532-58-PC22,1057532-1452-AG22
1057532-58-PC22,1057532-584-AG22
1057532-58-PC22,1057532-168-AG22
1057532-58-PC22,1057532-1464-AG22
1057532-58-PC22,1057532-1377-CM22
1057532-58-PC22,1057532-578-AG22
1057532-58-PC22,1057532-1085-AG22
1057532-58-PC22,1057532-1683-SE22
1057532-58-PC22,1057532-166-AG22
1057532-58-PC22,1057532-740-AG22
1057532-58-PC22,1057532-577-AG22
1057532-58-PC22,1057532-189-AG22
1057532-58-PC22,1057532-749-AG22
1057532-59-PC22,1057532-424-AG22
1057532-59-PC22,1057532-179-CM22
1057532-59-PC22,1057532-187-CM22
1057532-59-PC22,1057532-1094-CM22
1057532-59-PC22,1057532-353-AG22
1057532-59-PC22,1057532-352-AG22
1057532-59-PC22,1057532-420-AG22
1057532-59-PC22,1057532-247-AG22
1057532-62-PC22,1057532-1326-AG22
1057532-63-PC22,1057532-1399-AG22
1057532-66-PC22,1057532-1002-AG22
1057532-67-PC22,1057532-1331-AG22
1057532-68-PC22,1057532-341-SE23
1057532-74-PC22,1057532-289-SE22
1057532-75-PC22,1057532-1068-AG22
1057532-77-PC22,1057532-1071-AG22
1057532-79-PC22,1057532-991-AG22
1057532-82-PC22,1057532-1029-AG22
1057532-82-PC22,1057532-1229-AG22
1057532-82-PC22,1057532-1044-AG22
1057532-82-PC22,1057532-1433-AG22
1057532-83-PC22,1057532-1081-AG22
1057532-83-PC22,1057532-1749-SE22
1057532-83-PC22,1057532-1818-SE22
1057532-83-PC22,1057532-1748-SE22
1057532-83-PC22,1057532-1080-AG22
1057532-83-PC22,1057532-1819-SE22
1057532-83-PC22,1057532-101-AG22
1057532-83-PC22,1057532-1504-AG22
1057532-83-PC22,1057532-748-AG22
1057532-83-PC22,1057532-1505-AG22
1057532-83-PC22,1057532-1183-AG22
1057532-83-PC22,1057532-1468-CM22
1057532-83-PC22,1057532-116-AG22
1057532-83-PC22,1057532-1145-CM22
1057532-83-PC22,1057532-741-CM22
1057532-83-PC22,1057532-1418-CM22
1057532-83-PC22,1057532-680-CM22
1057532-83-PC22,1077241-23-CM22
1057532-83-PC22,1057532-1144-CM22
1057532-83-PC22,1057922-30-SE22
1057532-85-PC22,1057532-248-SE22
1057532-85-PC22,1057532-1108-SE22
1057532-85-PC22,1057532-1004-SE23
1057532-85-PC22,1057532-185-SE23
1057532-85-PC22,1057532-1107-SE22
1057532-85-PC22,1057532-180-SE23
1057532-85-PC22,1057532-1046-SE23
1057532-85-PC22,1057532-808-SE22
1057532-85-PC22,1057532-387-SE22
1057532-85-PC22,1057532-249-SE22
1057532-85-PC22,1057532-388-SE22
1057532-85-PC22,1057532-181-SE23
1057532-85-PC22,1057532-809-SE22
1057532-85-PC22,1057532-384-SE22
1057532-87-PC22,1057532-978-CM22
1057532-89-PC22,1057532-206-AG22
1057532-90-PC22,1057532-582-AG22
1057532-90-PC22,1057532-207-AG22
1057532-96-PC22,1057532-1058-AG22
1057532-96-PC22,1057532-1674-CM22
1057532-96-PC22,1057532-1771-AG22
1057532-96-PC22,1057532-77-CM22
1057532-96-PC22,1057532-1142-CM22
1057532-96-PC22,1057532-64-CM22
1057532-96-PC22,1057532-1826-AG22
1057532-96-PC22,1057532-594-AG22
1057532-96-PC22,1057532-773-SE22
1057532-96-PC22,1057532-585-SE22
1057532-96-PC22,1057532-1084-AG22
1057532-96-PC22,1057532-428-SE22
1057532-96-PC22,1057532-310-SE22
1057532-96-PC22,1057532-137-SE22
1057532-96-PC22,1057532-1544-SE22
1057532-96-PC22,1057532-1797-SE22
1057532-96-PC22,1057532-1625-SE22
1057532-96-PC22,1057532-658-SE22
1057532-96-PC22,1057532-1883-SE22
1057532-96-PC22,1057532-1792-AG22
1057532-96-PC22,1057532-1055-AG22
1057532-97-PC22,1057532-147-AG22
1057532-98-PC22,1057532-208-AG22
1057532-98-PC22,1057532-747-AG22
1057532-98-PC22,1057532-677-AG22
1057532-98-PC22,1057532-244-AG22
1057532-98-PC22,1057532-215-AG22
1057532-99-PC22,1057532-811-AG22
1057532-99-PC22,1077241-44-AG22
1057532-99-PC22,1057532-1079-AG22
1057532-99-PC22,1057532-960-AG22
1057532-100-PC22,1057532-964-CM22
1057532-100-PC22,1057532-113-CM22
1057532-106-PC22,1057532-787-AG22
1057532-106-PC22,1057532-358-AG22
1057532-106-PC22,1077241-11-AG22
1057532-106-PC22,1057532-356-AG22
1057532-106-PC22,1077241-10-AG22
1057532-113-PC22,1057532-1677-AG22
1057532-120-PC22,1057532-389-AG22
1057532-122-PC22,1057532-551-AG22
1057532-123-PC22,1057532-772-AG22
1057532-125-PC22,1057532-1924-AG22
1057532-125-PC22,1057532-601-AG22
1057532-126-PC22,1057532-795-SE23
1057532-128-PC22,1057532-671-SE22
1057532-128-PC22,1057532-4336-SE25
1057532-128-PC22,1057532-5255-SE25
1057532-128-PC22,1057532-4337-SE25
1057532-128-PC22,1057532-672-SE22
1057532-128-PC22,1057532-4331-SE25
1057532-128-PC22,1057532-5565-SE25
1057532-128-PC22,1057532-4514-SE25
1057532-128-PC22,1057532-5039-SE25
1057532-128-PC22,1057532-369-SE23
1057532-128-PC22,1057532-53-SE26
1057532-128-PC22,1057532-4759-SE25
1057532-128-PC22,1057532-238-SE26
1057532-128-PC22,1057532-673-SE22
1057532-128-PC22,1057532-5138-SE25
1057532-128-PC22,1057532-4464-SE25
1057532-128-PC22,1057532-674-SE22
1057532-128-PC22,1057532-5709-SE25
1057532-129-PC22,1057532-1303-SE23
1057532-129-PC22,1057532-1121-SE24
1057532-129-PC22,1057532-1853-SE24
1057532-129-PC22,1057532-2077-SE23
1057532-129-PC22,1057532-1415-SE23
1057532-129-PC22,1057532-1941-SE24
1057532-129-PC22,1057532-35-SE24
1057532-129-PC22,1057532-202-SE24
1057532-129-PC22,1057532-1737-SE23
1057532-129-PC22,1057532-110-SE25
1057532-129-PC22,1057532-249-SE26
1057532-129-PC22,1057532-1312-SE24
1057532-129-PC22,1057532-201-SE24
1057532-129-PC22,1057532-1802-SE24
1057532-129-PC22,1057532-1068-SE23
1057532-129-PC22,1057532-1155-SE23
1057532-129-PC22,1057532-5337-SE25
1057532-129-PC22,1057532-1313-SE24
1057532-129-PC22,1057532-2078-SE23
1057532-129-PC22,1057532-4528-SE25
1057532-129-PC22,1057532-5546-SE25
1057532-129-PC22,1057532-1129-SE24
1057532-129-PC22,1057532-5057-SE25
1057532-129-PC22,1057532-264-SE25
1057532-129-PC22,1057532-733-SE24
1057532-129-PC22,1057532-204-SE24
1057532-129-PC22,1057532-4333-SE25
1057532-129-PC22,1057532-40-SE26
1057532-129-PC22,1057532-1681-SE23
1057532-129-PC22,1057532-1542-SE23
1057532-129-PC22,1057532-2176-SE24
1057532-129-PC22,1057532-4167-SE25
1057532-129-PC22,1057532-5692-SE25
1057532-129-PC22,1057532-37-SE24
1057532-129-PC22,1057532-734-SE24
1057532-129-PC22,1057532-5300-SE25
1057532-129-PC22,1057532-1789-SE24
1057532-129-PC22,1057532-1545-SE23
1057532-129-PC22,1057532-32-SE24
1057532-129-PC22,1057532-4163-SE25
1057532-129-PC22,1057532-5693-SE25
1057532-129-PC22,1057532-5284-SE25
1057532-129-PC22,1057532-422-SE24
1057532-129-PC22,1057532-4165-SE25
1057532-129-PC22,1057532-2076-SE23
1057532-129-PC22,1057532-2026-SE23
1057532-129-PC22,1057532-4750-SE25
1057532-129-PC22,1057532-4527-SE25
1057532-129-PC22,1057532-743-SE23
1057532-129-PC22,1057532-741-SE24
1057532-129-PC22,1057532-41-SE26
1057532-129-PC22,1057532-893-SE23
1057532-129-PC22,1057532-967-SE24
1057532-129-PC22,1057532-420-SE24
1057532-129-PC22,1057532-4334-SE25
1057532-129-PC22,1057532-5058-SE25
1057532-129-PC22,1057532-421-SE24
1057532-129-PC22,1057532-4751-SE25
1057532-129-PC22,1057532-520-SE24
1057532-129-PC22,1057532-986-SE23
1057532-129-PC22,1057532-5545-SE25
1057532-129-PC22,1057532-5339-SE25
1057532-129-PC22,1057532-522-SE24
1057532-129-PC22,1057532-985-SE23
1057532-130-PC22,1057532-1012-SE22
1057532-130-PC22,1057532-34-SE23
1057532-130-PC22,1057532-1700-SE22
1057532-130-PC22,1057532-1011-SE22
1057532-130-PC22,1057532-1703-SE22
1057532-130-PC22,1057532-1009-SE22
1057532-130-PC22,1057532-1139-SE22
1057532-130-PC22,1057532-146-SE22
1057532-130-PC22,1057532-1010-SE22
1057532-130-PC22,1057532-376-SE22
1057532-130-PC22,1057532-1927-SE22
1057532-130-PC22,1057532-1140-SE22
1057532-130-PC22,1057532-670-SE22
1057532-130-PC22,1057532-1701-SE22
1057532-130-PC22,1057532-1926-SE22
1057532-130-PC22,1057532-1928-SE22
1057532-130-PC22,1057532-1138-SE22
1057532-130-PC22,1057532-378-SE22
1057532-130-PC22,1057532-1929-SE22
1057532-130-PC22,1057532-1702-SE22
1057532-130-PC22,1057532-32-SE23
1057532-130-PC22,1057532-145-SE22
1057532-130-PC22,1057532-381-SE22
1057532-130-PC22,1057532-31-SE23
1057532-130-PC22,1057532-668-SE22
1057532-130-PC22,1057532-33-SE23
1057532-130-PC22,1057532-379-SE22
1057532-130-PC22,1057532-667-SE22
1057532-130-PC22,1057532-669-SE22
1057532-130-PC22,1057532-989-SE23
1057532-131-PC22,1057532-234-AG22
1057532-131-PC22,1057532-191-AG22
1057532-132-PC22,1057532-112-AG22
1057532-134-PC22,1057532-1434-AG22
1057532-144-PC22,1057532-1413-AG22
1057532-149-PC22,1057532-1028-AG22
1057532-149-PC22,1057532-760-AG22
1057532-160-PC22,1057532-808-SE23
1057532-160-PC22,1057532-809-SE23
1057532-160-PC22,1057532-151-SE24
1057532-160-PC22,1057532-152-SE24
1057532-160-PC22,1057532-332-SE22
1057532-164-PC22,1057532-1758-AG22
1057532-165-PC22,1057532-321-SE22
1057532-167-PC22,1057532-1795-SE22
1057532-167-PC22,1057532-259-CM22
1057532-167-PC22,1057532-512-SE22
1057532-167-PC22,1057532-1097-SE22
1057532-167-PC22,1057532-959-SE22
1057532-167-PC22,1057532-1791-SE22
1057532-167-PC22,1057532-193-AG22
1057532-167-PC22,1057532-513-SE22
1057532-168-PC22,1057532-122-SE23
1057532-168-PC22,1057532-116-SE23
1057532-168-PC22,1057532-312-SE22
1057532-168-PC22,1057532-665-SE22
1057532-168-PC22,1057532-119-SE23
1057532-168-PC22,1057532-317-SE22
1057532-168-PC22,1057532-2121-SE23
1057532-168-PC22,1057532-117-SE23
1057532-168-PC22,1057532-118-SE23
1057532-168-PC22,1057532-2036-SE23
1057532-168-PC22,1057532-2126-SE23
1057532-168-PC22,1057532-121-SE23
1057532-168-PC22,1057532-1575-SE23
1057532-168-PC22,1057532-697-SE23
1057532-168-PC22,1057532-120-SE23
1057532-168-PC22,1057532-2127-SE23
1057532-168-PC22,1057532-316-SE22
1057532-168-PC22,1057532-315-SE22
1057532-169-PC22,1057532-557-SE22
1057532-169-PC22,1057532-656-AG22
1057532-169-PC22,1057532-399-SE22
1057532-170-PC22,1057532-1592-AG22
1057532-170-PC22,1057532-1586-AG22
1057532-171-PC22,1057532-1480-AG22
1057532-171-PC22,1057532-1451-AG22
1057532-171-PC22,1057532-1563-AG22
1057532-171-PC22,1057532-1580-AG22
1057532-172-PC22,1057532-801-SE22
1057532-172-PC22,1057532-1159-SE22
1057532-172-PC22,1057532-795-SE22
1057532-172-PC22,1057532-794-SE22
1057532-172-PC22,1057532-1158-SE22
1057532-172-PC22,1057532-799-SE22
1057532-172-PC22,1057532-797-SE22
1057532-172-PC22,1057532-796-SE22
1057532-172-PC22,1057532-800-SE22
1057532-172-PC22,1057532-798-SE22
1057532-173-PC22,1057532-1179-SE22
1057532-173-PC22,1057532-1173-SE22
1057532-173-PC22,1057532-1380-SE24
1057532-173-PC22,1057532-1174-SE22
1057532-173-PC22,1057532-1455-SE23
1057532-173-PC22,1057532-1458-SE23
1057532-173-PC22,1057532-1362-SE22
1057532-173-PC22,1057532-1177-SE22
1057532-173-PC22,1057532-1403-SE22
1057532-173-PC22,1057532-1375-SE24
1057532-173-PC22,1057532-1364-SE22
1057532-173-PC22,1057532-1374-SE24
1057532-173-PC22,1057532-1940-SE22
1057532-173-PC22,1057532-1178-SE22
1057532-173-PC22,1057532-1366-SE22
1057532-173-PC22,1057532-1363-SE22
1057532-173-PC22,1057532-1365-SE22
1057532-173-PC22,1057532-2046-SE23
1057532-173-PC22,1057532-1456-SE23
1057532-173-PC22,1057532-1175-SE22
1057532-173-PC22,1057532-2010-SE24
1057532-173-PC22,1057532-1470-SE23
1057532-173-PC22,1057532-1369-SE22
1057532-173-PC22,1057532-1457-SE23
1057532-173-PC22,1057532-1727-SE23
1057532-173-PC22,1057532-366-SE22
1057532-173-PC22,1057532-1725-SE23
1057532-173-PC22,1057532-1376-SE24
1057532-173-PC22,1057532-364-SE22
1057532-173-PC22,1057532-1378-SE24
1057532-173-PC22,1057532-2051-SE23
1057532-173-PC22,1057532-1730-SE23
1057532-173-PC22,1057532-2045-SE23
1057532-173-PC22,1057532-444-SE22
1057532-173-PC22,1057532-442-SE22
1057532-173-PC22,1057532-1377-SE24
1057532-173-PC22,1057532-368-SE22
1057532-173-PC22,1057532-2014-SE24
1057532-173-PC22,1057532-2016-SE24
1057532-173-PC22,1057532-2049-SE23
1057532-173-PC22,1057532-1729-SE23
1057532-173-PC22,1057532-1726-SE23
1057532-173-PC22,1057532-1728-SE23
1057532-173-PC22,1057532-1459-SE23
1057532-173-PC22,1057532-405-SE23
1057532-173-PC22,1057532-443-SE22
1057532-173-PC22,1057532-367-SE22
1057532-173-PC22,1057532-1939-SE22
1057532-173-PC22,1057532-1941-SE22
1057532-173-PC22,1057532-404-SE23
1057532-173-PC22,1057532-730-SE22
1057532-173-PC22,1057532-1942-SE22
1057532-173-PC22,1057532-406-SE23
1057532-173-PC22,1057532-407-SE23
1057532-173-PC22,1057532-402-SE23
1057532-173-PC22,1057532-363-SE22
1057532-173-PC22,1057532-361-SE22
1057532-173-PC22,1057532-441-SE22
1057532-173-PC22,1057532-2047-SE23
1057532-173-PC22,1057532-360-SE22
1057532-173-PC22,1057532-365-SE22
1057532-173-PC22,1057532-726-SE22
1057532-173-PC22,1057532-369-SE22
1057532-173-PC22,1057532-1943-SE22
1057532-173-PC22,1057532-2048-SE23
1057532-173-PC22,1057532-728-SE22
1057532-173-PC22,1057532-725-SE22
1057532-173-PC22,1057532-401-SE23
1057532-173-PC22,1057532-362-SE22
1057532-173-PC22,1057532-2011-SE24
1057532-173-PC22,1057532-724-SE22
1057532-173-PC22,1057532-445-SE22
1057532-173-PC22,1057532-2012-SE24
1057532-173-PC22,1057532-729-SE22
1057532-173-PC22,1057532-2013-SE24
1057532-173-PC22,1057532-403-SE23
1057532-173-PC22,1057532-2050-SE23
1057532-173-PC22,1057532-1944-SE22
1057532-173-PC22,1057532-359-SE22
1057532-173-PC22,1057532-446-SE22
1057532-173-PC22,1057532-1368-SE22
1057532-173-PC22,1057532-1460-SE23
1057532-173-PC22,1057532-1176-SE22
1057532-173-PC22,1057532-370-SE22
1057532-173-PC22,1057532-727-SE22
1057532-174-PC22,1057532-402-SE22
1057532-174-PC22,1057532-1699-SE22
1057532-174-PC22,1057532-1347-SE22
1057532-174-PC22,1057532-1534-SE22
1057532-174-PC22,1057532-1888-SE21
1057532-174-PC22,1057532-1164-SE22
1057532-174-PC22,1057532-254-SE22
1057532-174-PC22,1057532-403-SE22
1057532-174-PC22,1057532-1536-SE22
1057532-174-PC22,1057532-593-SE22
1057532-174-PC22,1057532-1166-SE22
1057532-174-PC22,1057532-700-SE22
1057532-174-PC22,1057532-701-SE22
1057532-174-PC22,1057532-553-SE22
1057532-174-PC22,1057532-1349-SE22
1057532-174-PC22,1057532-552-SE22
1057532-174-PC22,1057532-996-SE22
1057532-174-PC22,1057532-401-SE22
1057532-174-PC22,1057532-1698-SE22
1057532-174-PC22,1057532-997-SE22
1057532-174-PC22,1057532-1165-SE22
1057532-174-PC22,1057532-255-SE22
1057532-174-PC22,1057532-1535-SE22
1057532-174-PC22,1057532-699-SE22
1057532-174-PC22,1057532-1348-SE22
1057532-174-PC22,1057532-554-SE22
1057532-175-PC22,1057532-1163-SE22
1057532-175-PC22,1057532-638-SE22
1057532-175-PC22,1057532-1919-SE22
1057532-175-PC22,1057532-1770-SE22
1057532-176-PC22,1057532-509-AG22
1057532-177-PC22,1057532-1382-CM22
1057532-177-PC22,1057532-253-AG22
1057532-177-PC22,1057532-646-AG22
1057532-177-PC22,1057532-271-AG22
1057532-177-PC22,1057532-323-AG22
1057532-177-PC22,1057532-373-CM22
1057532-177-PC22,1057532-198-CM22
1057532-177-PC22,1057532-683-SE22
1057532-177-PC22,1057532-197-CM22
1057532-177-PC22,1057532-684-AG22
1057532-177-PC22,1057532-270-AG22
1057532-177-PC22,1057532-721-AG22
1057532-177-PC22,1057532-418-CM22
1057532-177-PC22,1057532-324-AG22
1057532-177-PC22,1057532-337-CM22
1057532-177-PC22,1057532-272-AG22
1057532-177-PC22,1057532-663-AG22
1057532-177-PC22,1057532-447-CM22
1057532-177-PC22,1057532-288-AG22
1057532-177-PC22,1057532-411-CM22
1057532-182-PC22,1057532-1405-AG22
1057532-182-PC22,1057532-1727-SE22
1057532-183-PC22,1057532-1066-AG22
1057532-183-PC22,1057532-97-AG23
1057532-184-PC22,1057532-1822-AG22
1057532-184-PC22,1057532-1704-SE22
1057532-184-PC22,1057532-1772-SE22
1057532-184-PC22,1057532-1157-AG22
1057532-184-PC22,1057532-1745-SE22
1057532-184-PC22,1057532-1548-SE22
1057532-184-PC22,1057532-1798-AG22
1057532-184-PC22,1057532-1773-SE22
1057532-184-PC22,1057532-937-SE22
1057532-184-PC22,1057532-936-SE22
1057532-184-PC22,1057532-1769-SE22
1057532-184-PC22,1057532-1506-AG22
1057532-184-PC22,1057532-630-AG22
1057532-184-PC22,1057532-1551-SE22
1057532-184-PC22,1057532-1872-SE22
1057532-184-PC22,1057532-697-AG22
1057532-184-PC22,1057532-698-AG22
1057532-184-PC22,1057532-953-SE22
1057532-184-PC22,1057532-661-AG22
1057532-184-PC22,1057532-27-AG22
1057532-184-PC22,1057532-1591-CM22
1057532-184-PC22,1057532-1680-CM22
1057532-184-PC22,1057532-1871-SE22
1057532-184-PC22,1057532-194-SE22
1057532-184-PC22,1057532-1679-CM22
1057532-184-PC22,1057532-1681-AG22
1057532-185-PC22,1057532-1610-SE23
1057532-185-PC22,1057532-684-SE23
1057532-185-PC22,1057532-2098-TD25
1057532-185-PC22,1057532-163-SE25
1057532-185-PC22,1057532-2125-SE23
1057532-185-PC22,1057532-338-SE23
1057532-185-PC22,1057532-832-SE23
1057532-185-PC22,1057532-1735-SE22
1057532-185-PC22,1057532-955-SE22
1057532-185-PC22,1057532-1925-SE24
1057532-185-PC22,1057532-1235-SE23
1057532-185-PC22,1057532-685-SE23
1057532-185-PC22,1057532-790-SE23
1057532-185-PC22,1057532-58-SE23
1057532-185-PC22,1057532-1405-SE23
1057532-185-PC22,1057532-1880-SE23
1057532-185-PC22,1057532-2124-SE23
1057532-185-PC22,1057532-912-SE23
1057532-185-PC22,1057532-541-SE23
1057532-185-PC22,1057532-343-SE23
1057532-185-PC22,1057532-1438-SE23
1057532-185-PC22,1057532-187-SE23
1057532-185-PC22,1057532-2109-SE23
1057532-185-PC22,1057532-1850-SE23
1057922-4-PC22,1057922-67-SE22
1057922-4-PC22,1057532-1806-SE22
1057922-4-PC22,1057922-11-SE22
1057922-4-PC22,1057532-1805-SE22
1057922-4-PC22,1057922-71-SE22
1057922-4-PC22,1057532-1807-SE22
1057922-4-PC22,1057532-1809-SE22
1057922-4-PC22,1057922-72-SE22
1057922-4-PC22,1057922-16-SE22
1057922-4-PC22,1057532-1808-SE22
1057922-4-PC22,1057922-55-SE22
1057922-4-PC22,1057922-10-SE22
1057922-4-PC22,1057922-58-SE22
1057922-4-PC22,1057922-90-SE22
1057922-4-PC22,1057922-32-SE22
1057922-4-PC22,1057922-20-SE22
1057922-4-PC22,1057922-69-SE22
1057922-4-PC22,1057922-73-SE22
1057922-4-PC22,1057922-59-SE22
1057922-4-PC22,1057922-94-SE22
1057922-4-PC22,1057532-973-AG22
1057922-4-PC22,1057922-33-SE22
1057532-4-PC22,1057532-775-SE22
1057532-5-PC22,1057532-1871-SE23
1057532-5-PC22,1057532-103-SE25
1057532-5-PC22,1057532-2166-SE23
1057532-5-PC22,1057532-1234-SE23
1057532-5-PC22,1057532-794-SE24
1057532-5-PC22,1057532-1011-SE24
1057532-5-PC22,1057532-1009-SE23
1057532-5-PC22,1057532-1696-SE23
1057532-5-PC22,1057532-868-SE23
1057532-5-PC22,1057532-492-SE23
1057532-5-PC22,1057532-68-SE24
1057532-5-PC22,1057532-1619-SE24
1057532-5-PC22,1057532-1423-SE23
1057532-5-PC22,1057532-671-SE23
1057532-5-PC22,1057532-374-SE24
1057532-5-PC22,1057532-2270-SE24
1057532-5-PC22,1057532-599-SE24
1057532-6-PC22,1057532-932-SE22
1057922-5-PC22,1057922-37-SE22
1057922-6-PC22,1057922-26-SE22
1057922-6-PC22,1057922-39-SE22
1057976-16-PC22,1057532-486-SE23
1057976-16-PC22,1057532-1392-SE22
1057976-16-PC22,1057532-1172-SE23
1057976-16-PC22,1057532-979-SE23
1057976-16-PC22,1057532-334-SE23
1057976-16-PC22,1057532-138-SE24
1057976-16-PC22,1057532-731-SE23
1057976-16-PC22,1057532-1409-SE23
1057976-16-PC22,1057532-2224-SE23
1057976-16-PC22,1057532-1410-SE23
1057976-16-PC22,1057532-165-SE23
1057976-16-PC22,1057532-951-SE23
1057532-19-PC22,1057532-422-AG23
1057532-19-PC22,1057532-1008-AG22
1057532-19-PC22,1057532-134-AG23
1057532-19-PC22,1057532-414-AG23
1057532-19-PC22,1057532-412-AG23
1057532-19-PC22,1057532-1402-AG22
1057532-19-PC22,1057532-1102-AG22
1057532-19-PC22,1057532-814-AG22
1057532-19-PC22,1057532-269-AG23
1057532-19-PC22,1057532-267-AG23
1057532-19-PC22,1057532-1408-AG22
1057532-19-PC22,1057532-1542-AG22
1057532-19-PC22,1057532-463-AG23
1057532-19-PC22,1057532-518-AG23
1057532-19-PC22,1057532-467-AG23
1057532-19-PC22,1057532-1672-AG22
1057532-19-PC22,1057532-931-AG22
1057532-19-PC22,1057532-2-AG23
1057532-19-PC22,1057532-442-AG23
1057532-19-PC22,1057532-906-AG22
1057532-19-PC22,1057532-1899-AG22
1057532-19-PC22,1057532-485-AG23
1057532-19-PC22,1057532-410-AG23
1057532-19-PC22,1057532-907-AG22
1057532-19-PC22,1057532-409-AG23
1057532-19-PC22,1057532-827-AG22
1057532-21-PC22,1057532-619-CM22
1057532-21-PC22,1057532-1757-CM22
1057532-21-PC22,1057532-1375-AG22
1057532-24-PC22,1057532-1340-SE22
1057532-24-PC22,1057532-1133-SE22
1057532-24-PC22,1057532-250-SE23
1057532-24-PC22,1057532-1189-SE22
1057532-24-PC22,1057532-1528-SE23
1057532-24-PC22,1057532-586-AG22
1057532-25-PC22,1057532-763-SE22
1057976-9-PC23,1180747-1-SE24
1057976-11-PC23,1180747-1-SE23
1057976-12-PC23,1180747-5-SE23
1057976-14-PC23,1180747-2-SE23
1057976-15-PC23,1057976-7-SE23
1057727-3-PC23,1057727-2-SE23
1057727-6-PC23,1057727-63-AG23
1057727-6-PC23,1057532-2033-AG23
1057727-6-PC23,1057532-484-AG23
1057727-6-PC23,1057727-1-AG23
1057727-7-PC23,1057727-66-SE23
1057727-7-PC23,1057727-56-AG23
1057727-7-PC23,1057727-57-AG23
1057727-7-PC23,1057727-59-AG23
1057727-7-PC23,1057727-72-SE23
1057727-8-PC23,1057727-65-SE23
1057727-9-PC23,1057727-27-SE23
1057727-9-PC23,1057727-26-AG23
1057727-9-PC23,1057727-21-AG23
1057727-9-PC23,1077241-71-AG23
1057727-10-PC23,1057727-6-AG23
1057727-10-PC23,1057727-52-SE23
1057727-10-PC23,1057727-42-AG23
1057727-10-PC23,1057727-44-AG23
1057727-10-PC23,1057727-25-AG23
1057727-10-PC23,1057727-28-AG23
1057727-11-PC23,1057727-18-AG23
1057727-11-PC23,1057727-22-SE23
1057727-11-PC23,1057727-15-AG23
1057727-12-PC23,1057727-16-AG23
1057727-12-PC23,1057727-8-SE23
1057727-12-PC23,1057727-34-SE23
1057727-12-PC23,1057727-7-AG23
1057532-29-PC23,1057532-1960-SE23
1057532-30-PC23,1057532-16-SE24
1057532-30-PC23,1057532-1968-SE23
1057532-30-PC23,1057532-1965-SE23
1057532-30-PC23,1057532-1966-SE23
1057532-30-PC23,1057532-1969-SE23
1057532-31-PC23,1057532-1518-SE23
1057532-32-PC23,1057532-1295-SE23
1057532-32-PC23,1057532-1997-SE23
1057532-32-PC23,1057532-596-SE24
1057532-32-PC23,1057532-1748-SE23
1057532-32-PC23,1057532-1292-SE23
1057532-32-PC23,1057532-1473-SE23
1057532-32-PC23,1057532-1750-SE23
1057532-32-PC23,1057532-1069-SE23
1057532-32-PC23,1057532-753-SE23
1057532-32-PC23,1057532-911-SE23
1057532-32-PC23,1057532-2148-SE23
1057532-33-PC23,1057532-984-CM23
1057532-34-PC23,1057532-1024-SE24
1057532-34-PC23,1057532-1025-SE24
1057532-34-PC23,1057532-1021-SE24
1057532-34-PC23,1057532-1023-SE24
1057532-34-PC23,1057532-1269-SE23
1057532-34-PC23,1057532-1019-SE24
1057532-34-PC23,1057532-1103-SE23
1057532-34-PC23,1057532-102-SE24
1057532-34-PC23,1057532-163-SE24
1057532-34-PC23,1057532-1100-SE23
1057532-34-PC23,1057532-105-SE25
1057532-34-PC23,1057532-1101-SE23
1057532-34-PC23,1057532-1020-SE24
1057532-34-PC23,1057532-104-SE25
1057532-34-PC23,1057532-1202-SE24
1057532-34-PC23,1057532-1022-SE24
1057532-34-PC23,1057532-1270-SE23
1057532-34-PC23,1057532-1203-SE24
1057532-34-PC23,1057532-2177-SE23
1057532-34-PC23,1057532-1104-SE23
1057532-34-PC23,1057532-1757-SE23
1057532-34-PC23,1057532-277-SE25
1057532-34-PC23,1057532-2203-SE24
1057532-34-PC23,1057532-108-SE25
1057532-34-PC23,1057532-538-SE23
1057532-34-PC23,1057532-1102-SE23
1057532-34-PC23,1057532-1272-SE23
1057532-34-PC23,1057532-1170-SE23
1057532-34-PC23,1057532-1207-SE24
1057532-34-PC23,1057532-1105-SE23
1057532-34-PC23,1057532-1206-SE24
1057532-34-PC23,1057532-129-SE24
1057532-34-PC23,1057532-2019-SE24
1057532-34-PC23,1057532-1205-SE24
1057532-34-PC23,1057532-2181-SE23
1057532-34-PC23,1057532-1273-SE23
1057532-34-PC23,1057532-2018-SE24
1057532-34-PC23,1057532-3995-SE25
1057532-34-PC23,1057532-2206-SE24
1057532-34-PC23,1057532-128-SE24
1057532-34-PC23,1057532-557-SE23
1057532-34-PC23,1057532-1271-SE23
1057532-34-PC23,1057532-2204-SE24
1057532-34-PC23,1057532-276-SE25
1057532-34-PC23,1057532-1274-SE23
1057532-34-PC23,1057532-1204-SE24
1057532-34-PC23,1057532-1300-SE23
1057532-34-PC23,1057532-2180-SE23
1057532-34-PC23,1057532-2202-SE24
1057532-34-PC23,1057532-140-SE25
1057532-34-PC23,1057532-252-SE24
1057532-34-PC23,1057532-2020-SE24
1057532-34-PC23,1057532-839-SE24
1057532-34-PC23,1057532-3998-SE25
1057532-34-PC23,1057532-256-SE24
1057532-34-PC23,1057532-2205-SE24
1057532-34-PC23,1057532-837-SE24
1057532-34-PC23,1057532-255-SE24
1057532-34-PC23,1057532-248-SE25
1057532-34-PC23,1057532-463-SE24
1057532-34-PC23,1057532-2021-SE24
1057532-34-PC23,1057532-2017-SE24
1057532-34-PC23,1057532-2015-SE24
1057532-34-PC23,1057532-2183-SE23
1057532-34-PC23,1057532-319-SE23
1057532-34-PC23,1057532-725-SE23
1057532-34-PC23,1057532-256-SE25
1057532-34-PC23,1057532-2182-SE23
1057532-34-PC23,1057532-918-SE23
1057532-34-PC23,1057532-460-SE24
1057532-34-PC23,1057532-723-SE23
1057532-34-PC23,1057532-560-SE23
1057532-34-PC23,1057532-719-SE23
1057532-34-PC23,1057532-462-SE24
1057532-34-PC23,1057532-724-SE23
1057532-34-PC23,1057532-562-SE23
1057532-34-PC23,1057532-2201-SE24
1057532-34-PC23,1057532-252-SE25
1057532-34-PC23,1057532-2179-SE23
1057532-34-PC23,1057532-253-SE24
1057532-34-PC23,1057532-459-SE24
1057532-34-PC23,1057532-758-SE23
1057532-34-PC23,1057532-278-SE25
1057532-34-PC23,1057532-3997-SE25
1057532-34-PC23,1057532-461-SE24
1057532-34-PC23,1057532-836-SE24
1057532-34-PC23,1057532-759-SE23
1057532-34-PC23,1057532-92-SE24
1057532-34-PC23,1057532-763-SE23
1057532-34-PC23,1057532-564-SE23
1057532-34-PC23,1057532-2184-SE23
1057532-34-PC23,1057532-722-SE23
1057532-34-PC23,1057532-838-SE24
1057532-34-PC23,1057532-919-SE23
1057532-34-PC23,1057532-760-SE23
1057532-34-PC23,1057532-254-SE24
1057532-34-PC23,1057532-94-SE24
1057532-34-PC23,1057532-762-SE23
1057532-34-PC23,1057532-251-SE25
1057532-34-PC23,1057532-497-SE23
1057532-34-PC23,1057532-3999-SE25
1057532-34-PC23,1057532-93-SE24
1057532-34-PC23,1057532-559-SE23
1057532-34-PC23,1057532-96-SE24
1057532-34-PC23,1057532-761-SE23
1057532-34-PC23,1057532-770-SE23
1057532-34-PC23,1057532-913-SE23
1057532-34-PC23,1057532-3996-SE25
1057532-34-PC23,1057532-915-SE23
1057532-34-PC23,1057532-563-SE23
1057532-34-PC23,1057532-561-SE23
1057532-34-PC23,1057532-771-SE23
1057532-34-PC23,1057532-721-SE23
1057532-34-PC23,1057532-917-SE23
1057532-34-PC23,1057532-834-SE24
1057532-34-PC23,1057532-840-SE24
1057532-34-PC23,1057532-916-SE23
1057532-34-PC23,1057532-95-SE24
1057532-34-PC23,1057532-914-SE23
1057532-37-PC23,1057532-1485-SE23
1057532-37-PC23,1057532-1321-SE23
1057532-37-PC23,1057532-1486-SE23
1057532-37-PC23,1057532-1096-SE23
1057532-37-PC23,1057532-1098-SE23
1057532-37-PC23,1057532-1731-SE23
1057532-37-PC23,1057532-1351-SE23
1057532-37-PC23,1057532-1733-SE23
1057532-37-PC23,1057532-1319-SE23
1057532-37-PC23,1057532-1970-SE23
1057532-37-PC23,1057532-1097-SE23
1057532-37-PC23,1057532-751-SE23
1057532-37-PC23,1057532-1320-SE23
1057532-37-PC23,1057532-377-SE23
1057532-37-PC23,1057532-1484-SE23
1057532-37-PC23,1057532-1972-SE23
1057532-37-PC23,1057532-1938-SE22
1057532-37-PC23,1057532-196-SE23
1057532-37-PC23,1057532-1732-SE23
1057532-37-PC23,1057532-2213-SE23
1057532-37-PC23,1057532-752-SE23
1057532-37-PC23,1057532-2212-SE23
1057532-37-PC23,1057532-594-SE23
1057532-37-PC23,1057532-930-SE23
1057532-37-PC23,1057532-1971-SE23
1057532-37-PC23,1057532-378-SE23
1057532-37-PC23,1057532-595-SE23
1057532-37-PC23,1057532-379-SE23
1057532-37-PC23,1057532-194-SE23
1057532-37-PC23,1057532-750-SE23
1057532-37-PC23,1057532-2211-SE23
1057532-37-PC23,1057532-596-SE23
1057532-37-PC23,1057532-932-SE23
1057532-37-PC23,1057532-195-SE23
1057532-37-PC23,1057532-931-SE23
1057532-39-PC23,1057532-235-AG23
1057532-41-PC23,1057532-384-AG23
1057532-42-PC23,1057532-322-AG23
1057532-42-PC23,1057532-1127-SE23
1057532-42-PC23,1057532-333-AG23
1057532-42-PC23,1057532-1072-AG23
1057532-42-PC23,1057532-360-AG23
1057532-42-PC23,1057532-362-AG23
1057532-42-PC23,1057532-1784-AG23
1057532-42-PC23,1057532-361-AG23
1057532-42-PC23,1057532-1128-SE23
1057532-42-PC23,1057532-1073-AG23
1057532-42-PC23,1057532-522-AG23
1057532-42-PC23,1057532-365-AG23
1057532-42-PC23,1057532-358-AG23
1057532-42-PC23,1057532-357-AG23
1057532-42-PC23,1057532-433-SE23
1057532-42-PC23,1057532-1175-SE23
1057532-42-PC23,1057532-364-AG23
1057532-42-PC23,1057532-1176-SE23
1057532-42-PC23,1057532-363-AG23
1057532-42-PC23,1057532-709-AG23
1057532-42-PC23,1057532-1556-AG23
1057532-42-PC23,1057532-1554-AG23
1057532-42-PC23,1057532-1563-AG23
1057532-42-PC23,1057532-425-CM23
1057532-42-PC23,1057532-1537-AG23
1057532-42-PC23,1057532-1567-AG23
1057532-42-PC23,1057532-1477-AG23
1057532-42-PC23,1057532-1478-AG23
1057532-43-PC23,1077241-41-SE23
1057532-43-PC23,1077241-53-SE23
1057532-43-PC23,1077241-57-SE24
1057532-43-PC23,1077241-12-SE24
1057532-43-PC23,1077241-24-SE23
1057532-43-PC23,1077241-90-SE23
1057532-43-PC23,1077241-32-SE23
1057532-45-PC23,1057532-1907-SE23
1057532-45-PC23,1057532-876-SE24
1057532-45-PC23,1057532-817-SE23
1057532-45-PC23,1057532-2055-SE23
1057532-45-PC23,1057532-1602-SE23
1057532-45-PC23,1057532-983-SE23
1057532-45-PC23,1057532-637-AG23
1057532-47-PC23,1057532-1333-SE23
1057532-47-PC23,1057532-1335-SE23
1057532-47-PC23,1057532-1336-SE23
1057532-47-PC23,1057532-1330-SE23
1057532-47-PC23,1057532-1331-SE23
1057532-47-PC23,1057532-1337-SE23
1057532-47-PC23,1057532-1334-SE23
1057532-47-PC23,1057532-1384-AG23
1057532-47-PC23,1057532-1332-SE23
1057532-47-PC23,1057532-1551-AG23
1057532-48-PC23,1057532-1564-AG23
1057532-48-PC23,1057532-278-AG24
1057532-48-PC23,1057532-251-AG23
1057532-48-PC23,1057532-891-AG23
1057532-48-PC23,1057532-475-AG23
1057532-48-PC23,1057532-276-AG24
1057532-48-PC23,1057532-2088-AG23
1057532-48-PC23,1057532-1227-AG23
1057532-49-PC23,1057532-1146-SE23
1057532-50-PC23,1057532-1136-SE24
1057532-50-PC23,1057532-1663-SE24
1057532-50-PC23,1057532-1181-SE23
1057532-50-PC23,1057532-1030-SE24
1057532-50-PC23,1057532-1325-SE23
1057532-50-PC23,1057532-1135-SE24
1057532-50-PC23,1057532-1746-SE24
1057532-50-PC23,1057532-318-SE23
1057532-50-PC23,1057532-1080-SE23
1057532-50-PC23,1057532-1825-SE23
1057532-50-PC23,1057532-1206-SE23
1057532-50-PC23,1057532-1074-SE23
1057532-50-PC23,1057532-1074-SE24
1057532-50-PC23,1057532-1473-SE24
1057532-50-PC23,1057532-1207-SE23
1057532-50-PC23,1057532-144-SE24
1057532-50-PC23,1057532-162-SE24
1057532-50-PC23,1057532-1766-SE23
1057532-50-PC23,1057532-1468-SE23
1057532-50-PC23,1057532-2012-SE23
1057532-50-PC23,1057532-1326-SE23
1057532-50-PC23,1057532-1195-SE23
1057532-50-PC23,1057532-17-SE24
1057532-50-PC23,1057532-400-SE23
1057532-50-PC23,1057532-141-SE24
1057532-50-PC23,1057532-704-SE23
1057532-50-PC23,1057532-301-SE23
1057532-50-PC23,1057532-1253-SE23
1057532-50-PC23,1057532-1095-AG23
1057532-50-PC23,1057532-1618-SE24
1057532-50-PC23,1057532-125-SE24
1057532-50-PC23,1057532-1857-SE24
1057532-50-PC23,1057532-1856-SE24
1057532-50-PC23,1057532-781-SE23
1057532-50-PC23,1057532-1469-SE23
1057532-50-PC23,1057532-2031-SE24
1057532-50-PC23,1057532-1435-SE23
1057532-50-PC23,1057532-1459-SE24
1057532-50-PC23,1057532-1995-SE23
1057532-50-PC23,1057532-598-SE23
1057532-50-PC23,1057532-1812-SE23
1057532-50-PC23,1057532-1800-SE23
1057532-50-PC23,1057532-597-SE24
1057532-50-PC23,1057532-1712-SE23
1057532-50-PC23,1057532-1240-SE23
1057532-50-PC23,1057532-1531-SE23
1057532-50-PC23,1057532-135-SE24
1057532-50-PC23,1057532-2032-SE24
1057532-50-PC23,1057532-2233-SE23
1057532-50-PC23,1057532-2093-SE23
1057532-50-PC23,1057532-2034-SE24
1057532-50-PC23,1057532-240-SE24
1057532-50-PC23,1057532-241-SE23
1057532-50-PC23,1057532-1555-SE23
1057532-50-PC23,1057532-2134-SE23
1057532-50-PC23,1057532-670-SE24
1057532-50-PC23,1057532-1899-SE23
1057532-50-PC23,1057532-787-SE23
1057532-50-PC23,1057532-715-SE23
1057532-50-PC23,1057532-1867-SE24
1057532-50-PC23,1057532-1798-SE23
1057532-50-PC23,1057532-1572-SE23
1057532-50-PC23,1057532-424-SE23
1057532-50-PC23,1057532-260-SE23
1057532-50-PC23,1057532-407-SE24
1057532-50-PC23,1057532-853-SE23
1057532-50-PC23,1057532-593-SE24
1057532-50-PC23,1057532-527-SE24
1057532-50-PC23,1057532-611-SE23
1057532-50-PC23,1057532-295-SE24
1057532-50-PC23,1057532-248-SE24
1057532-50-PC23,1057532-990-SE23
1057532-50-PC23,1057532-1992-SE23
1057532-50-PC23,1057532-409-SE24
1057532-50-PC23,1057532-889-SE24
1057532-50-PC23,1057532-1994-SE23
1057532-50-PC23,1057532-599-SE23
1057532-50-PC23,1057532-792-SE24
1057532-50-PC23,1057532-592-SE24
1057532-50-PC23,1057532-289-SE23
1057532-50-PC23,1057532-455-SE24
1057532-50-PC23,1057532-82-SE24
1057532-50-PC23,1057532-727-SE24
1057532-50-PC23,1057532-838-SE23
1057532-50-PC23,1057532-644-SE24
1057532-50-PC23,1057532-911-SE24
1057532-50-PC23,1057532-390-SE23
1057532-50-PC23,1057532-440-SE24
1057532-50-PC23,1057532-488-SE23
1057532-50-PC23,1057532-879-SE23
1057532-50-PC23,1057532-757-SE24
1057532-50-PC23,1057532-643-SE24
1057532-50-PC23,1057532-601-SE24
1057532-50-PC23,1057532-600-SE23
1057532-50-PC23,1057532-78-SE24
1057532-50-PC23,1057532-667-SE23
1057532-50-PC23,1057532-784-SE24
1057532-50-PC23,1057532-954-SE23
1057532-51-PC23,1057532-137-AG23
1057532-51-PC23,1057532-135-AG23
1057532-51-PC23,1057532-511-AG23
1057532-51-PC23,1057532-138-AG23
1057532-51-PC23,1057532-408-AG23
1057532-51-PC23,1057532-729-SE23
1057532-51-PC23,1057532-482-CM23
1057532-52-PC23,1057532-1157-AG23
1057532-52-PC23,1057532-146-AG23
1057532-52-PC23,1057532-394-SE23
1057532-53-PC23,1057532-1171-SE23
1057532-53-PC23,1057532-487-SE23
1057532-53-PC23,1057532-784-SE23
1057532-53-PC23,1057532-2169-SE23
1057532-53-PC23,1057532-1052-SE23
1057532-53-PC23,1057532-1795-SE23
1057532-53-PC23,1057532-1081-SE23
1057532-53-PC23,1057532-1654-SE23
1057532-53-PC23,1057532-1762-SE23
1057532-53-PC23,1057532-708-SE23
1057532-53-PC23,1057532-1178-SE23
1057532-53-PC23,1057532-1526-SE23
1057532-53-PC23,1057532-1891-SE23
1057532-53-PC23,1057532-1366-SE23
1057532-53-PC23,1057532-1897-SE23
1057532-53-PC23,1057532-1297-SE23
1057532-53-PC23,1057532-1327-SE23
1057532-53-PC23,1057532-536-SE23
1057532-53-PC23,1057532-1454-SE23
1057532-53-PC23,1057532-2007-SE23
1057532-53-PC23,1057532-2170-SE23
1057532-53-PC23,1057532-895-SE23
1057532-53-PC23,1057532-1453-SE23
1057532-53-PC23,1057532-757-SE23
1057532-53-PC23,1057532-845-SE23
1057532-53-PC23,1057532-785-SE23
1057532-53-PC23,1057532-998-SE23
1057532-54-PC23,1057532-764-CM23
1057532-54-PC23,1057532-1212-CM23
1057532-54-PC23,1057532-854-CM23
1057532-54-PC23,1057532-161-CM23
1057532-54-PC23,1057532-1211-CM23
1057532-54-PC23,1057532-1287-CM23
1057532-54-PC23,1057532-1428-CM23
1057532-54-PC23,1057532-1974-CM23
1057532-54-PC23,1057532-1043-CM23
1057532-54-PC23,1057532-1499-CM23
1057532-54-PC23,1057532-2194-CM23
1057532-54-PC23,1057532-1624-CM23
1057532-54-PC23,1057532-952-CM23
1057532-54-PC23,1057532-1498-CM23
1057532-54-PC23,1057532-1152-CM23
1057532-54-PC23,1057532-638-SE23
1057532-54-PC23,1057532-1625-CM23
1057532-54-PC23,1057532-279-CM23
1057532-54-PC23,1057532-765-CM23
1057532-54-PC23,1057532-418-CM23
1057532-54-PC23,1057532-1430-CM23
1057532-54-PC23,1057532-2113-CM23
1057532-54-PC23,1057532-619-CM23
1057532-54-PC23,1057532-56-CM24
1057532-54-PC23,1057532-1860-CM23
1057532-54-PC23,1057532-1973-CM23
1057532-54-PC23,1057532-1429-CM23
1057532-54-PC23,1057532-160-CM23
1057532-54-PC23,1057532-2114-CM23
1057532-54-PC23,1057532-94-CM23
1057532-54-PC23,1057532-1715-CM23
1057532-54-PC23,1057532-324-CM23
1057532-54-PC23,1057532-700-CM23
1057532-54-PC23,1057532-706-CM23
1057532-54-PC23,1057532-1975-CM23
1057532-54-PC23,1057532-1044-CM23
1057532-54-PC23,1057532-856-CM23
1057532-54-PC23,1057532-1213-CM23
1057532-54-PC23,1057532-1716-CM23
1057532-54-PC23,1057532-1496-CM23
1057532-54-PC23,1057532-281-CM23
1057532-54-PC23,1057532-1153-CM23
1057532-54-PC23,1057532-855-CM23
1057532-54-PC23,1057532-1976-CM23
1057532-54-PC23,1057532-326-CM23
1057532-54-PC23,1057532-1626-CM23
1057532-54-PC23,1057532-162-CM23
1057532-54-PC23,1057532-325-CM23
1057532-54-PC23,1057532-419-CM23
1057532-54-PC23,1057532-620-CM23
1057532-54-PC23,1057532-1286-CM23
1057532-54-PC23,1057532-702-CM23
1057532-54-PC23,1057532-282-CM23
1057532-54-PC23,1057532-1431-CM23
1057532-54-PC23,1057532-766-CM23
1057532-54-PC23,1057532-1861-CM23
1057532-54-PC23,1057532-953-CM23
1057532-54-PC23,1057532-95-CM23
1057532-55-PC23,1057532-726-SE23
1057532-55-PC23,1057532-1589-SE23
1057532-55-PC23,1057532-1086-SE23
1057532-55-PC23,1057532-242-SE23
1057532-55-PC23,1057532-728-SE23
1057532-55-PC23,1057532-1085-SE23
1057532-55-PC23,1057532-727-SE23
1057532-56-PC23,1057532-613-AG23
1057532-57-PC23,1057532-880-SE23
1057532-57-PC23,1057532-1010-SE24
1057532-57-PC23,1057532-1821-SE23
1057532-57-PC23,1057532-379-SE24
1057532-57-PC23,1057532-2070-SE23
1057532-57-PC23,1057532-219-SE24
1057532-57-PC23,1057532-499-SE23
1057532-57-PC23,1057532-464-SE24
1057532-57-PC23,1057532-673-SE23
1057532-57-PC23,1057532-4-SE24
1057532-57-PC23,1057532-1700-SE23
1057532-57-PC23,1057532-33-SE25
1057532-57-PC23,1057532-698-SE24
1057532-67-PC23,1057532-2187-SE23
1057532-67-PC23,1057532-837-SE23
1057532-67-PC23,1057532-1296-SE23
1057532-67-PC23,1057532-1437-SE23
1057532-67-PC23,1057532-1089-SE23
1057532-67-PC23,1057532-1714-SE23
1057532-67-PC23,1057532-1239-SE23
1057532-67-PC23,1057532-1388-SE23
1057532-67-PC23,1057532-1324-SE23
1057532-67-PC23,1057532-1436-SE23
1057532-67-PC23,1057532-1208-SE23
1057532-67-PC23,1057532-1407-SE23
1057532-67-PC23,1057532-2136-SE23
1057532-67-PC23,1057532-742-SE23
1057532-67-PC23,1057532-749-SE23
1057532-67-PC23,1057532-1808-SE23
1057532-67-PC23,1057532-393-SE23
1057532-67-PC23,1057532-1993-SE23
1057532-67-PC23,1057532-1585-SE23
1057532-67-PC23,1057532-515-SE23
1057532-67-PC23,1057532-593-SE23
1057532-67-PC23,1057532-741-SE23
1057532-67-PC23,1057532-1302-SE23
1057532-67-PC23,1057532-662-SE23
1057532-67-PC23,1057532-878-SE23
1057532-67-PC23,1057532-946-SE23
1057532-67-PC23,1057532-1385-SE23
1057532-67-PC23,1057532-2030-SE23
1057532-68-PC23,1057532-1881-AG23
1057532-69-PC23,1057532-1584-AG23
1057532-70-PC23,1057532-614-AG23
1057532-71-PC23,1057532-1889-AG23
1057532-72-PC23,1057532-1738-AG23
1057532-72-PC23,1057532-2235-AG23
1057532-75-PC23,1057532-464-SE23
1057532-75-PC23,1057532-1827-SE23
1057532-76-PC23,1057532-1352-AG23
1057532-76-PC23,1057532-1882-SE23
1057532-76-PC23,1057532-1179-SE23
1057532-76-PC23,1057532-947-SE23
1057532-76-PC23,1057532-1475-AG23
1057532-76-PC23,1057532-847-SE23
1057532-76-PC23,1057532-462-AG23
1057532-76-PC23,1057532-1661-SE23
1057532-76-PC23,1057532-2107-SE23
1057532-76-PC23,1057532-1364-SE23
1057532-76-PC23,1057532-1832-AG23
1057532-76-PC23,1057532-396-SE23
1057532-76-PC23,1057532-660-SE23
1057532-76-PC23,1057532-606-SE23
1057532-76-PC23,1057532-448-AG23
1057532-76-PC23,1057532-1252-SE23
1057532-76-PC23,1057532-174-AG23
1057532-76-PC23,1057532-806-SE23
1057532-76-PC23,1057532-2139-SE23
1057532-76-PC23,1057532-1781-SE23
1057532-76-PC23,1057532-2129-SE23
1057532-76-PC23,1057532-2024-SE23
1057532-76-PC23,1057532-1587-SE23
1057532-76-PC23,1057532-1884-SE23
1057532-76-PC23,1057532-2243-SE23
1057532-76-PC23,1057532-2196-SE23
1057532-79-PC23,1057532-1797-AG23
1057532-81-PC23,1057532-1489-AG23
1057532-81-PC23,1057532-807-AG23
1057532-81-PC23,1057532-811-AG23
1057532-81-PC23,1057532-1488-AG23
1057532-81-PC23,1057532-805-AG23
1057532-82-PC23,1057532-2130-CM23
1057532-82-PC23,1057532-1941-AG23
1057532-82-PC23,1057532-1520-AG23
1057532-82-PC23,1057532-1521-AG23
1057532-82-PC23,1057532-1914-AG23
1057532-82-PC23,1057532-478-AG23
1057532-82-PC23,1057532-995-AG23
1057532-82-PC23,1057532-469-CM23
1057532-82-PC23,1057532-996-AG23
1057532-82-PC23,1057532-1067-AG23
1057532-82-PC23,1057532-479-AG23
1057532-82-PC23,1057532-1595-AG23
1057532-82-PC23,1057532-438-CM23
1057532-82-PC23,1057532-1148-AG23
1057532-82-PC23,1057532-1938-AG23
1057532-82-PC23,1057532-1632-AG23
1057532-82-PC23,1057532-1776-AG23
1057976-22-PC23,1180747-6-SE23
1057976-22-PC23,1180747-37-SE25
1057532-84-PC23,1057532-1243-CC23
1057532-86-PC23,1057532-1817-SE23
1057532-86-PC23,1057532-2115-SE23
1057532-86-PC23,1057532-677-SE23
1057532-86-PC23,1057532-1969-SE22
1057532-86-PC23,1057532-493-SE23
1057532-88-PC23,1057532-141-AG23
1057532-88-PC23,1057532-1913-AG23
1057532-92-PC23,1077241-15-AG23
1057532-92-PC23,1077241-16-AG23
1057532-92-PC23,1077241-13-AG23
1057532-92-PC23,1077241-14-AG23
1057532-92-PC23,1077241-17-AG23
1057532-92-PC23,1077241-77-AG23
1057532-95-PC23,1057532-355-AG23
1057532-97-PC23,1057532-330-AG23
1057532-100-PC23,1057532-1355-CM23
1057532-100-PC23,1057532-1787-CM23
1057532-101-PC23,1057532-193-AG24
1057532-101-PC23,1057532-1806-AG23
1057532-101-PC23,1057532-863-AG23
1057532-101-PC23,1057532-769-AG23
1057532-101-PC23,1057532-1285-AG23
1057532-101-PC23,1057532-1131-AG23
1057532-101-PC23,1057532-1084-AG23
1057532-101-PC23,1057532-617-AG23
1057532-103-PC23,1057532-525-AG23
1057532-104-PC23,1057532-2100-AG23
1057532-107-PC23,1057532-164-SE24
1057532-107-PC23,1057532-165-SE24
1057532-107-PC23,1057532-1451-AG23
1057532-107-PC23,1057532-610-AG23
1057532-107-PC23,1057532-569-AG23
1057532-107-PC23,1057532-166-SE24
1057532-107-PC23,1057532-545-CM23
1057532-111-PC23,1057532-1149-AG23
1057532-111-PC23,1057532-1156-AG23
1057532-111-PC23,1057532-1147-AG23
1057532-111-PC23,1057532-1158-AG23
1057532-111-PC23,1057532-1154-AG23
1057532-111-PC23,1057532-1138-AG23
1057532-116-PC23,1057532-1743-AG23
1057532-116-PC23,1057532-1697-AG23
1057532-116-PC23,1057532-1773-AG23
1057532-116-PC23,1057532-1747-AG23
1057532-117-PC23,1057532-543-SE23
1057532-117-PC23,1057532-4581-SE25
1057532-117-PC23,1057532-1143-SE23
1057532-118-PC23,1057532-337-AG23
1057532-120-PC23,1057532-1675-AG23
1057532-120-PC23,1057532-1794-AG23
1057532-120-PC23,1057532-1527-SE23
1057532-120-PC23,1057727-36-SE23
1057532-120-PC23,1057532-987-CM23
1057532-120-PC23,1057532-283-SE23
1057532-120-PC23,1057532-1174-SE23
1057532-120-PC23,1057532-1535-SE23
1057532-120-PC23,1057532-26-SE23
1057532-120-PC23,1057532-1350-SE23
1057532-120-PC23,1057532-788-SE23
1057532-120-PC23,1057532-981-SE23
1057532-120-PC23,1057532-2123-SE23
1057532-120-PC23,1057532-2069-SE23
1057532-120-PC23,1057532-443-SE23
1057532-120-PC23,1057532-635-SE23
1057532-120-PC23,1057532-1775-SE23
1057532-120-PC23,1057532-1126-AG23
1057532-127-PC23,1057532-286-AG23
1057532-127-PC23,1057532-299-AG23
1057532-127-PC23,1057532-268-AG23
1057532-128-PC23,1057532-153-AG23
1057532-129-PC23,1057532-942-CM23
1057532-129-PC23,1057532-1481-AG23
1057532-133-PC23,1057532-1580-CM23
1057532-133-PC23,1057532-661-SE23
1057532-135-PC23,1057532-210-AG23
1057532-136-PC23,1057532-302-AG23
1057532-139-PC23,1057532-1418-AG23
1057532-139-PC23,1057532-350-AG23
1057532-139-PC23,1057532-1822-SE23
1057532-140-PC23,1057532-2168-AG23
1057532-140-PC23,1057532-2165-AG23
1057532-140-PC23,1057532-2006-AG23
1057532-140-PC23,1057532-2005-AG23
1057532-140-PC23,1057532-2137-SE23
1057532-143-PC23,1057532-353-AG23
1057532-146-PC23,1057532-1616-AG23
1057532-146-PC23,1057532-1640-AG23
1057532-146-PC23,1057532-1442-AG23
1057532-146-PC23,1057532-1525-AG23
1057532-146-PC23,1057532-1441-AG23
1057532-146-PC23,1057532-1443-AG23
1057532-150-PC23,1057532-991-AG23
1057532-150-PC23,1057532-1309-CM23
1057532-153-PC23,1057532-2111-SE23
1057532-153-PC23,1057532-2110-SE23
1057532-154-PC23,1057532-899-AG23
1057532-154-PC23,1057532-937-AG23
1057532-154-PC23,1057532-936-AG23
1057532-154-PC23,1057532-902-AG23
1057532-154-PC23,1057532-982-AG23
1057532-154-PC23,1057532-941-AG23
1057532-154-PC23,1057532-877-AG23
1057532-154-PC23,1057532-935-AG23
1057532-154-PC23,1057532-876-AG23
1057532-156-PC23,1057532-1530-AG23
1057532-157-PC23,1057532-1202-SE23
1057532-157-PC23,1057532-1168-SE23
1057532-157-PC23,1057532-1201-SE23
1057532-157-PC23,1057532-1169-SE23
1057532-159-PC23,1057532-1608-AG23
1057532-159-PC23,1057532-1668-AG23
1057532-1-PC23,1057532-2066-SE23
1057532-1-PC23,1057532-1641-AG23
1057532-1-PC23,1057532-2117-SE23
1057532-1-PC23,1057532-587-AG23
1057532-1-PC23,1057532-2118-SE23
1057532-1-PC23,1057532-992-AG23
1057532-1-PC23,1057532-585-AG23
1057532-1-PC23,1057532-586-AG23
1057922-1-PC23,1057922-159-SE23
1057922-1-PC23,1057922-118-SE23
1057922-1-PC23,1057922-48-AG23
1057922-1-PC23,1057922-136-SE23
1057922-3-PC23,1057922-62-SE23
1057922-3-PC23,1057922-90-AG23
1057922-3-PC23,1057922-47-AG23
1057922-3-PC23,1057922-58-AG23
1057922-3-PC23,1057922-137-SE23
1057922-3-PC23,1057922-70-AG23
1057922-3-PC23,1057922-63-SE23
1057922-3-PC23,1057922-69-AG23
1057922-4-PC23,1057922-115-SE23
1057922-4-PC23,1057922-114-SE23
1057922-4-PC23,1057922-92-SE23
1057922-4-PC23,1057922-68-AG23
1057922-4-PC23,1057922-135-SE23
1057922-7-PC23,1057922-60-AG23
1057922-7-PC23,1057922-138-SE23
1057922-8-PC23,1057922-81-SE23
1057922-8-PC23,1057922-77-SE23
1057922-8-PC23,1057922-156-SE23
1057922-8-PC23,1057922-59-AG23
1057922-8-PC23,1057922-76-SE23
1057922-8-PC23,1057922-74-CM23
1057922-8-PC23,1057922-78-SE23
1057922-8-PC23,1057922-106-AG23
1057922-8-PC23,1057922-80-SE23
1057922-8-PC23,1057922-66-CM23
1057922-8-PC23,1057922-46-CM23
1057922-8-PC23,1057922-50-AG23
1057922-8-PC23,1057922-83-AG23
1057922-8-PC23,1057922-158-SE23
1057922-8-PC23,1057922-91-CM23
1057922-8-PC23,1057922-73-AG23
1057922-8-PC23,1057922-140-SE23
1057922-8-PC23,1057922-75-SE23
1057922-8-PC23,1057922-84-AG23
1057922-8-PC23,1057922-79-SE23
1057922-8-PC23,1057922-89-AG23
1057922-8-PC23,1057922-82-AG23
1057922-8-PC23,1057922-72-AG23
1057922-8-PC23,1057922-71-AG23
1057922-10-PC23,1057922-32-SE23
1057922-10-PC23,1057922-172-CM23
1057922-10-PC23,1057922-33-SE23
1057922-10-PC23,1057922-30-SE23
1057922-10-PC23,1057922-36-SE23
1057922-10-PC23,1057922-38-SE23
1057922-10-PC23,1057922-6-SE23
1057922-10-PC23,1057922-14-SE23
1057922-10-PC23,1057922-61-AG23
1057922-10-PC23,1057922-35-SE23
1057922-10-PC23,1057922-31-SE23
1057922-10-PC23,1057922-4-SE23
1057922-10-PC23,1057922-67-AG23
1057922-10-PC23,1057922-21-AG23
1057922-10-PC23,1057922-175-AG23
1057922-10-PC23,1057922-139-SE23
1057922-10-PC23,1057922-176-AG23
1057922-10-PC23,1057922-26-SE23
1057922-10-PC23,1057922-179-AG23
1057922-10-PC23,1057922-11-AG23
1057922-10-PC23,1057922-16-AG23
1057922-10-PC23,1057922-19-AG23
1057922-10-PC23,1057922-39-AG23
1057922-10-PC23,1057922-177-AG23
1057922-10-PC23,1057922-25-SE23
1057922-10-PC23,1057922-180-AG23
1057922-10-PC23,1057922-22-AG23
1057922-10-PC23,1057922-174-AG23
1057922-10-PC23,1057922-107-SE23
1057922-10-PC23,1057922-34-SE23
1057922-10-PC23,1057922-52-SE23
1057922-10-PC23,1057922-13-AG23
1057922-10-PC23,1057922-17-AG23
1057922-10-PC23,1057922-18-AG23
1057922-10-PC23,1057922-5-SE23
1057922-10-PC23,1057922-53-SE23
1057922-10-PC23,1057922-54-SE23
1057922-10-PC23,1057922-173-AG23
1057922-10-PC23,1057922-178-AG23
1057922-11-PC23,1057922-45-SE23
1057922-11-PC23,1057922-87-SE23
1057532-5-PC23,1057532-2003-AG23
1057532-5-PC23,1057532-1809-AG23
1057922-12-PC23,1057922-65-SE23
1057922-14-PC23,1057922-86-AG23
1057922-14-PC23,1057922-119-AG23
1057922-14-PC23,1057922-108-AG23
1057922-14-PC23,1057922-105-AG23
1057922-14-PC23,1057922-122-SE23
1057922-14-PC23,1057922-64-SE23
1057922-14-PC23,1057532-1638-CM23
1057922-14-PC23,1057922-49-AG23
1057922-14-PC23,1057922-99-SE23
1057922-14-PC23,1057922-98-AG23
1057922-14-PC23,1057922-133-AG23
1057922-14-PC23,1057922-157-SE23
1057532-7-PC23,1057532-631-AG23
1057922-15-PC23,1057922-104-SE23
1057922-15-PC23,1057922-56-SE23
1057922-15-PC23,1057922-163-SE23
1057922-15-PC23,1057922-55-SE23
1057922-15-PC23,1057922-57-SE23
1057922-16-PC23,1057922-23-SE23
1057532-11-PC23,1057532-1789-SE23
1057532-11-PC23,1057532-2112-SE23
1057532-11-PC23,1057532-1788-SE23
1057532-11-PC23,1057532-1790-SE23
1057922-17-PC23,1057922-3-SE23
1057532-12-PC23,1057532-905-AG23
1057922-18-PC23,1057922-37-SE23
1077241-1-PC23,1077241-55-SE23
1057532-15-PC23,1057532-639-AG23
1057532-16-PC23,1057532-1004-SE24
1057532-16-PC23,1057532-180-SE24
1057532-16-PC23,1057532-1824-SE23
1057532-16-PC23,1057532-1189-SE24
1057532-16-PC23,1057532-833-SE24
1057532-16-PC23,1057532-1561-SE24
1057532-16-PC23,1057532-531-SE24
1057532-17-PC23,1057532-1002-AG23
1057532-19-PC23,1057532-1082-AG23
1057532-20-PC23,1057532-1934-AG23
1057532-20-PC23,1057532-1417-AG23
1057532-21-PC23,1057532-2027-AG23
1057532-21-PC23,1057532-1918-AG23
1057532-21-PC23,1057532-1444-AG23
1057532-21-PC23,1057532-1723-AG23
1057532-161-PC23,1057532-1026-AG23
1057532-164-PC23,1057532-1425-AG23
1057532-165-PC23,1057532-1963-SE23
1057532-166-PC23,1057532-1573-AG23
1057532-166-PC23,1057532-1577-AG23
1057532-166-PC23,1057532-1605-AG23
1057532-166-PC23,1057532-1538-AG23
1057532-166-PC23,1057532-1855-AG23
1057532-166-PC23,1057532-1592-AG23
1057532-166-PC23,1057532-1593-AG23
1057532-166-PC23,1057532-1759-AG23
1057532-166-PC23,1057532-1862-AG23
1057532-168-PC23,1057532-2001-SE23
1057532-169-PC23,1057532-1724-AG23
1057532-169-PC23,1057532-1857-AG23
1057532-169-PC23,1057532-1494-AG23
1057532-172-PC23,1057532-1664-AG23
1057532-175-PC23,1057532-2108-AG23
1057922-21-PC23,1057922-120-SE23
1057532-177-PC23,1057532-1628-AG23
1057532-179-PC23,1057532-1937-AG23
1057532-182-PC23,1057532-1260-AG23
1057532-183-PC23,1057532-1261-AG23
1057532-184-PC23,1057532-2068-SE23
1057532-184-PC23,1057532-1915-AG23
1057532-185-PC23,1057532-1680-SE23
1057532-186-PC23,1057532-1667-AG23
1057532-187-PC23,1057532-114-SE24
1057532-187-PC23,1057532-2200-SE23
1057532-187-PC23,1057532-1600-SE23
1057532-187-PC23,1057532-2214-SE23
1057532-187-PC23,1057532-2043-SE24
1057532-188-PC23,1057532-77-SE24
1057532-188-PC23,1057532-729-SE24
1057532-188-PC23,1057532-1413-SE23
1057532-188-PC23,1057532-2156-SE23
1057532-188-PC23,1057532-705-SE24
1057532-188-PC23,1057532-1414-SE23
1057532-188-PC23,1057532-4138-SE25
1057532-188-PC23,1057532-162-SE25
1057532-188-PC23,1057532-1311-SE24
1057532-188-PC23,1057532-1613-SE23
1057532-188-PC23,1057532-1315-SE24
1057532-188-PC23,1057532-1353-SE24
1057532-188-PC23,1057532-1237-SE23
1057532-188-PC23,1057532-212-SE24
1057532-188-PC23,1057532-1658-SE23
1057532-188-PC23,1057532-1612-SE23
1057532-188-PC23,1057532-1236-SE23
1057532-188-PC23,1057532-1843-SE23
1057532-188-PC23,1057532-160-SE25
1057532-188-PC23,1057532-2227-SE24
1057532-188-PC23,1057532-2120-SE23
1057532-188-PC23,1057532-2114-SE24
1057532-188-PC23,1057532-1611-SE23
1057532-188-PC23,1057532-2138-SE23
1057532-188-PC23,1057532-74-SE24
1057532-188-PC23,1057532-2157-SE23
1057532-189-PC23,1057532-1400-AG23
1057532-189-PC23,1057532-1401-AG23
1057532-189-PC23,1057532-1546-AG23
1057532-191-PC23,1057532-1810-AG23
1057532-191-PC23,1057532-2017-AG23
1057532-192-PC23,1057532-1991-AG23
1057532-192-PC23,1057532-1719-AG23
1057532-192-PC23,1057532-1720-AG23
1057532-192-PC23,1057532-1718-AG23
1057976-3-PC23,1057976-3-SE24
1057976-3-PC23,1057976-2-SE24
1057532-194-PC23,1057532-1841-SE23
1057532-194-PC23,1057532-234-SE24
1057532-194-PC23,1057532-2095-SE23
1057532-194-PC23,1077241-2-SE24
1057976-4-PC23,1057976-1-SE24
1057976-4-PC23,1057976-11-SE24
1057532-195-PC23,1057532-128-SE25
1057532-195-PC23,1057532-4067-SE25
1057532-195-PC23,1057532-1677-SE24
1057532-195-PC23,1057532-6-SE24
1057532-195-PC23,1057532-2077-SE24
1057532-195-PC23,1057532-1349-SE23
1057532-195-PC23,1057532-1255-SE24
1057976-5-PC23,1057976-29-SE23
1057976-5-PC23,1057976-4-SE24
1057976-5-PC23,1057976-24-SE24
1057976-5-PC23,1057976-8-SE24
1057976-7-PC23,1057976-9-SE24
1057976-7-PC23,1057976-22-SE24
1057976-7-PC23,1057976-10-SE24
1057976-8-PC23,1057976-7-SE24
1057976-8-PC23,1057976-12-SE24
1057976-8-PC23,1057976-6-SE24
1057532-197-PC23,1057532-1470-SE24
1057532-197-PC23,1057532-1187-SE24
1057532-197-PC23,1057532-1190-SE24
1057532-197-PC23,1057532-1621-SE24
1057532-197-PC23,1057532-1472-SE23
1057532-197-PC23,1057532-1664-SE24
1057532-197-PC23,1057532-1854-SE24
1057532-197-PC23,1057532-1028-SE24
1057532-197-PC23,1057532-1138-SE24
1057532-197-PC23,1057532-4182-SE25
1057532-197-PC23,1057532-136-SE25
1057532-197-PC23,1057532-135-SE25
1057532-197-PC23,1057532-4558-SE25
1057532-197-PC23,1057532-184-SE25
1057532-197-PC23,1057532-4837-SE25
1057532-197-PC23,1057532-1137-SE24
1057532-197-PC23,1057532-1871-SE24
1057532-197-PC23,1057532-1471-SE24
1057532-197-PC23,1057532-1522-SE24
1057532-197-PC23,1057532-1787-SE24
1057532-197-PC23,1057532-1578-SE24
1057532-197-PC23,1057532-1981-SE24
1057532-197-PC23,1057532-4249-SE25
1057532-197-PC23,1057532-1088-SE24
1057532-197-PC23,1057532-1766-SE24
1057532-197-PC23,1057532-5704-SE25
1057532-197-PC23,1057532-2118-SE25
1057532-197-PC23,1057532-4086-SE25
1057532-197-PC23,1057532-5467-SE25
1057532-197-PC23,1057532-239-SE25
1057532-197-PC23,1057532-975-SE24
1057532-197-PC23,1057532-2117-SE25
1057532-197-PC23,1057532-2065-SE24
1057532-197-PC23,1057532-1922-SE24
1057532-197-PC23,1057532-4531-SE25
1057532-197-PC23,1057532-5696-SE25
1057532-197-PC23,1057532-1620-SE24
1057532-197-PC23,1057532-2030-SE24
1057532-197-PC23,1057532-4940-SE25
1057532-197-PC23,1057532-5739-SE25
1057532-197-PC23,1057532-1767-SE24
1057532-197-PC23,1057532-1956-SE24
1057532-197-PC23,1057532-4330-SE25
1057532-197-PC23,1057532-5703-SE25
1057532-197-PC23,1057532-5597-SE25
1057532-197-PC23,1057532-4203-SE25
1057532-197-PC23,1057532-4559-SE25
1057532-197-PC23,1057532-237-SE25
1057532-197-PC23,1057532-4071-SE25
1057532-197-PC23,1057532-2104-SE25
1057532-197-PC23,1057532-4578-SE25
1057532-197-PC23,1057532-5740-SE25
1057532-197-PC23,1057532-1942-SE24
1057532-197-PC23,1057532-2119-SE25
1057532-197-PC23,1057532-4698-SE25
1057532-197-PC23,1057532-4844-SE25
1057532-197-PC23,1057532-4124-SE25
1057532-197-PC23,1057532-728-SE24
1057532-197-PC23,1057532-5472-SE25
1057532-197-PC23,1057532-5251-SE25
1057532-197-PC23,1057532-4865-SE25
1057532-197-PC23,1057532-238-SE25
1057532-197-PC23,1057532-5474-SE25
1057532-197-PC23,1057532-574-SE24
1057532-197-PC23,1057532-4896-SE25
1057532-197-PC23,1057532-4683-SE25
1057532-197-PC23,1057532-5603-SE25
1057532-197-PC23,1057532-609-SE24
1057532-197-PC23,1057532-4864-SE25
1057532-197-PC23,1057532-5175-SE25
1057532-197-PC23,1057532-5402-SE25
1057532-197-PC23,1057532-5604-SE25
1057532-202-PC23,1057532-2171-SE23
1057532-202-PC23,1057532-507-SE24
1057532-202-PC23,1057532-1298-SE23
1057532-202-PC23,1057532-785-SE24
1057532-205-PC23,1057532-1392-SE23
1057532-205-PC23,1057532-1594-SE23
1057532-205-PC23,1057532-1823-SE23
1057532-205-PC23,1057532-2106-SE23
1057727-13-PC23,1057727-43-AG23
1057727-13-PC23,1057727-50-AG23
1057727-13-PC23,1057727-17-AG23
1057727-13-PC23,1057727-24-AG23
1057727-13-PC23,1057727-19-AG23
1057727-13-PC23,1057727-54-AG23
1057727-13-PC23,1057727-9-AG23
1057727-13-PC23,1057727-11-AG23
1057727-13-PC23,1057727-71-AG23
1057727-13-PC23,1057727-14-AG23
1057727-13-PC23,1057727-45-AG23
1057727-13-PC23,1057727-30-AG23
1057727-13-PC23,1057727-20-AG23
1057727-13-PC23,1057727-29-AG23
1057727-13-PC23,1057727-64-AG23
1057727-13-PC23,1057727-39-AG23
1057532-206-PC23,1057532-2232-SE23
1057532-206-PC23,1057532-2231-SE23
1057532-208-PC23,1057532-1199-SE23
1057532-208-PC23,1057532-1819-SE23
1057532-208-PC23,1057532-2119-SE23
1057532-208-PC23,1057532-317-SE24
1057532-208-PC23,1057532-1403-SE23
1057532-208-PC23,1057532-1603-SE23
1057532-208-PC23,1057532-209-SE23
1057532-208-PC23,1057532-4194-SE25
1057532-208-PC23,1057532-316-SE23
1057532-208-PC23,1057532-2111-SE25
1057532-208-PC23,1057532-4193-SE25
1057532-209-PC23,1057532-318-SE24
1057532-209-PC23,1057532-2116-SE23
1057532-209-PC23,1057532-11-SE26
1057532-209-PC23,1057532-1818-SE23
1057532-209-PC23,1057532-898-SE24
1057532-209-PC23,1057532-1146-SE24
1057532-209-PC23,1057532-1402-SE23
1057532-209-PC23,1057532-1601-SE23
1057532-209-PC23,1057532-1200-SE23
1077241-3-PC23,1077241-6-SE24
1077241-3-PC23,1077241-1-SE24
1077241-3-PC23,1077241-70-SE23
1077241-3-PC23,1077241-40-SE23
1077241-3-PC23,1077241-91-SE23
1077241-3-PC23,1077241-28-SE24
1077241-3-PC23,1077241-54-SE23
1077241-3-PC23,1077241-7-SE24
1057976-31-PC23,1057976-23-SE23
1057976-33-PC23,1057976-16-SE23
1057976-35-PC23,1057976-30-SE23
1057976-38-PC23,1057976-22-SE23
1057976-41-PC23,1057976-15-SE23
1057532-77-PC24,1057532-1438-AG24
1057532-77-PC24,1057532-439-CM24
1057532-77-PC24,1077241-65-AG24
1057532-77-PC24,1057532-912-CM24
1057532-77-PC24,1057532-215-AG24
1057532-77-PC24,1057532-862-CM24
1057532-77-PC24,1057532-1285-AG24
1057532-77-PC24,1057532-4377-AG25
1057532-77-PC24,1057532-863-CM24
1057532-77-PC24,1057532-438-CM24
1057532-77-PC24,1057532-293-AG26
1057532-77-PC24,1057532-448-AG24
1057532-77-PC24,1057532-885-CM24
1057532-78-PC24,1057532-1333-AG24
1057532-79-PC24,1057532-855-SE24
1057532-79-PC24,1057532-708-AG24
1057532-79-PC24,1057532-1747-AG24
1057532-79-PC24,1057532-1679-AG24
1057532-79-PC24,1057532-297-AG24
1057532-79-PC24,1057532-1502-AG24
1057532-79-PC24,1057532-292-AG24
1057532-79-PC24,1057532-1910-AG24
1057532-79-PC24,1057532-1449-AG24
1057532-79-PC24,1057532-821-AG24
1057532-79-PC24,1057532-370-AG24
1057532-79-PC24,1057532-2091-SE24
1057532-79-PC24,1057532-1649-SE24
1057532-79-PC24,1057532-1232-AG24
1057532-79-PC24,1057532-1437-AG24
1057532-79-PC24,1057532-1442-AG24
1057532-79-PC24,1057532-338-AG24
1057532-79-PC24,1057532-1402-AG24
1057532-79-PC24,1057532-380-AG24
1057532-79-PC24,1057532-1444-AG24
1057532-79-PC24,1057532-1582-AG24
1057532-79-PC24,1057532-486-AG24
1057532-79-PC24,1057532-707-AG24
1057532-79-PC24,1057532-433-AG24
1057532-79-PC24,1057532-660-AG24
1057532-79-PC24,1057532-406-AG24
1057532-79-PC24,1057532-434-AG24
1057532-79-PC24,1057532-679-AG24
1057532-79-PC24,1057532-1372-AG24
1057532-79-PC24,1057532-1201-AG24
1057532-79-PC24,1057532-1534-AG24
1057532-79-PC24,1057532-483-AG24
1057532-79-PC24,1057532-523-AG24
1057532-79-PC24,1057532-1543-AG24
1057532-79-PC24,1057532-1538-AG24
1057532-80-PC24,1057532-627-SE24
1057532-81-PC24,1077241-37-AG24
1057532-83-PC24,1077241-12-SE25
1057532-83-PC24,1077241-67-AG24
1057532-83-PC24,1077241-11-SE25
1057532-83-PC24,1077241-13-SE25
1057532-83-PC24,1077241-10-SE25
1057532-83-PC24,1077241-8-SE25
1057532-83-PC24,1077241-72-AG24
1057532-83-PC24,1077241-16-SE25
1057532-83-PC24,1077241-70-AG24
1057532-83-PC24,1077241-14-SE25
1057532-83-PC24,1077241-15-SE25
1057532-83-PC24,1077241-162-AG24
1057532-83-PC24,1077241-9-SE25
1057532-83-PC24,1077241-7-SE25
1057532-83-PC24,1077241-68-AG24
1057532-83-PC24,1077241-69-AG24
1057532-83-PC24,1077241-17-SE25
1057532-83-PC24,1077241-6-SE25
1057532-86-PC24,1057532-736-AG24
1057532-86-PC24,1057532-1114-AG24
1057532-87-PC24,1057532-1314-AG24
1057532-87-PC24,1057532-1485-AG24
1057532-88-PC24,1057532-1689-AG24
1057532-88-PC24,1057532-1450-AG24
1057532-89-PC24,1057532-1572-AG24
1057532-89-PC24,1057532-1503-AG24
1057532-89-PC24,1057532-1666-AG24
1057532-90-PC24,1057532-1260-AG24
1057532-90-PC24,1057532-1188-AG24
1057922-22-PC24,1077241-195-SE24
1057922-22-PC24,1077241-153-SE24
1057532-92-PC24,1077241-103-AG24
1057532-92-PC24,1077241-29-AG24
1057532-92-PC24,1077241-27-AG24
1057532-92-PC24,1077241-17-AG24
1057532-92-PC24,1077241-101-AG24
1057532-92-PC24,1077241-21-AG24
1057532-92-PC24,1077241-13-AG24
1057532-92-PC24,1077241-112-AG24
1057532-92-PC24,1077241-35-AG24
1057532-92-PC24,1077241-74-CM24
1057532-92-PC24,1077241-30-AG24
1057532-92-PC24,1077241-18-AG24
1057532-92-PC24,1077241-92-AG24
1057532-92-PC24,1077241-99-AG24
1057532-92-PC24,1077241-20-AG24
1057532-92-PC24,1077241-22-AG24
1057532-92-PC24,1077241-77-CM24
1057532-93-PC24,1057532-803-CM24
1057532-95-PC24,1057532-489-AG24
1057532-95-PC24,1057532-230-AG24
1057532-96-PC24,1057532-245-AG24
1057532-96-PC24,1057532-1487-AG24
1057532-97-PC24,1057532-556-AG24
1057532-98-PC24,1057532-919-AG24
1057532-98-PC24,1057532-927-AG24
1057532-99-PC24,1057532-1783-AG24
1057532-99-PC24,1057532-1839-AG24
1057532-99-PC24,1057532-1826-AG24
1057532-99-PC24,1057532-2025-AG24
1057532-100-PC24,1057532-625-SE24
1057532-100-PC24,1057532-2169-SE24
1057532-100-PC24,1057532-1418-SE24
1057532-100-PC24,1057532-1237-SE24
1057532-100-PC24,1057532-1235-SE24
1057532-100-PC24,1057532-1233-SE24
1057532-100-PC24,1057532-1238-SE24
1057532-100-PC24,1057532-1699-SE24
1057532-100-PC24,1057532-624-SE24
1057532-100-PC24,1057532-682-SE24
1057532-101-PC24,1057532-1524-SE24
1057532-102-PC24,1057532-710-SE24
1057532-102-PC24,1057532-1345-CC24
1057532-102-PC24,1057532-1160-SE24
1057532-102-PC24,1057532-2190-CC24
1057532-102-PC24,1057532-1928-CC24
1057532-102-PC24,1057532-1918-SE24
1057532-102-PC24,1057532-2240-AG24
1057532-102-PC24,1057532-1919-SE24
1057532-102-PC24,1057532-1930-CC24
1057532-103-PC24,1057532-1591-AG24
1057532-103-PC24,1057532-739-AG24
1057532-104-PC24,1057532-484-SE24
1057532-104-PC24,1057532-2222-SE24
1057532-104-PC24,1057532-1039-SE24
1057532-104-PC24,1057532-2234-AG24
1057532-104-PC24,1057532-216-AG24
1057532-104-PC24,1057532-85-AG25
1057532-104-PC24,1057532-145-AG24
1057532-104-PC24,1057532-170-CM24
1057532-104-PC24,1057532-1681-SE24
1057532-104-PC24,1057532-2076-SE24
1057532-104-PC24,1057532-123-SE24
1057532-104-PC24,1057532-688-SE24
1057532-104-PC24,1057532-205-SE24
1057532-104-PC24,1057532-1870-SE24
1057532-104-PC24,1057532-268-SE24
1057532-104-PC24,1057532-872-SE24
1057532-104-PC24,1057532-398-AG24
1057532-104-PC24,1057532-1433-SE24
1057532-104-PC24,1057532-1277-SE24
1057532-104-PC24,1057532-94-AG25
1057532-105-PC24,1057532-1481-CM24
1057532-105-PC24,1057532-3961-SE25
1057532-105-PC24,1057532-4959-SE25
1057532-105-PC24,1057532-410-SE24
1057532-105-PC24,1057532-5581-SE25
1057532-107-PC24,1057532-1250-SE24
1057532-107-PC24,1057532-1147-SE24
1057532-107-PC24,1057532-1497-SE24
1057532-107-PC24,1057532-1104-SE24
1057532-107-PC24,1057532-203-SE24
1057532-107-PC24,1057532-541-SE24
1057532-107-PC24,1057532-893-SE24
1057532-109-PC24,1057532-685-AG24
1057532-110-PC24,1077241-111-AG24
1057532-110-PC24,1077241-110-AG24
1057532-111-PC24,1057532-935-AG24
1057532-111-PC24,1057532-1142-AG24
1057532-112-PC24,1057532-277-AG24
1057532-113-PC24,1057532-275-AG24
1057532-114-PC24,1057532-2106-AG24
1057532-114-PC24,1057532-1700-AG24
1057532-114-PC24,1057532-1688-AG24
1057532-114-PC24,1057532-1684-AG24
1057532-114-PC24,1057532-1709-AG24
1057532-114-PC24,1057532-1705-AG24
1057532-114-PC24,1057532-1976-AG24
1057532-114-PC24,1057532-1708-AG24
1057532-114-PC24,1057532-1968-AG24
1057532-116-PC24,1077241-56-SE25
1057532-116-PC24,1057532-3987-SE25
1057532-116-PC24,1077241-36-SE25
1057532-116-PC24,1077241-4-SE24
1057532-116-PC24,1057532-335-SE24
1057532-116-PC24,1077241-85-SE24
1057532-116-PC24,1057532-456-SE24
1057532-116-PC24,1077241-42-SE25
1057532-116-PC24,1077241-3-SE24
1057532-116-PC24,1057532-3983-SE25
1057532-116-PC24,1077241-37-SE25
1057532-116-PC24,1057532-4769-SE25
1057532-116-PC24,1077241-67-SE25
1057532-116-PC24,1077241-75-SE25
1057532-119-PC24,1057532-1541-AG24
1057532-120-PC24,1057532-453-AG24
1057532-120-PC24,1057532-1540-AG24
1057532-121-PC24,1057532-1626-AG24
1057532-121-PC24,1057532-1806-AG24
1057532-122-PC24,1057532-1448-AG24
1057532-122-PC24,1057532-1439-AG24
1057532-122-PC24,1057532-1455-AG24
1057532-122-PC24,1057532-1440-AG24
1057532-123-PC24,1057532-280-AG24
1057532-124-PC24,1057532-301-AG24
1057532-125-PC24,1057532-536-AG24
1057532-127-PC24,1057532-354-AG24
1057532-128-PC24,1057532-1579-AG24
1057532-128-PC24,1057532-1407-AG24
1057727-14-PC24,1057727-73-SE24
1057727-14-PC24,1057727-74-SE24
1057727-17-PC24,1057727-37-AG24
1057532-132-PC24,1057532-1490-AG24
1057532-132-PC24,1057532-1491-AG24
1057532-133-PC24,1057532-666-AG24
1057532-134-PC24,1057532-2027-AG24
1057532-137-PC24,1057532-681-AG24
1057532-137-PC24,1057532-743-AG24
1057976-22-PC24,1180747-3-SE24
1057976-22-PC24,1180747-6-SE24
1057532-140-PC24,1057532-1722-AG24
1057532-140-PC24,1057532-1573-AG24
1057532-140-PC24,1057532-1668-AG24
1057532-141-PC24,1057532-355-AG24
1057532-141-PC24,1057532-1216-AG24
1057532-142-PC24,1057532-1894-AG24
1057532-145-PC24,1057532-639-SE24
1057532-145-PC24,1057532-637-SE24
1057532-145-PC24,1057532-638-SE24
1057532-145-PC24,1057532-807-CC24
1057532-145-PC24,1057532-1568-AG24
1057532-145-PC24,1057532-852-SE24
1057532-145-PC24,1057532-972-SE24
1057532-145-PC24,1057532-971-SE24
1057532-145-PC24,1057532-973-SE24
1057532-146-PC24,1057532-91-SE24
1057532-147-PC24,1057532-700-AG24
1057532-149-PC24,1057532-356-AG24
1057532-149-PC24,1057532-376-AG24
1057532-149-PC24,1057532-392-AG24
1057532-149-PC24,1057532-492-AG24
1057532-151-PC24,1057532-1587-AG24
1057532-151-PC24,1057532-1639-AG24
1057532-156-PC24,1057532-5048-SE25
1057532-156-PC24,1057532-4046-SE25
1057532-156-PC24,1057532-4041-SE25
1057532-156-PC24,1057532-4217-SE25
1057532-156-PC24,1057532-268-SE25
1057532-156-PC24,1057532-271-SE25
1057532-156-PC24,1057532-5493-SE25
1057532-156-PC24,1057532-4047-SE25
1057532-156-PC24,1057532-5492-SE25
1057532-156-PC24,1057532-4215-SE25
1057532-156-PC24,1057532-4050-SE25
1057532-156-PC24,1057532-267-SE25
1057532-156-PC24,1057532-5051-SE25
1057532-156-PC24,1057532-270-SE25
1057532-156-PC24,1057532-272-SE25
1057532-156-PC24,1057532-266-SE25
1057532-156-PC24,1057532-59-SE26
1057532-156-PC24,1057532-4048-SE25
1057532-156-PC24,1057532-5678-SE25
1057532-156-PC24,1057532-79-SE25
1057532-156-PC24,1057532-5676-SE25
1057532-156-PC24,1057532-5049-SE25
1057532-156-PC24,1057532-4040-SE25
1057532-156-PC24,1057532-4214-SE25
1057532-156-PC24,1057532-75-SE25
1057532-156-PC24,1057532-5497-SE25
1057532-156-PC24,1057532-56-SE26
1057532-156-PC24,1057532-4051-SE25
1057532-156-PC24,1057532-5491-SE25
1057532-156-PC24,1057532-4212-SE25
1057532-156-PC24,1057532-5047-SE25
1057532-156-PC24,1057532-269-SE25
1057532-156-PC24,1057532-77-SE25
1057532-156-PC24,1057532-4213-SE25
1057532-156-PC24,1057532-5052-SE25
1057532-156-PC24,1057532-5280-SE25
1057532-156-PC24,1057532-60-SE26
1057532-156-PC24,1057532-5279-SE25
1057532-156-PC24,1057532-5677-SE25
1057532-156-PC24,1057532-5276-SE25
1057532-156-PC24,1057532-61-SE26
1057532-156-PC24,1057532-62-SE26
1057532-156-PC24,1057532-5682-SE25
1057532-156-PC24,1057532-5680-SE25
1057532-156-PC24,1057532-5046-SE25
1057532-156-PC24,1057532-4218-SE25
1057532-156-PC24,1057532-4216-SE25
1057532-156-PC24,1057532-57-SE26
1057532-156-PC24,1057532-78-SE25
1057532-156-PC24,1057532-5277-SE25
1057532-156-PC24,1057532-5281-SE25
1057532-156-PC24,1057532-5679-SE25
1057532-156-PC24,1057532-5050-SE25
1057532-156-PC24,1057532-5496-SE25
1057532-156-PC24,1057532-5494-SE25
1057532-156-PC24,1057532-5681-SE25
1057532-156-PC24,1057532-5278-SE25
1057532-156-PC24,1057532-76-SE25
1057532-156-PC24,1057532-5282-SE25
1057532-156-PC24,1057532-5495-SE25
1057532-156-PC24,1057532-58-SE26
1057532-157-PC24,1057532-745-AG24
1057532-158-PC24,1057532-846-SE24
1057532-160-PC24,1057532-447-AG24
1057532-160-PC24,1057532-1363-AG24
1057532-163-PC24,1057532-1544-SE24
1057532-164-PC24,1057532-658-AG24
1057532-165-PC24,1057532-1547-AG24
1057532-165-PC24,1057532-1567-AG24
1057532-165-PC24,1057532-1566-AG24
1057532-166-PC24,1057532-1018-CM24
1057532-166-PC24,1057532-1301-SE24
1057532-166-PC24,1057532-1302-SE24
1057532-166-PC24,1057532-1300-SE24
1057532-168-PC24,1057532-978-SE24
1057532-168-PC24,1057532-977-SE24
1057532-169-PC24,1057532-269-AG24
1057532-170-PC24,1057532-928-AG24
1057532-171-PC24,1057532-488-AG24
1057532-171-PC24,1057532-954-AG24
1057532-173-PC24,1057532-498-AG24
1057532-173-PC24,1057532-497-AG24
1057532-173-PC24,1057532-534-AG24
1057532-174-PC24,1057532-174-CM24
1057532-174-PC24,1057532-747-AG24
1057532-174-PC24,1057532-748-AG24
1057532-174-PC24,1057532-425-AG24
1057532-176-PC24,1057532-442-AG24
1057532-176-PC24,1057532-953-AG24
1057532-178-PC24,1057532-217-AG24
1057532-181-PC24,1057532-218-AG24
1057532-181-PC24,1057532-1289-AG24
1057532-181-PC24,1057532-2101-AG24
1057532-183-PC24,1057532-1456-AG24
1057532-185-PC24,1057532-680-AG24
1057532-186-PC24,1057532-1653-AG24
1057532-186-PC24,1077241-108-AG24
1057532-189-PC24,1057532-832-AG24
1057532-189-PC24,1077241-16-AG24
1057532-189-PC24,1057532-848-AG24
1057532-190-PC24,1057532-819-AG24
1057532-190-PC24,1057532-427-AG24
1057532-190-PC24,1057532-1756-AG24
1057532-191-PC24,1077241-11-SE24
1057532-194-PC24,1057532-1157-AG24
1057532-194-PC24,1057532-1125-AG24
1057532-194-PC24,1057532-1263-AG24
1057532-198-PC24,1057532-1673-AG24
1057532-198-PC24,1057532-1661-AG24
1057532-201-PC24,1057532-914-AG24
1057532-201-PC24,1057532-920-AG24
1057532-201-PC24,1057532-923-AG24
1057532-202-PC24,1057532-485-AG24
1057532-202-PC24,1057532-903-AG24
1057532-202-PC24,1057532-454-AG24
1057532-202-PC24,1057532-641-AG24
1057532-202-PC24,1057532-381-AG24
1057532-202-PC24,1057532-175-AG24
1057532-202-PC24,1057532-1390-AG24
1057532-202-PC24,1057532-314-SE24
1057532-202-PC24,1057532-5416-AG25
1057532-202-PC24,1057532-1436-AG24
1057532-202-PC24,1057532-313-SE24
1057532-202-PC24,1057532-4993-AG25
1057532-202-PC24,1057532-958-AG24
1057532-202-PC24,1057532-4208-AG25
1057532-202-PC24,1057532-1122-AG24
1057532-202-PC24,1057532-4122-AG25
1057532-202-PC24,1057532-4139-AG25
1057532-202-PC24,1057532-4052-SE25
1057532-202-PC24,1057532-443-AG24
1057532-202-PC24,1057532-4557-AG25
1057532-202-PC24,1057532-5524-SE25
1057532-202-PC24,1057532-854-AG24
1057532-202-PC24,1057532-1589-AG24
1057532-202-PC24,1057532-4230-AG25
1057532-202-PC24,1057532-887-AG24
1057532-202-PC24,1057532-996-AG24
1057532-202-PC24,1057532-4765-AG25
1057532-202-PC24,1057532-4258-AG25
1057532-202-PC24,1057532-337-SE24
1057532-202-PC24,1057532-1865-AG24
1057532-204-PC24,1077241-105-AG24
1057532-205-PC24,1057532-1182-AG24
1057532-205-PC24,1057532-1213-AG24
1057532-205-PC24,1057532-1183-AG24
1057532-206-PC24,1077241-150-TD25
1057532-206-PC24,1077241-141-SE24
1057532-207-PC24,1057532-1751-SE24
1057532-207-PC24,1057532-1167-SE24
1057532-207-PC24,1057532-924-SE24
1057532-207-PC24,1057532-1155-SE24
1057532-207-PC24,1057532-4523-SE25
1057532-207-PC24,1057532-358-SE24
1057532-207-PC24,1057532-1168-SE24
1057532-207-PC24,1057532-1537-SE24
1057532-207-PC24,1057532-359-SE24
1057532-207-PC24,1057532-1338-SE24
1057532-207-PC24,1057532-1005-SE24
1057532-207-PC24,1057532-1006-SE24
1057532-207-PC24,1057532-1365-SE24
1057532-207-PC24,1057532-329-SE24
1057532-207-PC24,1057532-1750-SE24
1057532-207-PC24,1057532-1967-SE24
1057532-207-PC24,1057532-235-SE24
1057532-207-PC24,1057532-1966-SE24
1057532-207-PC24,1057532-4205-SE25
1057532-207-PC24,1057532-1957-SE24
1057532-207-PC24,1057532-4709-SE25
1057532-207-PC24,1057532-2222-SE23
1057532-207-PC24,1057532-3953-SE25
1057532-207-PC24,1057532-236-SE24
1057532-207-PC24,1057532-694-SE24
1057532-207-PC24,1057532-4354-SE25
1057532-207-PC24,1057532-4890-SE25
1057532-209-PC24,1057532-1936-AG24
1057532-209-PC24,1057532-796-AG24
1057532-209-PC24,1057532-1193-AG24
1057532-209-PC24,1057532-1896-AG24
1057532-210-PC24,1057532-1911-AG24
1057532-212-PC24,1057532-1198-AG24
1057532-212-PC24,1077241-19-AG24
1057532-212-PC24,1057532-1400-AG24
1057532-212-PC24,1077241-164-AG24
1057532-212-PC24,1077241-198-AG24
1057532-213-PC24,1057532-2221-AG24
1057532-213-PC24,1057532-367-AG24
1057532-213-PC24,1057532-1883-AG24
1057532-214-PC24,1057532-758-SE24
1057532-214-PC24,1057532-1105-SE24
1057532-214-PC24,1057532-925-SE24
1057727-19-PC24,1057727-29-AG24
1057727-19-PC24,1057727-13-AG24
1057727-19-PC24,1057727-18-AG24
1057727-19-PC24,1057727-42-AG24
1057727-19-PC24,1057727-10-AG24
1057727-19-PC24,1057727-68-AG24
1057727-19-PC24,1057727-72-AG24
1057727-19-PC24,1057727-11-AG24
1057727-19-PC24,1057727-52-AG24
1057727-19-PC24,1057727-17-AG24
1057727-19-PC24,1057727-12-AG24
1057727-19-PC24,1057727-16-AG24
1057727-19-PC24,1057727-71-AG24
1057727-19-PC24,1057727-70-SE24
1057727-19-PC24,1057727-33-AG24
1057727-19-PC24,1057727-6-AG24
1057727-19-PC24,1057727-43-AG24
1057727-19-PC24,1057727-50-AG24
1057727-19-PC24,1057727-23-AG24
1057727-19-PC24,1057727-27-AG24
1057727-19-PC24,1057727-30-AG24
1057727-19-PC24,1057727-32-AG24
1057727-19-PC24,1057727-53-AG24
1057727-19-PC24,1057727-7-AG24
1057532-215-PC24,1057532-1103-AG24
1057532-215-PC24,1057532-2103-AG24
1057532-215-PC24,1057532-2147-AG24
1057532-215-PC24,1057532-1111-AG24
1057532-215-PC24,1057532-2108-AG24
1057532-215-PC24,1057532-1507-AG24
1057532-215-PC24,1057532-563-AG24
1057532-215-PC24,1057532-537-AG24
1180747-5-PC24,1077241-44-SE24
1057532-216-PC24,1057922-136-AG24
1057532-216-PC24,1057532-1492-SE24
1057532-216-PC24,1057532-750-AG24
1057532-216-PC24,1057532-1704-SE24
1057532-216-PC24,1057532-1211-SE24
1057532-216-PC24,1057532-540-AG24
1057532-216-PC24,1057532-550-AG24
1057532-216-PC24,1057532-552-AG24
1057532-216-PC24,1057532-1280-SE24
1057532-216-PC24,1057532-1660-SE24
1057532-216-PC24,1057532-1373-SE24
1057532-216-PC24,1057532-2040-SE24
1057532-216-PC24,1057532-2037-SE24
1057532-216-PC24,1057532-2038-SE24
1057532-216-PC24,1057532-1405-SE24
1057532-216-PC24,1057532-1685-SE24
1057532-216-PC24,1057532-308-AG24
1057532-216-PC24,1057532-549-SE24
1057532-216-PC24,1057532-2039-SE24
1057532-216-PC24,1057532-546-AG24
1057532-216-PC24,1057532-437-AG24
1057532-216-PC24,1057532-555-AG24
1057532-216-PC24,1057532-1115-AG24
1057532-216-PC24,1057532-272-AG24
1057532-216-PC24,1057532-260-AG24
1057532-216-PC24,1057532-262-AG24
1057532-216-PC24,1057532-530-AG24
1057532-216-PC24,1057532-2194-CM24
1057532-216-PC24,1057532-626-CM24
1057532-216-PC24,1057532-1872-AG24
1057532-216-PC24,1057532-2080-AG24
1057532-217-PC24,1057532-1675-SE24
1057532-217-PC24,1057532-302-SE24
1057532-217-PC24,1057532-303-SE24
1057532-217-PC24,1057532-1254-SE24
1057532-217-PC24,1057532-306-SE24
1057532-217-PC24,1057532-305-SE24
1057532-217-PC24,1057532-304-SE24
1057532-217-PC24,1057532-305-SE25
1057532-217-PC24,1057532-2196-SE24
1057532-217-PC24,1057532-303-SE25
1057532-217-PC24,1057532-1833-SE24
1057532-217-PC24,1057532-1958-SE24
1057532-217-PC24,1057532-1253-SE24
1057532-217-PC24,1057532-1671-SE24
1057532-217-PC24,1057532-4699-SE25
1057532-217-PC24,1057532-3977-SE25
1057532-217-PC24,1057532-5168-SE25
1057532-217-PC24,1057532-301-SE25
1057532-217-PC24,1057532-4758-SE25
1057532-217-PC24,1057532-300-SE25
1057532-217-PC24,1057532-245-SE25
1057532-217-PC24,1057532-304-SE25
1057532-217-PC24,1057532-4373-SE25
1057532-217-PC24,1057532-4681-SE25
1057532-217-PC24,1057532-5635-SE25
1057532-217-PC24,1057532-413-SE24
1057532-217-PC24,1057532-5370-SE25
1057532-217-PC24,1057532-1642-SE24
1057532-217-PC24,1057532-4906-SE25
1057532-217-PC24,1057532-5218-SE25
1057532-217-PC24,1057532-1535-SE24
1057532-217-PC24,1057532-36-SE25
1057532-217-PC24,1057532-1536-SE24
1057532-217-PC24,1057532-5221-SE25
1057532-217-PC24,1057532-4575-SE25
1057532-217-PC24,1057532-4374-SE25
1057532-217-PC24,1057532-5217-SE25
1057532-217-PC24,1057532-5220-SE25
1057532-217-PC24,1057532-5216-SE25
1057532-217-PC24,1057532-560-SE24
1057532-217-PC24,1057532-5219-SE25
1057532-217-PC24,1057532-1102-SE24
1057532-217-PC24,1057532-1098-SE24
1057532-217-PC24,1057532-1101-SE24
1057532-217-PC24,1057532-4625-SE25
1057532-217-PC24,1057532-1099-SE24
1057532-217-PC24,1057532-1577-SE24
1057532-217-PC24,1057532-4819-SE25
1057532-217-PC24,1057532-4468-SE25
1057532-217-PC24,1057532-4623-SE25
1057532-217-PC24,1057532-4117-SE25
1057532-217-PC24,1057532-1217-SE24
1057532-217-PC24,1057532-809-SE24
1057532-217-PC24,1057532-4624-SE25
1057532-217-PC24,1057532-4626-SE25
1057532-217-PC24,1057532-1100-SE24
1057532-217-PC24,1057532-5199-SE25
1057532-217-PC24,1057532-4622-SE25
1057532-217-PC24,1057532-5430-SE25
1057532-217-PC24,1057532-5084-SE25
1057532-217-PC24,1057532-1476-SE24
1057532-217-PC24,1057532-1531-SE24
1057532-217-PC24,1057532-1478-SE24
1057532-217-PC24,1057532-1477-SE24
1057532-217-PC24,1057532-1475-SE24
1057532-217-PC24,1057532-5088-SE25
1057532-217-PC24,1057532-5030-SE25
1057532-217-PC24,1057532-1474-SE24
1057532-217-PC24,1057532-5085-SE25
1057532-217-PC24,1057532-859-SE24
1057532-217-PC24,1057532-5086-SE25
1057532-217-PC24,1057532-5087-SE25
1057532-217-PC24,1057532-4913-SE25
1057532-217-PC24,1057532-168-SE24
1057532-217-PC24,1057532-5659-SE25
1057532-217-PC24,1057532-5636-SE25
1057532-217-PC24,1057532-4078-SE25
1057532-217-PC24,1057532-1240-SE24
1057532-217-PC24,1057532-4560-SE25
1057532-217-PC24,1057532-2074-SE24
1057532-217-PC24,1057532-4471-SE25
1057532-217-PC24,1057532-5461-SE25
1057532-217-PC24,1057532-602-SE24
1057532-217-PC24,1057532-642-AG24
1057532-217-PC24,1057532-645-AG24
1057532-217-PC24,1057532-1960-SE24
1057532-217-PC24,1057532-1920-SE24
1057532-217-PC24,1057532-295-AG25
1057532-217-PC24,1057532-121-SE25
1057532-217-PC24,1057532-1790-SE24
1057532-217-PC24,1057532-122-SE25
1057532-217-PC24,1057532-124-SE25
1057532-217-PC24,1057532-1139-AG24
1057532-217-PC24,1057532-123-SE25
1057532-217-PC24,1057532-297-AG25
1057532-217-PC24,1057532-296-AG25
1057532-217-PC24,1057532-2114-SE25
1057532-217-PC24,1057532-1798-SE24
1057532-217-PC24,1057532-1059-SE24
1057532-217-PC24,1057532-4888-SE25
1057532-217-PC24,1057532-5569-SE25
1057532-217-PC24,1057532-2107-SE25
1057532-217-PC24,1057532-4123-SE25
1057532-217-PC24,1057532-1257-SE24
1057532-219-PC24,1057532-327-CM24
1057532-221-PC24,1057532-1014-SE24
1057532-225-PC24,1057532-558-AG24
1057532-225-PC24,1057532-559-AG24
1057532-225-PC24,1057532-640-AG24
1057532-226-PC24,1057532-2044-AG24
1057532-226-PC24,1057532-2046-AG24
1057532-226-PC24,1057532-2045-AG24
1057532-227-PC24,1057532-137-AG24
1057532-228-PC24,1057532-221-AG24
1057532-229-PC24,1077241-23-AG24
1057532-229-PC24,1077241-24-AG24
1057532-229-PC24,1077241-26-AG24
1057532-230-PC24,1057532-1690-AG24
1057532-230-PC24,1057532-1404-AG24
1057532-230-PC24,1057532-1369-AG24
1057532-230-PC24,1057532-1342-AG24
1057532-231-PC24,1057532-813-AG24
1057532-231-PC24,1057532-781-AG24
1057532-231-PC24,1057532-812-AG24
1057532-231-PC24,1057532-827-AG24
1057532-231-PC24,1057532-779-AG24
1057532-231-PC24,1057532-755-AG24
1057532-231-PC24,1057532-826-AG24
1057532-232-PC24,1057532-417-AG24
1057532-232-PC24,1057532-415-AG24
1057532-232-PC24,1057532-430-AG24
1057532-232-PC24,1057532-416-AG24
1057532-233-PC24,1057532-1606-AG24
1057532-233-PC24,1057532-390-SE24
1057532-233-PC24,1057532-1584-AG24
1057532-233-PC24,1057532-389-SE24
1057532-233-PC24,1057532-457-SE24
1057532-233-PC24,1057532-388-SE24
1057532-233-PC24,1057532-1781-AG24
1057532-235-PC24,1057532-181-AG24
1057532-235-PC24,1057532-209-AG24
1057532-236-PC24,1057532-870-AG24
1057532-236-PC24,1057532-561-AG24
1057532-236-PC24,1057532-873-AG24
1057532-236-PC24,1057532-968-AG24
1057532-236-PC24,1057532-816-AG24
1057532-236-PC24,1057532-874-AG24
1057532-236-PC24,1057532-853-AG24
1057532-236-PC24,1057532-418-AG24
1057532-236-PC24,1057532-875-AG24
1057532-237-PC24,1057532-1108-AG24
1057532-239-PC24,1057532-1306-AG24
1057532-240-PC24,1077241-138-AG24
1057532-240-PC24,1077241-51-AG24
1057532-240-PC24,1077241-118-AG24
1057532-240-PC24,1077241-126-AG24
1057532-240-PC24,1077241-76-AG24
1057532-240-PC24,1057532-1760-AG24
1057532-240-PC24,1077241-123-AG24
1057532-240-PC24,1057532-1197-AG24
1057532-240-PC24,1077241-148-AG24
1057532-240-PC24,1077241-46-AG24
1057532-240-PC24,1057532-1159-AG24
1057532-240-PC24,1077241-50-AG24
1057532-240-PC24,1077241-217-AG24
1057532-240-PC24,1077241-119-AG24
1057532-240-PC24,1077241-120-AG24
1057532-240-PC24,1077241-75-AG24
1057532-240-PC24,1077241-66-AG24
1057532-240-PC24,1077241-142-AG24
1057532-240-PC24,1077241-71-AG24
1057532-240-PC24,1077241-186-AG24
1057532-240-PC24,1077241-52-AG24
1057532-240-PC24,1077241-61-AG24
1057532-242-PC24,1057532-1510-AG24
1057532-245-PC24,1057532-1215-AG24
1057532-247-PC24,1077241-9-SE24
1057532-249-PC24,1057532-1565-AG24
1057532-249-PC24,1057727-20-AG24
1057532-249-PC24,1057727-19-AG24
1057532-250-PC24,1057532-207-AG24
1057532-250-PC24,1057532-208-AG24
1057532-2-PC24,1057532-1808-AG24
1057532-2-PC24,1057532-1499-AG24
1057532-2-PC24,1057532-720-AG24
1057532-2-PC24,1057532-1811-AG24
1057532-2-PC24,1057532-1501-AG24
1057532-2-PC24,1057532-864-AG24
1057922-1-PC24,1057922-166-CM24
1057922-1-PC24,1057922-34-SE24
1057922-1-PC24,1057922-37-AG24
1057922-1-PC24,1057922-41-AG24
1057922-1-PC24,1057922-187-AG24
1057922-1-PC24,1057922-39-AG24
1057922-1-PC24,1057922-19-AG24
1057922-1-PC24,1057922-43-AG24
1057922-1-PC24,1057922-22-AG24
1057922-1-PC24,1057922-49-AG24
1057922-1-PC24,1057922-46-AG24
1057922-1-PC24,1057922-186-AG24
1057922-1-PC24,1057922-168-SE24
1057922-1-PC24,1057922-62-SE24
1057922-1-PC24,1057922-23-AG24
1057922-1-PC24,1057922-38-AG24
1057922-1-PC24,1057922-50-AG24
1057922-1-PC24,1057922-20-AG24
1057922-1-PC24,1057922-48-AG24
1057922-1-PC24,1057922-61-CM24
1057922-1-PC24,1057922-55-SE24
1057922-1-PC24,1057922-35-SE24
1057922-1-PC24,1057922-145-SE24
1057922-1-PC24,1057922-18-AG24
1057922-1-PC24,1057922-141-AG24
1057922-1-PC24,1057922-17-AG24
1057922-1-PC24,1057922-53-SE24
1057922-1-PC24,1057922-24-AG24
1057922-1-PC24,1057922-51-AG24
1057922-1-PC24,1057922-54-SE24
1057922-1-PC24,1057922-79-SE24
1057922-1-PC24,1057922-174-SE24
1057922-1-PC24,1057922-21-AG24
1057922-1-PC24,1057922-42-AG24
1057922-1-PC24,1057922-56-SE24
1057922-1-PC24,1057922-78-SE24
1057922-1-PC24,1057922-57-SE24
1057922-1-PC24,1057922-47-AG24
1057532-5-PC24,1057532-2163-SE24
1057532-5-PC24,1057532-43-SE25
1057532-6-PC24,1057532-1554-SE24
1057532-6-PC24,1057532-1244-SE24
1057532-6-PC24,1057532-1241-SE24
1057532-6-PC24,1057532-1243-SE24
1057532-6-PC24,1057532-4269-SE25
1057532-6-PC24,1057532-1249-SE24
1057532-6-PC24,1057532-4745-SE25
1057532-6-PC24,1057532-4397-SE25
1057532-6-PC24,1057532-4142-SE25
1057532-6-PC24,1057532-1045-SE24
1057532-6-PC24,1057532-4563-SE25
1057532-6-PC24,1057532-4741-SE25
1057532-6-PC24,1057532-4170-SE25
1057532-6-PC24,1057532-179-SE25
1057532-6-PC24,1057532-4806-SE25
1057532-6-PC24,1057532-4149-SE25
1057532-6-PC24,1057532-4388-SE25
1057532-6-PC24,1057532-4118-SE25
1057532-6-PC24,1057532-4398-SE25
1057532-6-PC24,1057532-4451-SE25
1057532-6-PC24,1057532-4375-SE25
1057532-6-PC24,1057532-4228-SE25
1057532-6-PC24,1057532-4715-SE25
1057532-6-PC24,1057532-4747-SE25
1057532-6-PC24,1057532-4687-SE25
1057532-6-PC24,1057532-1046-SE24
1057532-6-PC24,1057532-4744-SE25
1057532-6-PC24,1057532-4590-SE25
1057532-6-PC24,1057532-48-SE25
1057532-6-PC24,1057532-4743-SE25
1057532-6-PC24,1057532-4229-SE25
1057532-6-PC24,1057532-4135-SE25
1057532-6-PC24,1057532-4804-SE25
1057532-6-PC24,1057532-4538-SE25
1057532-6-PC24,1057532-50-SE25
1057532-8-PC24,1057532-232-SE25
1057532-11-PC24,1057532-1891-AG24
1057532-12-PC24,1057532-939-AG24
1057532-12-PC24,1057532-956-AG24
1057532-12-PC24,1057532-937-AG24
1057532-12-PC24,1057532-934-AG24
1057532-12-PC24,1057532-952-AG24
1057532-12-PC24,1057532-959-AG24
1057532-15-PC24,1057532-2085-SE24
1057532-16-PC24,1057532-1467-AG24
1057532-16-PC24,1057532-1897-SE24
1057532-19-PC24,1057532-2131-SE24
1057532-22-PC24,1057532-1786-AG24
1057532-23-PC24,1057532-847-AG24
1057532-23-PC24,1057532-985-AG24
1057922-6-PC24,1057922-4-CM24
1057922-6-PC24,1057922-10-AG24
1057922-6-PC24,1057922-68-SE24
1057922-6-PC24,1057922-44-SE24
1057922-6-PC24,1057922-11-CM24
1057922-6-PC24,1057922-25-AG24
1057922-6-PC24,1057922-32-SE24
1057922-6-PC24,1057922-30-SE24
1057922-6-PC24,1057922-9-AG24
1057922-6-PC24,1057922-33-SE24
1057922-6-PC24,1057922-67-SE24
1057922-6-PC24,1057922-5-AG24
1057922-6-PC24,1057922-102-SE24
1057922-6-PC24,1057922-29-SE24
1057922-6-PC24,1057922-7-AG24
1057922-6-PC24,1057922-27-SE24
1057922-6-PC24,1057922-28-SE24
1057922-6-PC24,1057922-6-AG24
1057922-6-PC24,1057922-31-SE24
1057922-6-PC24,1057922-8-AG24
1057922-6-PC24,1057922-45-SE24
1057922-6-PC24,1057922-40-AG24
1057532-26-PC24,1057532-930-AG24
1057922-7-PC24,1180747-16-SE24
1057922-7-PC24,1180747-26-SE24
1057922-7-PC24,1180747-24-SE24
1057922-7-PC24,1180747-14-SE24
1057922-7-PC24,1180747-28-SE24
1057922-7-PC24,1180747-15-SE24
1057922-7-PC24,1180747-29-SE24
1057922-7-PC24,1180747-25-SE24
1057922-7-PC24,1180747-27-SE24
1057922-7-PC24,1180747-8-SE25
1057922-7-PC24,1180747-30-SE24
1057532-29-PC24,1057532-962-AG24
1057532-29-PC24,1057532-1435-AG24
1057922-9-PC24,1180747-18-SE24
1057922-9-PC24,1180747-3-SE25
1057922-9-PC24,1180747-20-SE24
1057922-9-PC24,1180747-23-SE24
1057922-9-PC24,1057922-4-AG25
1057922-9-PC24,1180747-13-SE24
1057922-9-PC24,1180747-17-SE24
1057922-9-PC24,1180747-21-SE24
1057922-9-PC24,1180747-22-SE24
1057922-9-PC24,1180747-12-SE24
1057922-9-PC24,1180747-19-SE24
1057922-9-PC24,1180747-11-SE24
1057922-11-PC24,1057922-69-CM24
1057922-11-PC24,1057922-59-SE24
1057922-11-PC24,1057922-110-AG24
1057922-11-PC24,1057922-169-SE24
1057922-11-PC24,1057922-71-AG24
1057922-11-PC24,1057922-197-CM24
1057922-11-PC24,1057922-183-CM24
1057922-11-PC24,1057922-72-AG24
1057922-11-PC24,1057922-96-SE24
1057922-11-PC24,1057922-104-CM24
1057922-11-PC24,1057922-182-CM24
1057922-12-PC24,1057922-165-AG24
1057922-12-PC24,1057922-109-AG24
1057922-12-PC24,1057922-172-AG24
1057922-12-PC24,1057922-135-AG24
1057922-12-PC24,1057922-134-AG24
1057922-12-PC24,1057922-100-SE24
1057922-12-PC24,1057922-196-SE24
1057922-12-PC24,1057922-101-SE24
1057922-12-PC24,1057922-188-AG24
1057922-12-PC24,1057922-106-AG24
1057922-12-PC24,1057922-93-SE24
1057922-12-PC24,1057922-162-AG24
1057922-12-PC24,1057922-108-AG24
1057922-12-PC24,1057922-161-AG24
1057922-12-PC24,1057922-58-SE24
1057922-12-PC24,1057922-107-AG24
1057922-12-PC24,1057922-154-AG24
1057922-12-PC24,1057922-164-AG24
1057922-12-PC24,1057922-176-SE24
1057922-12-PC24,1057922-90-SE24
1057532-32-PC24,1057532-1221-AG24
1057532-33-PC24,1057532-1970-AG24
1057532-33-PC24,1057532-1982-AG24
1057532-33-PC24,1057532-2004-AG24
1057532-33-PC24,1057532-2064-AG24
1057532-33-PC24,1057532-2055-AG24
1057532-34-PC24,1057532-1258-AG24
1057922-13-PC24,1057922-140-AG24
1057922-13-PC24,1057922-91-CM24
1057922-13-PC24,1057922-148-AG24
1057922-13-PC24,1057922-124-AG24
1057922-13-PC24,1057922-143-AG24
1057922-13-PC24,1057922-139-AG24
1057922-13-PC24,1057922-189-SE24
1057922-13-PC24,1057922-132-AG24
1057922-13-PC24,1057922-190-AG24
1057922-13-PC24,1057922-114-AG24
1057922-13-PC24,1057922-123-AG24
1057922-13-PC24,1057922-126-AG24
1057922-13-PC24,1057922-150-AG24
1057922-13-PC24,1057922-125-AG24
1057922-13-PC24,1057922-173-SE24
1057922-13-PC24,1057922-138-AG24
1057922-13-PC24,1057922-131-AG24
1057922-13-PC24,1057922-171-AG24
1057922-13-PC24,1057922-137-AG24
1057922-13-PC24,1057922-26-AG24
1057922-13-PC24,1057922-149-AG24
1057922-13-PC24,1057922-167-AG24
1057922-13-PC24,1057922-160-AG24
1057922-13-PC24,1057922-192-AG24
1057922-13-PC24,1057922-127-AG24
1057922-13-PC24,1057922-89-AG24
1057922-13-PC24,1057922-103-AG24
1057922-13-PC24,1057922-122-AG24
1057922-13-PC24,1057922-105-AG24
1057922-13-PC24,1057922-177-SE24
1057922-13-PC24,1057922-147-AG24
1057922-13-PC24,1057922-121-AG24
1057922-13-PC24,1057922-128-AG24
1057922-13-PC24,1057922-130-SE24
1057922-13-PC24,1057922-88-AG24
1057922-13-PC24,1057922-95-SE24
1057922-13-PC24,1057922-195-SE24
1057922-13-PC24,1057922-87-AG24
1057922-14-PC24,1057922-151-SE24
1057922-14-PC24,1057922-65-SE24
1057922-14-PC24,1057922-181-SE24
1057922-14-PC24,1057922-64-SE24
1057922-16-PC24,1057922-83-AG24
1057922-16-PC24,1057922-52-CM24
1057922-16-PC24,1057922-116-SE24
1057922-16-PC24,1057922-185-SE24
1057922-16-PC24,1057922-184-SE24
1057922-16-PC24,1057922-112-AG24
1057922-16-PC24,1057922-142-AG24
1057922-16-PC24,1057922-115-SE24
1057922-16-PC24,1057922-163-AG24
1057922-16-PC24,1057922-92-AG24
1057922-16-PC24,1057922-113-AG24
1057922-16-PC24,1057922-60-SE24
1057922-16-PC24,1057922-191-SE24
1057922-16-PC24,1057922-118-SE24
1057922-16-PC24,1057922-82-SE24
1057922-16-PC24,1057922-117-SE24
1057922-16-PC24,1057922-75-AG24
1057922-16-PC24,1057922-77-AG24
1057922-16-PC24,1057922-193-AG24
1057922-16-PC24,1057922-119-SE24
1057922-16-PC24,1057922-73-AG24
1057922-16-PC24,1057922-85-AG24
1057922-16-PC24,1057922-74-AG24
1057922-16-PC24,1057922-179-SE24
1057922-16-PC24,1057922-120-SE24
1057922-16-PC24,1057922-76-AG24
1057922-16-PC24,1057922-129-SE24
1057922-16-PC24,1057922-86-AG24
1057922-16-PC24,1057922-133-AG24
1057922-16-PC24,1057922-178-SE24
1057922-16-PC24,1057922-180-SE24
1057922-16-PC24,1057922-81-SE24
1057922-16-PC24,1057922-84-AG24
1057532-35-PC24,1057532-933-AG24
1057532-35-PC24,1057532-888-AG24
1057532-35-PC24,1057532-891-AG24
1057532-36-PC24,1057532-1181-SE24
1057976-6-PC24,1057976-40-SE24
1077241-1-PC24,1057532-1506-SE24
1057532-40-PC24,1057532-936-SE24
1057532-40-PC24,1077241-32-SE24
1057532-42-PC24,1077241-179-AG24
1057532-43-PC24,1057532-1944-SE24
1057532-43-PC24,1057532-2195-SE24
1057532-43-PC24,1057532-1212-SE24
1057532-43-PC24,1057532-112-SE25
1057532-43-PC24,1057532-1791-SE24
1057532-43-PC24,1057532-1624-SE24
1057532-43-PC24,1057532-1316-SE24
1057532-43-PC24,1057532-1210-SE24
1057532-43-PC24,1057532-259-SE25
1057532-46-PC24,1057532-1246-AG24
1057532-46-PC24,1057532-841-AG24
1057532-47-PC24,1057532-633-AG24
1057532-50-PC24,1057532-1116-CM24
1057532-50-PC24,1057532-997-SE24
1057532-50-PC24,1057532-2041-SE24
1057532-50-PC24,1057532-1391-CM24
1057532-50-PC24,1057532-1463-SE24
1057532-50-PC24,1057532-1143-SE24
1057532-50-PC24,1057532-1150-CM24
1057532-50-PC24,1057532-1007-SE24
1057532-50-PC24,1057532-1366-SE24
1057532-50-PC24,1057532-1194-SE24
1057532-50-PC24,1057532-1264-SE24
1057532-50-PC24,1057532-1320-AG24
1057532-50-PC24,1057532-1823-CM24
1057532-50-PC24,1057532-532-SE24
1057532-50-PC24,1057532-1513-SE24
1057532-50-PC24,1057532-1266-AG24
1057532-50-PC24,1057532-1341-SE24
1057532-50-PC24,1057532-1483-SE24
1057532-50-PC24,1057532-2208-CM24
1057532-50-PC24,1057532-1680-SE24
1057532-50-PC24,1057532-650-SE24
1057532-50-PC24,1057532-1985-SE24
1057532-50-PC24,1057532-709-SE24
1057532-50-PC24,1057532-1126-AG24
1057532-50-PC24,1057532-1298-CM24
1057532-50-PC24,1057532-1304-SE24
1057532-50-PC24,1057532-1140-AG24
1057532-51-PC24,1057532-706-AG24
1057532-51-PC24,1057532-1858-SE24
1057532-52-PC24,1057532-721-AG24
1057532-53-PC24,1057532-1816-AG24
1057532-54-PC24,1057532-1805-AG24
1057532-54-PC24,1057532-1625-AG24
1057532-56-PC24,1077241-149-AG24
1057532-57-PC24,1057532-2219-CM24
1057532-57-PC24,1057532-30-CM25
1057532-57-PC24,1057532-73-AG25
1057532-62-PC24,1057532-634-AG24
1057532-63-PC24,1057532-1027-AG24
1057532-63-PC24,1057532-1001-AG24
1057532-64-PC24,1057532-1446-AG24
1077241-8-PC24,1057532-2110-AG24
1077241-8-PC24,1077241-209-AG24
1057532-68-PC24,1077241-192-SE24
1057532-69-PC24,1057532-791-AG24
1057532-75-PC24,1057532-1445-AG24
1057532-75-PC24,1057532-628-AG24
1057532-76-PC24,1057532-922-AG24
1057532-252-PC24,1077241-190-SE24
1057532-253-PC24,1057532-1466-AG24
1057532-253-PC24,1057532-1359-AG24
1057532-255-PC24,1077241-212-SE24
1057532-257-PC24,1077241-191-SE24
1057532-264-PC24,1057532-829-AG24
1057532-265-PC24,1057532-1153-AG24
1057532-266-PC24,1057532-2069-AG24
1057532-267-PC24,1057532-1843-AG24
1057532-268-PC24,1057532-1252-AG24
1057532-269-PC24,1057532-4846-SE25
1057532-270-PC24,1057532-725-AG24
1057532-270-PC24,1057532-723-AG24
1057532-270-PC24,1057532-753-AG24
1057532-272-PC24,1057532-1482-AG24
1057532-273-PC24,1057532-1431-AG24
1057532-274-PC24,1057532-2075-AG24
1077241-9-PC24,1077241-187-AG24
1077241-9-PC24,1077241-84-AG24
1077241-9-PC24,1077241-73-AG24
1077241-9-PC24,1077241-166-AG24
1077241-9-PC24,1077241-25-AG24
1077241-9-PC24,1077241-177-AG24
1077241-9-PC24,1077241-182-AG24
1077241-9-PC24,1077241-167-AG24
1077241-9-PC24,1077241-47-AG24
1077241-9-PC24,1077241-188-AG24
1077241-9-PC24,1077241-168-AG24
1077241-9-PC24,1077241-176-AG24
1077241-9-PC24,1077241-204-AG24
1077241-9-PC24,1077241-205-AG24
1077241-9-PC24,1077241-180-AG24
1077241-9-PC24,1077241-45-AG24
1077241-9-PC24,1077241-53-AG24
1057532-276-PC24,1057532-1457-AG24
1057532-276-PC24,1057532-1443-AG24
1057532-276-PC24,1057532-1665-AG24
1057532-276-PC24,1057532-664-AG24
1057532-276-PC24,1057532-1637-AG24
1057532-276-PC24,1057532-938-AG24
1057532-276-PC24,1057532-730-AG24
1057532-276-PC24,1057532-1743-AG24
1057532-276-PC24,1057532-1636-AG24
1057532-276-PC24,1057532-1409-AG24
1057532-276-PC24,1057532-1820-AG24
1057532-276-PC24,1057532-1388-AG24
1057532-276-PC24,1057532-1128-AG24
1057532-276-PC24,1057532-1324-AG24
1057532-276-PC24,1057532-931-AG24
1057532-276-PC24,1057532-648-AG24
1057532-276-PC24,1057532-1614-AG24
1077241-10-PC24,1077241-62-SE24
1057532-277-PC24,1057532-1763-AG24
1057922-21-PC24,1057922-80-SE24
1057922-21-PC24,1057922-14-AG24
1057532-278-PC24,1057532-722-AG24
1057532-279-PC24,1057532-790-SE24
1057532-279-PC24,1057532-788-SE24
1057532-279-PC24,1057532-789-SE24
1057532-280-PC24,1057532-1496-SE24
1057532-280-PC24,1057532-1701-SE24
1057532-280-PC24,1057532-909-AG24
1057532-280-PC24,1057532-1564-AG24
1057532-280-PC24,1057532-1251-SE24
1057532-280-PC24,1057532-787-AG24
1057532-280-PC24,1057532-1550-SE24
1057532-281-PC24,1057532-2071-SE24
1057532-282-PC24,1057532-892-AG24
1057532-282-PC24,1057532-630-AG24
1077241-11-PC24,1077241-80-SE24
1077241-11-PC24,1077241-82-SE24
1077241-11-PC24,1077241-83-SE24
1077241-11-PC24,1077241-79-SE24
1077241-11-PC24,1077241-54-SE24
1077241-11-PC24,1077241-181-SE24
1077241-11-PC24,1077241-78-SE24
1077241-11-PC24,1077241-81-SE24
1077241-11-PC24,1077241-95-SE24
1077241-11-PC24,1077241-94-SE24
1077241-11-PC24,1077241-130-SE24
1077241-11-PC24,1077241-55-SE24
1077241-11-PC24,1077241-133-SE24
1077241-11-PC24,1077241-216-SE24
1077241-11-PC24,1077241-96-SE24
1077241-11-PC24,1077241-131-SE24
1077241-11-PC24,1077241-132-SE24
1077241-11-PC24,1077241-200-AG24
1077241-11-PC24,1077241-139-AG24
1077241-11-PC24,1077241-208-AG24
1077241-11-PC24,1077241-150-AG24
1077241-11-PC24,1077241-173-AG24
1077241-11-PC24,1077241-220-SE24
1077241-11-PC24,1077241-222-SE24
1077241-11-PC24,1077241-214-SE24
1077241-11-PC24,1077241-219-SE24
1077241-11-PC24,1077241-227-SE24
1077241-11-PC24,1077241-114-SE24
1077241-11-PC24,1077241-221-SE24
1077241-11-PC24,1077241-223-SE24
1077241-11-PC24,1077241-86-SE24
1077241-11-PC24,1077241-224-SE24
1077241-11-PC24,1077241-225-SE24
1077241-11-PC24,1077241-104-CM24
1077241-11-PC24,1077241-88-AG24
1077241-11-PC24,1077241-115-AG24
1057532-294-PC24,1057532-2005-AG24
1057532-294-PC24,1057532-726-AG24
1057532-294-PC24,1057532-1158-AG24
1057532-294-PC24,1057532-661-AG24
1057532-294-PC24,1057532-849-AG24
1057532-294-PC24,1057532-1975-AG24
1057532-295-PC24,1057532-1672-AG24
1057532-296-PC24,1057532-825-AG24
1057532-296-PC24,1057727-2-AG24
1057532-298-PC24,1057532-797-AG24
1057532-298-PC24,1057532-1452-AG24
1057532-298-PC24,1057532-1451-AG24
1057532-298-PC24,1057532-1792-AG24
1057532-298-PC24,1057532-1453-AG24
1057532-298-PC24,1057532-2061-AG24
1057532-298-PC24,1057532-1151-AG24
1057532-298-PC24,1057532-1576-AG24
1057532-298-PC24,1057532-1835-AG24
1057532-298-PC24,1057532-894-AG24
1057532-298-PC24,1057532-1761-AG24
1057532-298-PC24,1057532-56-AG25
1057532-298-PC24,1057532-1852-AG24
1057532-298-PC24,1057532-1877-AG24
1057532-298-PC24,1057532-1447-AG24
1057532-298-PC24,1057532-2057-AG24
1057532-298-PC24,1057532-780-AG24
1057532-301-PC24,1057532-1495-SE24
1057532-301-PC24,1057532-1354-AG24
1057532-301-PC24,1057532-1367-AG24
1057532-302-PC24,1057532-2228-SE24
1057532-302-PC24,1057532-4941-SE25
1057532-302-PC24,1057532-4429-SE25
1057532-302-PC24,1057532-5746-SE25
1057532-302-PC24,1057532-5568-SE25
1057532-302-PC24,1057532-74-SE25
1057532-302-PC24,1057532-1208-SE24
1057532-302-PC24,1057532-67-SE26
1057532-302-PC24,1057532-4329-SE25
1057532-302-PC24,1057532-4757-SE25
1057532-302-PC24,1057532-5223-SE25
1057532-302-PC24,1057532-5373-SE25
1057532-302-PC24,1057532-4564-SE25
1057532-303-PC24,1057532-1542-SE24
1057532-303-PC24,1057532-1297-SE24
1057532-305-PC24,1057532-1469-CM24
1057532-308-PC24,1057532-23-SE26
1057532-308-PC24,1057532-2120-SE25
1057532-308-PC24,1057532-174-SE26
1057532-308-PC24,1057532-4506-SE25
1057532-308-PC24,1057532-1831-SE24
1057532-308-PC24,1057532-5668-SE25
1057532-308-PC24,1057532-1299-SE24
1057532-308-PC24,1057532-5513-SE25
1057532-308-PC24,1057532-4858-SE25
1057532-308-PC24,1057532-1987-SE24
1057532-308-PC24,1057532-5015-SE25
1057532-308-PC24,1057532-4667-SE25
1057532-308-PC24,1057532-5214-SE25
1057532-308-PC24,1057532-4348-SE25
1057532-310-PC24,1057532-4010-SE25
1057532-310-PC24,1057532-4144-SE25
1057532-311-PC24,1057532-1758-SE24
1057532-311-PC24,1057532-2053-SE24
1057532-311-PC24,1057532-2054-SE24
1057532-311-PC24,1057532-1988-SE24
1057532-311-PC24,1057532-2141-SE24
1057532-313-PC24,1057532-2122-SE24
1057532-313-PC24,1057532-1983-AG24
1057532-313-PC24,1057532-1892-AG24
1057532-314-PC24,1057532-1464-CM24
1057532-315-PC24,1057532-5016-SE25
1057532-315-PC24,1057532-4851-SE25
1057532-315-PC24,1057532-16-SE25
1057532-315-PC24,1057532-1828-SE24
1057532-315-PC24,1057532-4507-SE25
1057532-315-PC24,1057532-4353-SE25
1057532-315-PC24,1057532-1989-SE24
1057532-315-PC24,1057532-5669-SE25
1057532-315-PC24,1057532-5224-SE25
1057532-315-PC24,1057532-5514-SE25
1057532-315-PC24,1057532-21-SE26
1057532-315-PC24,1057532-4668-SE25
1057532-316-PC24,1057532-4524-SE25
1057532-316-PC24,1057532-5671-SE25
1057532-316-PC24,1057532-5526-SE25
1057532-316-PC24,1057532-4366-SE25
1057532-316-PC24,1057532-4195-SE25
1057532-316-PC24,1057532-5081-SE25
1057532-316-PC24,1057532-28-SE26
1057532-316-PC24,1057532-4875-SE25
1057532-316-PC24,1057532-4663-SE25
1057532-316-PC24,1057532-5231-SE25
1057532-317-PC24,1057532-1796-AG24
1057532-318-PC24,1057532-1715-AG24
1057532-318-PC24,1057532-1830-AG24
1057532-318-PC24,1057532-1707-AG24
1057532-318-PC24,1057532-1586-AG24
1057532-318-PC24,1057532-1832-CM24
1057532-320-PC24,1057532-5322-SE25
1057532-320-PC24,1057532-2254-SE24
1057532-320-PC24,1057532-1505-SE24
1057532-320-PC24,1057532-4360-SE25
1057532-320-PC24,1057532-2253-SE24
1057532-320-PC24,1057532-2252-SE24
1057532-320-PC24,1057532-5313-SE25
1057532-320-PC24,1057532-5309-SE25
1057532-320-PC24,1057532-4961-SE25
1057532-320-PC24,1057532-4362-SE25
1057532-320-PC24,1057532-2255-SE24
1057532-320-PC24,1057532-2251-SE24
1057532-320-PC24,1057532-4364-SE25
1057532-320-PC24,1057532-4361-SE25
1057532-320-PC24,1057532-4960-SE25
1057532-320-PC24,1057532-4963-SE25
1057532-320-PC24,1057532-5307-SE25
1057532-320-PC24,1057532-4964-SE25
1057532-320-PC24,1057532-74-SE26
1057532-320-PC24,1057532-2256-SE24
1057532-320-PC24,1057532-5325-SE25
1057532-320-PC24,1057532-4365-SE25
1057532-320-PC24,1057532-75-SE26
1057532-320-PC24,1057532-70-SE26
1057532-320-PC24,1057532-4359-SE25
1057532-320-PC24,1057532-4962-SE25
1057532-320-PC24,1057532-4965-SE25
1057532-320-PC24,1057532-4363-SE25
1057532-320-PC24,1057532-5324-SE25
1057532-320-PC24,1057532-4970-SE25
1057532-320-PC24,1057532-5311-SE25
1057532-320-PC24,1057532-5319-SE25
1057532-320-PC24,1057532-5312-SE25
1057532-320-PC24,1057532-5323-SE25
1057532-320-PC24,1057532-5321-SE25
1057532-320-PC24,1057532-69-SE26
1057532-320-PC24,1057532-5320-SE25
1057532-320-PC24,1057532-71-SE26
1057532-320-PC24,1057532-5308-SE25
1057532-320-PC24,1057532-73-SE26
1057532-320-PC24,1057532-72-SE26
1057532-320-PC24,1057532-5310-SE25
1057532-321-PC24,1057532-4975-SE25
1057532-321-PC24,1057532-1343-SE24
1057532-321-PC24,1057532-127-SE25
1057532-321-PC24,1057532-4566-SE25
1057532-321-PC24,1057532-2102-SE24
1057532-321-PC24,1057532-4183-SE25
1057532-321-PC24,1057532-182-SE26
1057532-321-PC24,1057532-125-SE25
1057532-321-PC24,1057532-4324-SE25
1057532-321-PC24,1057532-119-SE25
1057532-321-PC24,1057532-1472-SE24
1057532-321-PC24,1057532-50-SE26
1057532-321-PC24,1057532-1592-SE24
1057532-321-PC24,1057532-5336-SE25
1057532-321-PC24,1057532-254-SE26
1057532-321-PC24,1057532-2238-SE24
1057532-321-PC24,1057532-5386-SE25
1057532-321-PC24,1057532-134-SE25
1057532-321-PC24,1057532-1458-SE24
1057532-321-PC24,1057532-5443-SE25
1057532-321-PC24,1057532-4749-SE25
1057532-321-PC24,1057532-4706-SE25
1057532-321-PC24,1057532-2152-SE24
1057532-321-PC24,1057532-206-SE26
1057532-321-PC24,1057532-5796-SE25
1057532-321-PC24,1057532-2241-TD24
1057532-321-PC24,1057532-4918-SE25
1057532-321-PC24,1057532-5456-SE25
1057532-321-PC24,1057532-208-SE26
1057532-321-PC24,1057532-5489-SE25
1057532-321-PC24,1057532-4190-SE25
1057532-321-PC24,1057532-5691-SE25
1057532-321-PC24,1057532-5605-SE25
1057532-321-PC24,1057532-4644-SE25
1057532-321-PC24,1057532-1545-SE24
1057532-321-PC24,1057532-54-SE26
1057532-321-PC24,1057532-2237-SE24
1057532-321-PC24,1057532-5741-SE25
1057532-321-PC24,1057532-4619-SE25
1057532-321-PC24,1057532-4707-SE25
1057532-321-PC24,1057532-4445-SE25
1057532-321-PC24,1057532-60-SE25
1057532-321-PC24,1057532-181-SE25
1057532-321-PC24,1057532-5644-SE25
1057532-321-PC24,1057532-4974-SE25
1057532-321-PC24,1057532-4884-SE25
1057532-321-PC24,1057532-5248-SE25
1057532-321-PC24,1057532-5766-SE25
1057532-321-PC24,1057532-55-SE26
1057532-321-PC24,1057532-63-SE25
1057532-321-PC24,1057532-259-SE26
1057532-321-PC24,1057532-5643-SE25
1057532-321-PC24,1057532-5442-SE25
1057532-321-PC24,1057532-68-SE26
1057532-321-PC24,1057532-5476-SE25
1057532-322-PC24,1057532-17-SE26
1057532-322-PC24,1057532-3993-TD25
1057532-322-PC24,1057532-18-SE26
1057532-322-PC24,1057532-3992-TD25
1057532-322-PC24,1057532-264-SE26
1057532-322-PC24,1057532-266-SE26
1057532-322-PC24,1057532-84-SE26
1057532-322-PC24,1057532-83-SE26
1057532-323-PC24,1057532-4937-SE25
1057532-323-PC24,1057532-281-SE25
1057532-323-PC24,1057532-5614-SE25
1057532-323-PC24,1057532-5458-SE25
1057532-323-PC24,1057532-4764-SE25
1057532-323-PC24,1057532-4419-SE25
1057532-323-PC24,1057532-5176-SE25
1057532-323-PC24,1057532-4199-SE25
1057532-323-PC24,1057532-4591-SE25
1057532-323-PC24,1057532-4198-SE25
1057532-323-PC24,1057922-183-SE25
1057532-324-PC24,1057532-4305-SE25
1057532-324-PC24,1057532-4026-CM25
1057532-324-PC24,1057532-4463-SE25
1057532-324-PC24,1057532-144-SE25
1057532-324-PC24,1057532-4702-SE25
1057532-324-PC24,1057532-319-SE25
1057532-324-PC24,1057532-4303-SE25
1057532-324-PC24,1057532-320-SE25
1057532-324-PC24,1057532-4304-SE25
1057532-324-PC24,1057532-198-SE25
1057532-324-PC24,1057532-147-SE25
1057532-324-PC24,1057532-4161-SE25
1057532-324-PC24,1057532-4503-SE25
1057532-324-PC24,1057532-4816-SE25
1057532-324-PC24,1057532-5137-SE25
1057532-324-PC24,1057532-5136-SE25
1057532-324-PC24,1057532-4701-SE25
1057532-324-PC24,1057532-4740-SE25
1057532-324-PC24,1057532-4700-SE25
1057532-324-PC24,1057532-146-SE25
1057532-324-PC24,1057532-4574-SE25
1057532-324-PC24,1057532-4495-AG25
1057532-324-PC24,1057532-3970-SE25
1057532-324-PC24,1057532-5171-SE25
1057532-324-PC24,1057532-5274-SE25
1057532-324-PC24,1057532-5393-SE25
1057532-324-PC24,1057532-5267-SE25
1057532-324-PC24,1057532-4880-SE25
1057532-324-PC24,1057532-5348-SE25
1057532-324-PC24,1057532-4907-SE25
1057532-324-PC24,1057532-4502-SE25
1057532-324-PC24,1057532-5606-SE25
1057532-324-PC24,1057532-5432-SE25
1057532-324-PC24,1057532-5747-SE25
1057532-324-PC24,1057532-5697-SE25
1057532-324-PC24,1057532-4881-SE25
1057532-324-PC24,1057532-4912-SE25
1057532-325-PC24,1057532-5374-SE25
1057532-325-PC24,1057532-4678-SE25
1057532-325-PC24,1057532-4352-SE25
1057532-325-PC24,1057532-5028-SE25
1057532-325-PC24,1057532-3979-SE25
1057532-325-PC24,1057532-4817-SE25
1057532-325-PC24,1057532-130-SE25
1057532-325-PC24,1057532-4714-SE25
1057532-325-PC24,1057532-4713-SE25
1057532-325-PC24,1057532-4480-SE25
1057532-325-PC24,1057532-4620-SE25
1057532-325-PC24,1057532-4771-SE25
1057532-325-PC24,1057532-4236-SE25
1057532-325-PC24,1057532-5431-SE25
1057532-325-PC24,1057532-4143-SE25
1057532-325-PC24,1057532-4327-SE25
1057532-325-PC24,1057532-5197-SE25
1057532-325-PC24,1057532-5027-SE25
1057532-325-PC24,1057532-4456-SE25
1057532-325-PC24,1057532-5459-SE25
1057532-325-PC24,1057532-4204-SE25
1057532-325-PC24,1057532-4908-SE25
1057532-325-PC24,1057532-4550-SE25
1057532-325-PC24,1057532-4811-SE25
1057532-325-PC24,1057532-4572-SE25
1057532-325-PC24,1057532-4484-SE25
1057532-325-PC24,1057532-53-SE25
1057532-325-PC24,1057532-5178-SE25
1057532-325-PC24,1057532-5038-SE25
1057532-325-PC24,1057532-4601-SE25
1057532-325-PC24,1057532-4917-SE25
1057532-325-PC24,1057532-5618-SE25
1057532-325-PC24,1057532-4689-SE25
1057532-325-PC24,1057532-5619-SE25
1057532-326-PC24,1057532-166-CM25
1057532-326-PC24,1057532-233-CM25
1057532-326-PC24,1057532-18-CM25
1057532-326-PC24,1057532-4320-CM25
1057532-326-PC24,1057532-4012-CM25
1057532-326-PC24,1057532-4146-CM25
1057532-328-PC24,1057532-5194-SE25
1057532-328-PC24,1057532-4476-SE25
1057532-328-PC24,1057532-4992-SE25
1057532-328-PC24,1057532-4836-SE25
1057532-328-PC24,1057532-143-SE26
1057532-328-PC24,1057532-1236-SE24
1057532-328-PC24,1057532-4475-SE25
1057532-328-PC24,1057532-131-SE25
1057532-328-PC24,1057532-4087-SE25
1057532-328-PC24,1057532-5440-SE25
1057532-328-PC24,1057532-5622-SE25
1057532-328-PC24,1057532-4474-SE25
1057532-328-PC24,1057532-5795-SE25
1057532-328-PC24,1057532-5202-SE25
1057532-328-PC24,1057532-4633-SE25
1057532-330-PC24,1057532-1863-SE24
1057532-330-PC24,1057532-4166-SE25
1057532-330-PC24,1057532-117-SE25
1057532-330-PC24,1057532-1368-SE24
1057532-330-PC24,1057532-1185-SE24
1057532-330-PC24,1057532-1362-SE24
1057532-330-PC24,1057532-1134-SE24
1057532-330-PC24,1057532-4677-SE25
1057532-330-PC24,1057532-121-SE24
1057532-330-PC24,1057532-5065-SE25
1057532-330-PC24,1057532-4534-SE25
1057532-330-PC24,1057532-1346-SE24
1057532-330-PC24,1057532-1860-SE24
1057532-330-PC24,1057532-5229-SE25
1057532-330-PC24,1057532-1479-SE24
1057532-330-PC24,1057532-1073-SE24
1057532-330-PC24,1057532-5167-SE25
1057532-330-PC24,1057532-1533-SE24
1057532-330-PC24,1057532-4376-SE25
1057532-330-PC24,1057532-1859-SE24
1057532-330-PC24,1057532-1563-SE24
1057532-330-PC24,1057532-1552-SE24
1057532-330-PC24,1057532-179-SE24
1057532-330-PC24,1057532-2097-SE25
1057532-330-PC24,1057532-175-SE25
1057532-330-PC24,1057532-1969-SE24
1057532-330-PC24,1057532-1674-SE24
1057532-330-PC24,1057532-5564-SE25
1057532-331-PC24,1057532-4200-SE25
1057532-331-PC24,1057532-4201-SE25
1057532-331-PC24,1057532-4306-SE25
1057532-331-PC24,1057532-4097-SE25
1057532-331-PC24,1057532-4038-SE25
1057532-331-PC24,1057532-4442-SE25
1057532-331-PC24,1057532-118-SE26
1057532-331-PC24,1057532-4883-SE25
1057532-331-PC24,1057532-5655-SE25
1057532-331-PC24,1057532-4232-SE25
1057532-331-PC24,1057532-4671-SE25
1057532-331-PC24,1057532-3965-SE25
1057532-331-PC24,1057532-4427-SE25
1057532-331-PC24,1057532-5207-SE25
1057532-331-PC24,1057532-4736-SE25
1057532-331-PC24,1057532-5012-SE25
1057532-331-PC24,1057532-4685-SE25
1057532-331-PC24,1057532-76-SE26
1057532-331-PC24,1057532-5436-SE25
1057532-331-PC24,1057532-4553-SE25
1057532-331-PC24,1057532-5271-SE25
1057532-331-PC24,1057532-4554-SE25
1057532-331-PC24,1057532-5098-SE25
1057532-331-PC24,1057532-78-SE26
1057532-331-PC24,1057532-39-SE26
1057532-331-PC24,1057532-5144-SE25
1057532-331-PC24,1057532-5543-SE25
1057532-333-PC24,1057532-4326-TD25
1057532-333-PC24,1057532-4848-TD25
1057532-333-PC24,1057532-190-TD25
1057532-333-PC24,1057532-5045-TD25
1057532-333-PC24,1057532-173-SE25
1057532-333-PC24,1057532-2167-SE24
1057532-333-PC24,1057532-4472-AG25
1057532-333-PC24,1057532-172-SE25
1057532-333-PC24,1057532-184-TD26
1057532-333-PC24,1057532-5478-TD25
1057532-333-PC24,1057532-4665-TD25
1057532-333-PC24,1057532-4618-TD25
1057532-333-PC24,1057532-5273-TD25
1057532-333-PC24,1057532-13-TD26
1057532-333-PC24,1057532-4022-TD25
1057532-333-PC24,1057532-5660-TD25
1057532-333-PC24,1057532-5093-TD25
1057532-333-PC24,1057532-4242-TD25
1057532-334-PC24,1057532-5519-AG25
1057532-335-PC24,1057532-1364-AG24
1057532-336-PC24,1057532-1326-CM24
1057532-337-PC24,1057532-1486-AG24
1057532-340-PC24,1057532-1200-AG24
1057532-341-PC24,1057532-1494-AG24
1057532-341-PC24,1057532-2151-AG24
1057532-342-PC24,1057532-1813-AG24
1057532-342-PC24,1057532-1814-AG24
1057532-342-PC24,1057532-1804-AG24
1057727-22-PC24,1057727-3-SE24
1057922-27-PC24,1180747-32-SE24
1057922-27-PC24,1180747-35-AG24
1057922-27-PC24,1180747-33-AG24
1057922-29-PC24,1180747-31-SE24
1057922-29-PC24,1180747-36-AG24
1057922-29-PC24,1180747-34-AG24
1057922-30-PC24,1057922-66-AG24
1057922-30-PC24,1057922-146-SE24
1057532-346-PC24,1057532-1721-AG24
1057532-347-PC24,1057532-1286-AG24
1057532-348-PC24,1057532-1825-AG24
1057532-348-PC24,1057532-1822-AG24
1057532-348-PC24,1057532-1824-AG24
1057532-349-PC24,1057532-1292-AG24
1057532-349-PC24,1057532-1196-AG24
1057532-349-PC24,1057532-1855-AG24
1057532-349-PC24,1057532-1972-AG24
1057532-351-PC24,1057532-1127-AG24
1057922-31-PC24,1057922-63-AG24
1057922-31-PC24,1057922-194-AG24
1057922-31-PC24,1057922-205-AG24
1057922-31-PC24,1057922-200-CM24
1057922-31-PC24,1057922-155-AG24
1057922-31-PC24,1057922-153-AG24
1057922-31-PC24,1057922-202-AG24
1057922-31-PC24,1057922-157-AG24
1057922-31-PC24,1057922-152-AG24
1057922-31-PC24,1057922-156-AG24
1057922-31-PC24,1057922-158-AG24
1057922-31-PC24,1057922-203-AG24
1057922-31-PC24,1057922-159-AG24
1057922-31-PC24,1057922-198-CM24
1057922-31-PC24,1057922-199-CM24
1057922-31-PC24,1057922-175-AG24
1057922-31-PC24,1057922-201-AG24
1057922-31-PC24,1057922-70-SE24
1057532-355-PC24,1057532-2105-SE24
1057532-355-PC24,1057532-1199-SE24
1057532-355-PC24,1057532-2104-SE24
1057532-356-PC24,1057532-306-SE26
1057532-356-PC24,1057532-304-SE26
1057532-356-PC24,1057532-205-SE25
1057532-356-PC24,1057532-4919-SE25
1057532-356-PC24,1057532-307-SE26
1057532-356-PC24,1057532-156-SE26
1057532-356-PC24,1057532-155-SE26
1057532-356-PC24,1057532-154-SE26
1057532-356-PC24,1057532-153-SE26
1057532-356-PC24,1057532-158-SE26
1057532-356-PC24,1057532-4656-TD25
1057532-356-PC24,1057532-5153-SE25
1057532-356-PC24,1057532-4653-TD25
1057532-356-PC24,1057532-157-SE26
1057532-356-PC24,1057532-5383-SE25
1057532-356-PC24,1057532-4843-TD25
1057532-356-PC24,1057532-5381-SE25
1057532-356-PC24,1057532-4772-TD25
1057532-356-PC24,1057532-305-SE26
1057532-356-PC24,1057532-4936-SE25
1057532-356-PC24,1057532-4288-SE25
1057532-356-PC24,1057532-302-SE26
1057532-356-PC24,1057532-301-SE26
1057532-356-PC24,1057532-165-SE26
1057532-356-PC24,1057532-5574-SE25
1057532-356-PC24,1057532-4654-TD25
1057532-356-PC24,1057532-5793-SE25
1057532-356-PC24,1057532-5155-SE25
1057532-356-PC24,1057532-4652-TD25
1057532-356-PC24,1057532-4921-SE25
1057532-356-PC24,1057532-303-SE26
1057532-356-PC24,1057532-4923-SE25
1057532-356-PC24,1057532-4773-TD25
1057532-356-PC24,1057532-4788-TD25
1057532-356-PC24,1057532-4264-TD25
1057532-356-PC24,1057532-5575-SE25
1057532-356-PC24,1057532-5384-SE25
1057532-356-PC24,1057532-4655-TD25
1057532-356-PC24,1057532-4922-SE25
1057532-356-PC24,1057532-308-SE26
1057532-356-PC24,1057532-5150-SE25
1057532-356-PC24,1057532-5152-SE25
1057532-356-PC24,1057532-5792-SE25
1057532-356-PC24,1057532-5382-SE25
1057532-356-PC24,1057532-5151-SE25
1057532-356-PC24,1057532-5379-SE25
1057532-356-PC24,1057532-4920-SE25
1057532-356-PC24,1057532-5578-SE25
1057532-356-PC24,1057532-5154-SE25
1057532-356-PC24,1057532-4651-TD25
1057532-356-PC24,1057532-5789-SE25
1057532-356-PC24,1057532-5579-SE25
1057532-356-PC24,1057532-5380-SE25
1057532-356-PC24,1057532-5577-SE25
1057532-356-PC24,1057532-4924-SE25
1057532-356-PC24,1057532-4774-TD25
1057532-356-PC24,1057532-5790-SE25
1057532-356-PC24,1057532-5791-SE25
1057532-356-PC24,1057532-5788-SE25
1057532-356-PC24,1057532-4787-TD25
1057532-356-PC24,1057532-5576-SE25
1057976-9-PC24,1057976-41-TD24
1057532-188-PC25,1057532-5201-AG25
1057532-188-PC25,1057532-5584-AG25
1057532-188-PC25,1057532-5520-AG25
1057532-188-PC25,1057532-4466-AG25
1057532-188-PC25,1057532-5254-AG25
1057532-188-PC25,1057532-5535-AG25
1057532-189-PC25,1057532-4552-SE25
1057532-189-PC25,1057532-5455-SE25
1057532-189-PC25,1057532-12-SE26
1057532-189-PC25,1057532-4697-SE25
1057532-189-PC25,1057532-5029-SE25
1057532-190-PC25,1057532-4878-SE25
1057532-190-PC25,1057532-4708-SE25
1057532-190-PC25,1057532-4328-SE25
1057532-190-PC25,1057532-4325-SE25
1057532-190-PC25,1057532-4705-SE25
1057532-190-PC25,1057532-5647-SE25
1057532-190-PC25,1057532-5470-SE25
1057532-190-PC25,1057532-5506-SE25
1057532-190-PC25,1057532-5765-SE25
1057532-190-PC25,1057532-4879-SE25
1057532-195-PC25,1057532-5365-SE25
1057532-195-PC25,1057532-312-SE26
1057532-195-PC25,1057532-310-SE26
1057532-195-PC25,1057532-5763-SE25
1057532-195-PC25,1057532-311-SE26
1057532-195-PC25,1057532-170-SE26
1057532-195-PC25,1057532-4942-SE25
1057532-195-PC25,1057532-169-SE26
1057532-195-PC25,1057532-313-SE26
1057532-195-PC25,1057532-168-SE26
1057532-195-PC25,1057532-5612-SE25
1057532-195-PC25,1057532-4949-SE25
1057532-195-PC25,1057532-5192-SE25
1057532-195-PC25,1057532-5364-SE25
1057532-195-PC25,1057532-5366-SE25
1057532-195-PC25,1057532-5193-SE25
1057532-195-PC25,1057532-4604-SE25
1057532-195-PC25,1057532-4948-SE25
1057532-195-PC25,1057532-5191-SE25
1057532-195-PC25,1057532-5613-SE25
1057532-195-PC25,1057532-5611-SE25
1057532-195-PC25,1057532-5764-SE25
1057532-195-PC25,1057532-5762-SE25
1057922-31-PC25,1057922-64-AG25
1057922-31-PC25,1057922-3-AG25
1057922-31-PC25,1057922-92-AG25
1057922-31-PC25,1057922-1-AG25
1057922-31-PC25,1057922-223-AG25
1057922-31-PC25,1057922-25-AG25
1057922-31-PC25,1057922-52-SE25
1057922-31-PC25,1057922-60-AG25
1057922-31-PC25,1057922-141-SE25
1057922-31-PC25,1057922-61-AG25
1057922-31-PC25,1057922-87-AG25
1057922-31-PC25,1057922-88-AG25
1057922-34-PC25,1057922-196-AG25
1057922-34-PC25,1057922-175-SE25
1057922-34-PC25,1057922-215-AG25
1057922-34-PC25,1057922-147-AG25
1057922-34-PC25,1057922-111-SE25
1057922-34-PC25,1057922-221-AG25
1057922-34-PC25,1057922-174-SE25
1057922-34-PC25,1057922-179-AG25
1057922-34-PC25,1057922-142-SE25
1057922-34-PC25,1057922-180-AG25
1057922-34-PC25,1057922-110-SE25
1057922-34-PC25,1057922-222-AG25
1057922-34-PC25,1057922-135-AG25
1057922-34-PC25,1057922-143-SE25
1057922-34-PC25,1057922-171-SE25
1057922-34-PC25,1057922-155-SE25
1057922-34-PC25,1057922-172-SE25
1057922-34-PC25,1057922-114-SE25
1057922-34-PC25,1057922-151-SE25
1057922-34-PC25,1057922-178-SE25
1057922-34-PC25,1057922-115-SE25
1057922-34-PC25,1057922-170-AG25
1057922-34-PC25,1057922-188-AG25
1057922-34-PC25,1057922-157-SE25
1057922-34-PC25,1057922-173-SE25
1057922-35-PC25,1057922-15-AG25
1057922-35-PC25,1057922-94-AG25
1057922-35-PC25,1057922-19-AG25
1057922-35-PC25,1057922-16-AG25
1057922-35-PC25,1057922-26-AG25
1057922-35-PC25,1057922-20-AG25
1057922-35-PC25,1057922-35-AG25
1057922-35-PC25,1057922-27-AG25
1057922-35-PC25,1057922-159-SE25
1057922-35-PC25,1057922-38-SE25
1057922-35-PC25,1057922-39-SE25
1057922-35-PC25,1057922-112-SE25
1057922-35-PC25,1057922-113-SE25
1057922-35-PC25,1057922-18-SE25
1057922-35-PC25,1057922-10-SE25
1057922-35-PC25,1057922-17-SE25
1057922-35-PC25,1057922-21-AG25
1057922-35-PC25,1057922-146-SE25
1057922-35-PC25,1057922-103-SE25
1057922-35-PC25,1057922-14-AG25
1057922-37-PC25,1057922-44-SE25
1057922-37-PC25,1057922-109-AG25
1057922-37-PC25,1057922-59-SE25
1057922-37-PC25,1057922-36-AG25
1057922-37-PC25,1057922-102-SE25
1057922-37-PC25,1057922-28-AG25
1057922-37-PC25,1057922-41-SE25
1057922-37-PC25,1057922-43-SE25
1057922-37-PC25,1057922-42-SE25
1057922-37-PC25,1057922-51-AG25
1057922-37-PC25,1057922-49-AG25
1057922-37-PC25,1057922-45-SE25
1057922-37-PC25,1057922-40-AG25
1057922-37-PC25,1057922-50-AG25
1057922-37-PC25,1057922-29-AG25
1057922-37-PC25,1057922-116-AG25
1057922-37-PC25,1057922-117-AG25
1057922-37-PC25,1057922-63-AG25
1057922-38-PC25,1057922-100-AG25
1057922-38-PC25,1057922-123-CM25
1057922-38-PC25,1057922-217-AG25
1057922-38-PC25,1057922-105-SE25
1057922-38-PC25,1057922-96-AG25
1057922-38-PC25,1057922-101-AG25
1057922-38-PC25,1057922-189-AG25
1057922-38-PC25,1057922-106-SE25
1057922-38-PC25,1057922-120-AG25
1057922-38-PC25,1057922-95-AG25
1057922-38-PC25,1057922-218-AG25
1057922-38-PC25,1057922-97-AG25
1057922-38-PC25,1057922-136-CM25
1057922-38-PC25,1057922-220-AG25
1057922-38-PC25,1057922-99-AG25
1057922-38-PC25,1057922-219-AG25
1057922-38-PC25,1057922-98-AG25
1057922-38-PC25,1057922-161-AG25
1057922-38-PC25,1057922-145-AG25
1057922-38-PC25,1057922-187-SE25
1057922-38-PC25,1057922-139-CM25
1057922-38-PC25,1057922-104-SE25
1057922-38-PC25,1057922-160-AG25
1057922-38-PC25,1057922-167-AG25
1057922-38-PC25,1057922-211-AG25
1057922-38-PC25,1057922-213-AG25
1057922-38-PC25,1057922-185-SE25
1057922-38-PC25,1057922-186-SE25
1057922-38-PC25,1057922-206-AG25
1057922-38-PC25,1057922-184-SE25
1057922-38-PC25,1057922-162-AG25
1057922-38-PC25,1057922-216-AG25
1057922-38-PC25,1057922-205-AG25
1057922-41-PC25,1180747-35-AG25
1057922-41-PC25,1180747-40-AG25
1057922-41-PC25,1180747-36-AG25
1057922-41-PC25,1180747-41-AG25
1057922-41-PC25,1180747-47-AG25
1057922-41-PC25,1180747-39-AG25
1057922-41-PC25,1180747-48-AG25
1057532-197-PC25,1057532-85-SE26
1057532-197-PC25,1057532-46-SE26
1057532-197-PC25,1057532-44-SE26
1057532-197-PC25,1057532-45-SE26
1180747-4-PC25,1180747-28-AG25
1180747-4-PC25,1180747-17-AG25
1180747-4-PC25,1180747-24-AG25
1180747-4-PC25,1180747-22-AG25
1180747-4-PC25,1180747-25-AG25
1180747-4-PC25,1180747-33-AG25
1180747-4-PC25,1180747-23-AG25
1180747-4-PC25,1180747-19-AG25
1180747-4-PC25,1180747-26-AG25
1180747-4-PC25,1180747-21-AG25
1180747-4-PC25,1180747-20-AG25
1180747-4-PC25,1180747-18-AG25
1180747-4-PC25,1180747-32-AG25
1180747-4-PC25,1180747-30-AG25
1180747-4-PC25,1180747-31-AG25
1057532-200-PC25,1057532-3986-AG25
1057532-200-PC25,1057532-4322-CM25
1057532-200-PC25,1057532-4719-CM25
1057532-200-PC25,1057532-4727-CM25
1057532-200-PC25,1057532-4726-CM25
1057532-200-PC25,1057532-310-CM25
1057532-200-PC25,1057532-4775-AG25
1180747-5-PC25,1180747-16-AG25
1180747-5-PC25,1180747-14-AG25
1180747-5-PC25,1180747-2-AG25
1180747-5-PC25,1180747-43-AG25
1180747-5-PC25,1180747-45-AG25
1180747-5-PC25,1180747-13-AG25
1180747-5-PC25,1180747-15-AG25
1180747-5-PC25,1180747-11-AG25
1180747-5-PC25,1180747-42-AG25
1180747-5-PC25,1180747-12-AG25
1180747-5-PC25,1180747-27-AG25
1180747-5-PC25,1180747-46-AG25
1180747-5-PC25,1180747-44-AG25
1180747-5-PC25,1180747-50-AG25
1180747-5-PC25,1180747-51-AG25
1180747-5-PC25,1180747-5-AG25
1180747-5-PC25,1180747-7-AG25
1180747-5-PC25,1180747-10-AG25
1180747-5-PC25,1180747-4-AG25
1180747-5-PC25,1180747-9-AG25
1180747-5-PC25,1180747-1-AG25
1057532-201-PC25,1057532-4690-AG25
1057532-203-PC25,1057532-4497-SE25
1057532-203-PC25,1057532-4293-AG25
1057532-205-PC25,1057532-8-TD26
1057532-205-PC25,1057532-5803-TD25
1057532-205-PC25,1057532-1-TD26
1057532-205-PC25,1057532-7-TD26
1057532-205-PC25,1057532-5285-TD25
1057532-208-PC25,1057532-4669-SE25
1057532-208-PC25,1057532-5228-SE25
1057532-208-PC25,1057532-4863-SE25
1057532-208-PC25,1057532-4508-SE25
1057532-208-PC25,1057532-3963-SE25
1057532-208-PC25,1057532-5351-SE25
1057532-208-PC25,1057532-22-SE26
1057532-208-PC25,1057532-4351-SE25
1057532-208-PC25,1057532-5017-SE25
1057532-208-PC25,1057532-5670-SE25
1057532-208-PC25,1057532-5515-SE25
1057976-17-PC25,1180747-34-SE25
1057532-209-PC25,1057532-5466-SE25
1057532-209-PC25,1057532-58-SE25
1057532-209-PC25,1057532-274-SE25
1057532-209-PC25,1057532-3967-SE25
1057532-209-PC25,1057532-4551-SE25
1057532-209-PC25,1057532-24-SE26
1057532-209-PC25,1057532-5560-SE25
1057532-209-PC25,1057532-4191-SE25
1057532-209-PC25,1057532-4423-SE25
1057532-209-PC25,1057532-5667-SE25
1057532-209-PC25,1057532-5163-SE25
1057532-209-PC25,1057532-4746-SE25
1057532-210-PC25,1057532-5213-SE25
1057532-210-PC25,1057532-4670-SE25
1057532-210-PC25,1057532-4430-SE25
1057532-210-PC25,1057532-172-SE26
1057532-210-PC25,1057532-4137-TD25
1057532-210-PC25,1057532-26-SE26
1057532-210-PC25,1057532-4547-TD25
1057532-210-PC25,1057532-4210-SE25
1057532-210-PC25,1057532-5507-SE25
1057532-210-PC25,1057532-5014-SE25
1057532-210-PC25,1057532-5666-SE25
1057532-210-PC25,1057532-4431-TD25
1057532-210-PC25,1057532-4548-SE25
1057532-210-PC25,1057532-4862-SE25
1057532-211-PC25,1057532-4347-SE25
1057532-211-PC25,1057532-5013-SE25
1057532-211-PC25,1057532-5025-SE25
1057532-211-PC25,1057532-4505-SE25
1057532-211-PC25,1057532-5674-SE25
1057532-211-PC25,1057532-4192-SE25
1057532-211-PC25,1057532-5479-SE25
1057532-211-PC25,1057532-25-SE26
1057532-211-PC25,1057532-4666-SE25
1057532-211-PC25,1057532-4859-SE25
1057532-211-PC25,1057532-5212-SE25
1057976-22-PC25,1180747-38-AG25
1057532-212-PC25,1057532-156-SE25
1057532-212-PC25,1057532-5567-SE25
1057532-212-PC25,1057532-4755-SE25
1057532-212-PC25,1057532-315-SE25
1057532-212-PC25,1057532-4-SE26
1057532-212-PC25,1057532-205-SE26
1057532-212-PC25,1057532-102-SE25
1057532-212-PC25,1057532-171-SE26
1057532-212-PC25,1057532-4344-SE25
1057532-212-PC25,1057532-294-SE25
1057532-212-PC25,1057532-5748-SE25
1057532-212-PC25,1057532-4847-SE25
1057532-212-PC25,1057532-4754-SE25
1057532-212-PC25,1057532-5018-SE25
1057532-212-PC25,1057532-4617-SE25
1057532-212-PC25,1057532-4535-SE25
1057532-212-PC25,1057532-4533-SE25
1057532-212-PC25,1057532-4349-SE25
1057532-212-PC25,1057532-4800-SE25
1057532-212-PC25,1057532-4748-SE25
1057532-212-PC25,1057532-4845-SE25
1057532-212-PC25,1057532-5261-SE25
1077241-11-PC25,1077241-113-SE25
1077241-11-PC25,1077241-147-SE25
1077241-11-PC25,1077241-3-SE26
1077241-11-PC25,1077241-122-SE25
1077241-11-PC25,1077241-159-SE25
1077241-11-PC25,1077241-6-SE26
1077241-13-PC25,1077241-151-SE25
1077241-15-PC25,1077241-121-SE25
1077241-15-PC25,1077241-149-SE25
1077241-15-PC25,1077241-88-SE25
1077241-15-PC25,1077241-87-SE25
1077241-15-PC25,1077241-120-SE25
1077241-17-PC25,1077241-32-AG25
1057532-214-PC25,1057532-4120-AG25
1057532-215-PC25,1077241-44-AG25
1057532-215-PC25,1077241-45-AG25
1057532-216-PC25,1057532-2100-AG25
1057532-216-PC25,1057532-2099-AG25
1057532-216-PC25,1057532-2101-AG25
1057532-217-PC25,1057532-4646-CM25
1057532-219-PC25,1057532-4417-AG25
1057532-219-PC25,1057532-4154-AG25
1057532-219-PC25,1077241-55-AG25
1057532-220-PC25,1057532-5062-SE25
1057532-222-PC25,1057532-4511-AG25
1057532-224-PC25,1057532-5143-AG25
1057532-225-PC25,1057532-6-AG26
1057532-225-PC25,1057532-2269-AG24
1057532-225-PC25,1057532-3-AG25
1057532-225-PC25,1057532-4627-SE25
1057532-228-PC25,1057532-4259-SE25
1057532-229-PC25,1057532-180-AG25
1057532-229-PC25,1057532-5444-AG25
1057532-234-PC25,1057532-4826-AG25
1057532-235-PC25,1057532-5406-AG25
1057532-235-PC25,1057532-5394-AG25
1057532-235-PC25,1057532-5388-AG25
1057532-235-PC25,1057532-5441-AG25
1057532-235-PC25,1057532-5315-AG25
1057532-235-PC25,1057532-5457-AG25
1057532-235-PC25,1057532-5417-AG25
1057532-235-PC25,1057532-5043-AG25
1057532-235-PC25,1057532-5042-AG25
1057532-235-PC25,1057532-5035-AG25
1057532-235-PC25,1057532-5563-AG25
1057532-236-PC25,1057532-5508-AG25
1057532-236-PC25,1057532-4650-AG25
1057532-236-PC25,1057532-4647-AG25
1057532-236-PC25,1057532-4648-AG25
1057532-237-PC25,1057532-5091-AG25
1057532-237-PC25,1057532-4126-AG25
1057532-237-PC25,1057532-4127-AG25
1057532-237-PC25,1057532-4412-AG25
1057532-237-PC25,1057532-4128-AG25
1057532-237-PC25,1057532-4125-AG25
1057532-237-PC25,1057532-4493-AG25
1057532-237-PC25,1057532-4519-AG25
1057532-237-PC25,1057532-4177-AG25
1057532-246-PC25,1057532-4866-AG25
1057532-246-PC25,1057532-4684-AG25
1057532-247-PC25,1057532-4717-AG25
1057532-248-PC25,1057532-5026-AG25
1057532-248-PC25,1057532-4966-AG25
1057532-249-PC25,1057532-4108-AG25
1057532-251-PC25,1057532-4676-AG25
1057532-253-PC25,1057532-4082-AG25
1057532-255-PC25,1057532-4841-AG25
1057532-255-PC25,1057532-4589-AG25
1057532-255-PC25,1057532-4973-AG25
1057532-257-PC25,1057532-4018-AG25
1057532-258-PC25,1057532-4105-AG25
1057532-259-PC25,1057532-4889-AG25
1057532-259-PC25,1057532-4885-AG25
1057532-260-PC25,1057532-65-AG25
1057532-261-PC25,1057532-59-AG25
1057532-262-PC25,1057532-241-AG25
1057532-263-PC25,1057532-5408-AG25
1057532-264-PC25,1057532-4101-AG25
1057532-265-PC25,1057532-4694-AG25
1057532-266-PC25,1057532-4413-AG25
1057532-266-PC25,1057532-5634-AG25
1057532-268-PC25,1057532-5344-SE25
1057532-268-PC25,1057532-5342-SE25
1057532-268-PC25,1057532-5055-AG25
1057532-268-PC25,1057532-5345-SE25
1057532-269-PC25,1057532-5190-AG25
1057532-272-PC25,1057532-4481-AG25
1057532-273-PC25,1057532-5189-AG25
1057532-273-PC25,1057532-5633-AG25
1057532-274-PC25,1057532-4436-AG25
1057532-279-PC25,1057532-4950-AG25
1057532-279-PC25,1057532-4945-AG25
1057532-279-PC25,1057532-4946-AG25
1057532-280-PC25,1057532-5244-AG25
1057532-282-PC25,1057532-4180-AG25
1057532-284-PC25,1057532-207-AG25
1057532-286-PC25,1057532-4033-AG25
1057532-287-PC25,1057532-2102-AG25
1057532-288-PC25,1057532-4265-AG25
1057532-288-PC25,1057532-4287-AG25
1057532-288-PC25,1057532-4261-AG25
1057532-292-PC25,1057532-5469-AG25
1057532-293-PC25,1057532-4536-AG25
1057532-295-PC25,1057532-5158-AG25
1057532-296-PC25,1057532-4825-CM25
1057532-296-PC25,1057532-5532-SE25
1057532-296-PC25,1057532-5533-SE25
1057532-298-PC25,1057532-5239-SE25
1057532-300-PC25,1057532-5719-SE25
1057532-300-PC25,1057532-5770-AG25
1057532-300-PC25,1057532-5718-SE25
1057532-300-PC25,1057532-5755-SE25
1057532-301-PC25,1057532-4129-AG25
1057532-301-PC25,1057532-4440-AG25
1057532-301-PC25,1057532-4462-AG25
1057532-301-PC25,1057532-4450-AG25
1057532-302-PC25,1057532-5001-CM25
1057532-302-PC25,1057532-148-CM25
1057532-302-PC25,1057532-4999-CM25
1057532-304-PC25,1057532-5222-AG25
1057532-305-PC25,1057532-5427-AG25
1057532-308-PC25,1057532-284-AG25
1057532-309-PC25,1057532-254-AG25
1057532-310-PC25,1057532-308-AG25
1057532-310-PC25,1057532-307-AG25
1057532-311-PC25,1057532-283-AG25
1057532-312-PC25,1057532-250-AG25
1057532-312-PC25,1057532-280-AG25
1057532-312-PC25,1057532-306-AG25
1057532-313-PC25,1057532-293-AG25
1057532-321-PC25,1057532-5166-SE25
1057532-321-PC25,1057532-4389-AG25
1057532-321-PC25,1057532-269-AG26
1057532-321-PC25,1057532-4892-SE25
1057532-321-PC25,1057532-107-SE26
1057532-321-PC25,1057532-5592-SE25
1057532-322-PC25,1057532-92-AG26
1057532-322-PC25,1057532-164-AG26
1057532-322-PC25,1057532-20-CM26
1077241-23-PC25,1057532-4066-AG25
1077241-23-PC25,1077241-38-AG25
1077241-24-PC25,1057532-5480-SE25
1057976-24-PC25,1057976-7-SE25
1057976-24-PC25,1057976-8-SE25
1057976-24-PC25,1057976-14-SE25
1057976-24-PC25,1057976-13-SE25
1057976-24-PC25,1057976-4-SE26
1057976-24-PC25,1057976-3-SE26
1057976-24-PC25,1057532-4121-SE25
1057976-24-PC25,1057976-1-SE25
1057976-24-PC25,1057976-17-SE25
1057976-24-PC25,1057976-2-SE25
1057976-24-PC25,1057976-16-SE25
1057532-4-PC25,1057532-2116-AG25
1057532-4-PC25,1057532-4221-AG25
1057532-4-PC25,1057532-4636-AG25
1057532-9-PC25,1057532-4387-AG25
1057532-9-PC25,1057532-4252-AG25
1057532-10-PC25,1057532-209-AG25
1057532-10-PC25,1057532-208-AG25
1057532-12-PC25,1057532-4225-AG25
1057532-13-PC25,1057532-4797-AG25
1057532-13-PC25,1057532-4418-AG25
1057532-14-PC25,1077241-154-SE25
1057532-14-PC25,1077241-117-AG25
1057532-15-PC25,1057532-5396-AG25
1057532-15-PC25,1057532-5392-AG25
1057532-19-PC25,1057532-5196-AG25
1057532-19-PC25,1057532-5198-AG25
1057532-20-PC25,1057532-5464-AG25
1057532-22-PC25,1057532-4032-AG25
1057532-27-PC25,1057532-4611-AG25
1057532-28-PC25,1057532-5095-AG25
1077241-4-PC25,1077241-99-AG25
1057532-34-PC25,1057532-4925-AG25
1057532-35-PC25,1057532-4435-AG25
1057532-35-PC25,1057532-4434-AG25
1057532-36-PC25,1057532-4134-AG25
1057532-37-PC25,1057532-5170-AG25
1057532-38-PC25,1057532-5036-AG25
1057532-38-PC25,1057532-5037-AG25
1057532-39-PC25,1057532-5141-AG25
1057532-40-PC25,1057532-4295-AG25
1057922-1-PC25,1057922-62-SE25
1057532-45-PC25,1057532-5573-AG25
1057532-47-PC25,1077241-106-AG25
1057532-47-PC25,1077241-115-AG25
1057532-48-PC25,1077241-57-AG25
1057532-50-PC25,1077241-100-AG25
1057532-50-PC25,1077241-98-AG25
1057532-51-PC25,1057532-5721-AG25
1057532-51-PC25,1057532-5580-AG25
1057532-53-PC25,1057532-5056-AG25
1057532-53-PC25,1057727-2-AG25
1057532-54-PC25,1077241-61-AG25
1057532-54-PC25,1077241-47-AG25
1057532-54-PC25,1057532-4294-AG25
1077241-7-PC25,1077241-145-AG25
1057532-56-PC25,1057532-4085-AG25
1057532-59-PC25,1057532-5549-AG25
1057532-61-PC25,1057532-5698-AG25
1057532-63-PC25,1057532-4990-AG25
1057532-63-PC25,1057532-5422-AG25
1057532-63-PC25,1057532-4433-AG25
1057532-63-PC25,1057532-4246-AG25
1057532-63-PC25,1057532-4248-AG25
1057532-63-PC25,1057532-5410-CM25
1057532-63-PC25,1057532-5147-AG25
1057532-63-PC25,1057532-167-CM25
1057532-63-PC25,1057532-4469-AG25
1057532-63-PC25,1057532-4483-AG25
1057532-63-PC25,1057532-5159-AG25
1057532-63-PC25,1057532-5295-SE25
1057532-63-PC25,1057532-4798-CM25
1057532-63-PC25,1057532-4077-AG25
1057532-63-PC25,1057532-4969-AG25
1057532-63-PC25,1057532-5294-SE25
1057532-63-PC25,1057532-4332-AG25
1057532-63-PC25,1057532-5263-SE25
1057532-63-PC25,1057532-5253-SE25
1057532-63-PC25,1057532-4243-AG25
1057532-63-PC25,1057532-5463-SE25
1057532-63-PC25,1057532-4986-AG25
1057532-63-PC25,1057532-5262-SE25
1057532-63-PC25,1057532-4260-AG25
1057532-63-PC25,1057532-4849-AG25
1057532-63-PC25,1057532-5268-SE25
1057532-63-PC25,1057532-5465-SE25
1057532-63-PC25,1057532-5473-SE25
1057532-63-PC25,1057532-5264-SE25
1057532-63-PC25,1057532-4235-AG25
1057532-63-PC25,1057532-5298-SE25
1057532-63-PC25,1057532-5499-SE25
1057532-63-PC25,1057532-5297-SE25
1057532-63-PC25,1057532-4850-AG25
1057532-63-PC25,1057532-4737-AG25
1057532-63-PC25,1057532-5293-SE25
1057532-63-PC25,1057532-5292-SE25
1057532-63-PC25,1057532-5296-SE25
1057532-63-PC25,1057532-5291-SE25
1057532-63-PC25,1057532-5589-AG25
1057532-63-PC25,1057532-4148-AG25
1057532-63-PC25,1057532-4039-AG25
1057532-63-PC25,1057532-5620-AG25
1057532-63-PC25,1057532-5181-TD25
1057532-64-PC25,1057532-5200-AG25
1057532-65-PC25,1057532-4766-AG25
1057532-65-PC25,1057532-4716-AG25
1057532-65-PC25,1057532-4767-AG25
1057532-66-PC25,1057532-287-SE26
1057532-66-PC25,1057532-5725-SE25
1057532-66-PC25,1057532-160-SE26
1057532-66-PC25,1057532-252-SE26
1057532-66-PC25,1057532-281-SE26
1057532-66-PC25,1057532-285-SE26
1057532-66-PC25,1057532-286-SE26
1057532-66-PC25,1057532-161-SE26
1057532-66-PC25,1057532-282-SE26
1057532-66-PC25,1057532-219-SE26
1057532-66-PC25,1057532-315-SE26
1057532-66-PC25,1057532-283-SE26
1057532-66-PC25,1057532-233-SE26
1057532-66-PC25,1057532-142-SE26
1057532-66-PC25,1057532-5596-SE25
1057532-66-PC25,1057532-195-SE26
1057532-66-PC25,1057532-145-SE26
1057532-66-PC25,1057532-147-SE26
1057532-66-PC25,1057532-5732-SE25
1057532-66-PC25,1057532-5462-SE25
1057532-66-PC25,1057532-279-SE26
1057532-66-PC25,1057532-5363-AG25
1057532-66-PC25,1057532-277-SE26
1057532-66-PC25,1057532-273-SE26
1057532-66-PC25,1057532-274-SE26
1057532-66-PC25,1057532-242-SE26
1057532-66-PC25,1057532-4799-AG25
1057532-66-PC25,1057532-291-SE26
1057532-66-PC25,1057532-278-SE26
1057532-66-PC25,1057532-309-SE26
1057532-66-PC25,1057532-14-SE26
1057532-66-PC25,1057532-4785-AG25
1057532-67-PC25,1057532-4188-AG25
1057532-67-PC25,1057532-4187-AG25
1057532-67-PC25,1057532-4186-AG25
1057532-70-PC25,1057532-5412-AG25
1057532-70-PC25,1057532-5601-AG25
1057532-75-PC25,1057532-5179-AG25
1057532-75-PC25,1057532-4184-TD25
1057532-75-PC25,1057532-157-AG25
1057532-76-PC25,1057532-4145-AG25
1077241-9-PC25,1057532-5160-AG25
1057532-83-PC25,1057532-4340-AG25
1057532-83-PC25,1057532-4807-AG25
1057532-83-PC25,1057532-4319-AG25
1057532-84-PC25,1057532-5590-AG25
1057532-84-PC25,1077241-66-AG25
1057532-86-PC25,1057532-4244-AG25
1057532-89-PC25,1057532-4024-AG25
1057532-89-PC25,1057532-4424-AG25
1057532-90-PC25,1057532-5572-AG25
1057532-96-PC25,1077241-54-AG25
1057532-96-PC25,1077241-58-AG25
1057532-97-PC25,1077241-136-AG25
1057532-98-PC25,1077241-52-AG25
1057532-99-PC25,1057532-5471-AG25
1057532-99-PC25,1057532-5536-AG25
1057532-101-PC25,1057532-5215-AG25
1057532-102-PC25,1057532-4392-AG25
1057532-102-PC25,1057532-4393-AG25
1057532-102-PC25,1057532-4079-AG25
1057532-104-PC25,1057532-4855-AG25
1057532-108-PC25,1057532-4076-AG25
1057532-108-PC25,1057532-4055-AG25
1057532-108-PC25,1057532-4056-AG25
1057532-108-PC25,1057532-4057-AG25
1057532-108-PC25,1057532-4061-AG25
1057532-109-PC25,1057532-4206-AG25
1057532-109-PC25,1057532-4211-AG25
1057532-109-PC25,1057532-4196-AG25
1057532-109-PC25,1057532-4197-AG25
1057532-109-PC25,1057532-4074-AG25
1057532-109-PC25,1057532-4370-AG25
1057532-109-PC25,1057532-4368-AG25
1057532-109-PC25,1057532-4369-AG25
1057532-109-PC25,1057532-4130-AG25
1057532-109-PC25,1057532-311-AG25
1057532-109-PC25,1057532-4103-AG25
1057532-109-PC25,1057532-4098-AG25
1057532-109-PC25,1057532-312-SE25
1057532-112-PC25,1057532-4341-AG25
1057532-112-PC25,1057532-4263-AG25
1057532-112-PC25,1057532-4262-AG25
1057532-114-PC25,1057532-5020-AG25
1057532-114-PC25,1057532-5019-AG25
1057532-116-PC25,1057532-4439-AG25
1057532-116-PC25,1057532-4438-AG25
1057532-119-PC25,1057532-4679-AG25
1057532-119-PC25,1057532-4674-AG25
1057532-123-PC25,1077241-46-AG25
1057532-123-PC25,1057532-4245-AG25
1077241-25-PC25,1057532-4420-AG25
1077241-25-PC25,1057532-4421-AG25
1057532-128-PC25,1057532-5460-AG25
1057532-129-PC25,1057532-4035-AG25
1057532-129-PC25,1057532-4034-AG25
1057532-130-PC25,1057532-142-AG25
1057532-130-PC25,1057532-138-AG25
1057532-130-PC25,1057532-137-AG25
1057532-130-PC25,1057532-139-AG25
1057532-133-PC25,1057532-4606-CM25
1057532-133-PC25,1057532-5054-CM25
1057532-133-PC25,1057532-4147-CM25
1057532-135-PC25,1057532-4810-AG25
1057532-135-PC25,1057532-4812-AG25
1057532-135-PC25,1057532-4813-AG25
1057532-137-PC25,1057532-5754-AG25
1057532-138-PC25,1057532-4111-AG25
1057532-144-PC25,1057532-5602-AG25
1057532-146-PC25,1057532-4250-AG25
1057532-146-PC25,1057532-158-AG25
1057532-147-PC25,1057532-4095-AG25
1057532-148-PC25,1077241-64-AG25
1057532-148-PC25,1077241-63-AG25
1057532-149-PC25,1077241-48-AG25
1057532-149-PC25,1057532-4952-AG25
1057532-149-PC25,1057532-4989-AG25
1057532-149-PC25,1057532-5092-AG25
1057532-149-PC25,1057532-4987-AG25
1057532-149-PC25,1057532-4954-AG25
1057532-149-PC25,1057532-4971-AG25
1057532-149-PC25,1057532-4957-AG25
1057727-1-PC25,1057727-44-CM25
1057727-1-PC25,1057727-45-CM25
1077241-27-PC25,1057532-4063-SE25
1077241-27-PC25,1057532-4064-SE25
1077241-27-PC25,1057532-4069-AG25
1077241-27-PC25,1057532-4060-SE25
1077241-27-PC25,1057532-4062-SE25
1077241-27-PC25,1057532-4158-AG25
1077241-27-PC25,1057532-4437-AG25
1057532-151-PC25,1057532-5555-AG25
1057532-151-PC25,1057532-4916-AG25
1057532-151-PC25,1057532-288-AG25
1057532-151-PC25,1057532-4141-AG25
1057532-151-PC25,1057532-4809-AG25
1057532-151-PC25,1057532-5225-AG25
1057532-151-PC25,1057532-4132-AG25
1057532-151-PC25,1057532-4072-AG25
1057532-151-PC25,1057532-5053-AG25
1057532-151-PC25,1057532-4075-AG25
1057532-152-PC25,1057532-4247-AG25
1057532-152-PC25,1057532-4273-AG25
1057532-152-PC25,1057532-4272-AG25
1057532-154-PC25,1057532-4900-AG25
1057532-154-PC25,1057532-5645-AG25
1077241-28-PC25,1057532-5639-SE25
1077241-28-PC25,1057532-2122-AG25
1077241-28-PC25,1057532-4081-AG25
1077241-28-PC25,1057532-3973-AG25
1077241-28-PC25,1057532-5405-AG25
1180747-6-PC25,1077241-51-AG25
1180747-6-PC25,1077241-65-AG25
1180747-7-PC25,1077241-103-SE25
1180747-7-PC25,1077241-83-SE25
1180747-7-PC25,1077241-40-SE25
1180747-7-PC25,1077241-62-SE25
1180747-8-PC25,1077241-158-AG25
1180747-8-PC25,1077241-143-AG25
1180747-8-PC25,1077241-155-AG25
1180747-8-PC25,1077241-156-AG25
1180747-8-PC25,1077241-153-SE25
1057532-157-PC25,1057532-3980-AG25
1057532-158-PC25,1057532-229-SE26
1077241-29-PC25,1057532-5610-AG25
1077241-29-PC25,1057532-5713-AG25
1077241-29-PC25,1057532-5609-AG25
1077241-29-PC25,1057532-5710-AG25
1057532-162-PC25,1057532-5204-SE25
1057532-162-PC25,1057532-5142-SE25
1057532-162-PC25,1057532-5140-SE25
1057532-162-PC25,1057532-5617-SE25
1057532-162-PC25,1057532-290-SE26
1057532-162-PC25,1057532-5326-SE25
1057532-162-PC25,1057532-63-SE26
1057532-162-PC25,1057532-48-SE26
1057532-162-PC25,1057532-5350-SE25
1057532-162-PC25,1057532-289-SE26
1057532-162-PC25,1057532-178-SE26
1057532-162-PC25,1057532-5711-SE25
1057532-162-PC25,1057532-5148-SE25
1057532-162-PC25,1057532-47-SE26
1057532-162-PC25,1057532-5349-SE25
1057532-162-PC25,1057532-5717-SE25
1057532-162-PC25,1057532-5570-SE25
1057532-162-PC25,1057532-5737-SE25
1077241-30-PC25,1077241-85-AG25
1077241-31-PC25,1077241-84-AG25
1077241-31-PC25,1077241-79-AG25
1077241-31-PC25,1077241-80-AG25
1077241-32-PC25,1077241-76-AG25
1077241-32-PC25,1077241-77-AG25
1077241-32-PC25,1077241-82-AG25
1077241-33-PC25,1077241-91-AG25
1077241-33-PC25,1077241-90-AG25
1077241-33-PC25,1077241-86-CM25
1077241-33-PC25,1077241-92-AG25
1077241-35-PC25,1077241-101-AG25
1077241-36-PC25,1057532-5794-TD25
1057532-165-PC25,1057532-4616-AG25
1057532-168-PC25,1057532-4447-AG25
1057532-168-PC25,931768-1-AG25
1057532-169-PC25,1057532-5146-AG25
1057532-169-PC25,1057532-5139-AG25
1057532-170-PC25,1057532-4852-AG25
1057532-171-PC25,1057532-5258-AG25
1057532-171-PC25,1057532-5205-AG25
1057532-171-PC25,1057532-4768-AG25
1057532-174-PC25,1057922-57-SE25
1057532-174-PC25,1057922-137-SE25
1057532-174-PC25,1057922-58-SE25
1057532-174-PC25,1057922-66-SE25
1057532-174-PC25,1057922-56-SE25
1057532-174-PC25,1057922-65-SE25
1057532-176-PC25,1057532-5449-AG25
1057532-177-PC25,1057532-5227-AG25
1057532-178-PC25,1057532-5475-SE25
1057532-179-PC25,1057532-5249-AG25
1057532-183-PC25,1057532-4660-AG25
1057532-183-PC25,1057532-4658-AG25
1057532-323-PC25,1057532-5090-AG25
1057532-324-PC25,1057532-4470-AG25
1057532-325-PC25,1057532-4453-AG25
1057532-327-PC25,1057532-5424-AG25
1057532-328-PC25,1057727-11-AG25
1057532-328-PC25,1057727-18-AG25
1057532-328-PC25,1057727-40-AG25
1057532-328-PC25,1057727-17-AG25
1057532-328-PC25,1057727-32-AG25
1057532-328-PC25,1057727-10-AG25
1057532-328-PC25,1057727-1-AG25
1057532-328-PC25,1057727-31-AG25
1057532-328-PC25,1057532-5226-AG25
1057532-328-PC25,1057727-39-AG25
1057532-328-PC25,1057727-13-AG25
1057532-328-PC25,1057727-12-AG25
1057532-328-PC25,1057727-7-AG25
1057532-328-PC25,1057727-26-AG25
1057532-328-PC25,1057727-64-SE25
1057532-328-PC25,1057727-19-AG25
1057532-328-PC25,1057727-16-AG25
1057532-328-PC25,1057727-20-AG25
1057532-328-PC25,1057727-47-AG25
1057532-328-PC25,1057727-30-AG25
1057532-328-PC25,1057727-3-AG25
1057532-328-PC25,1057727-14-AG25
1057532-328-PC25,1057727-21-AG25
1057532-328-PC25,1057727-27-AG25
1057532-328-PC25,1057727-37-AG25
1057532-328-PC25,1057727-33-AG25
1057532-328-PC25,1057727-24-AG25
1057532-328-PC25,1057727-34-AG25
1057532-328-PC25,1057727-61-SE25
1057532-328-PC25,1057727-62-AG25
1057532-328-PC25,1057727-57-AG25
1057532-328-PC25,1057727-35-AG25
1057532-328-PC25,1057727-43-AG25
1057532-328-PC25,1057727-49-AG25
1057532-328-PC25,1057727-38-AG25
1057532-328-PC25,1057727-46-AG25
1057532-328-PC25,1057727-63-SE25
1057532-328-PC25,1057727-15-AG25
1057532-328-PC25,1057727-58-AG25
1057532-328-PC25,1057727-8-AG25
1057532-328-PC25,1057727-42-AG25
1057532-328-PC25,1057727-52-AG25
1057532-328-PC25,1057727-54-AG25
1057532-328-PC25,1057727-9-AG25
1057532-328-PC25,1057727-51-AG25
1057532-328-PC25,1057727-36-SE25
1057532-328-PC25,1057727-55-AG25
1057532-328-PC25,1057727-41-AG25
1057532-328-PC25,1057727-53-AG25
1057532-329-PC25,1057532-5561-AG25
1057532-329-PC25,1057532-5553-AG25
1057532-329-PC25,1057532-5518-AG25
1057532-331-PC25,1057532-5145-AG25
1057532-333-PC25,1057532-5338-AG25
1057532-335-PC25,1057532-5411-AG25
1057532-336-PC25,1057532-5477-SE25
1057532-336-PC25,1057532-5595-AG25
1057532-338-PC25,1057532-5450-AG25
1057532-339-PC25,1057532-5415-SE25
1057532-345-PC25,1057532-5318-AG25
1057532-352-PC25,1057532-5554-AG25
1057532-352-PC25,1057532-5246-AG25
1057532-353-PC25,1057532-4478-AG25
1057532-353-PC25,1057532-5073-AG25
1057532-353-PC25,1057532-4488-AG25
1057532-353-PC25,1057532-4277-AG25
1057532-353-PC25,1057532-4276-AG25
1057532-353-PC25,1057532-4279-AG25
1077241-46-PC25,1077241-50-AG25
1057532-355-PC25,1057532-4814-AG25
1057532-355-PC25,1057532-4513-AG25
1057532-355-PC25,1057532-4512-AG25
1057532-355-PC25,1057532-5538-AG25
1057532-355-PC25,1057532-4390-AG25
1057532-355-PC25,1057532-4522-AG25
1057532-355-PC25,1057532-4521-AG25
1057532-355-PC25,1057532-4680-AG25
1057532-355-PC25,1057532-5021-AG25
1057532-355-PC25,1057532-4722-AG25
1057532-355-PC25,1057532-4861-AG25
1057532-355-PC25,1057532-4378-AG25
1057532-355-PC25,1057532-4947-AG25
1057532-355-PC25,1057532-5452-AG25
1057532-355-PC25,1057532-5683-TD25
1057532-358-PC25,1057532-5428-AG25
1057532-358-PC25,1057532-5429-AG25
1057532-358-PC25,1057532-5523-AG25
1057532-359-PC25,1057532-4343-SE25
1057532-360-PC25,1057532-4802-AG25
1057532-361-PC25,1057532-5299-SE25
1057532-367-PC25,1057532-5403-AG25
1057532-369-PC25,1057532-119-AG26
1057532-369-PC25,1057532-112-AG26
1057532-369-PC25,1057532-103-AG26
1057922-2-PC25,1057922-121-SE25
1057922-2-PC25,1057922-119-AG25
1057922-2-PC25,1057922-133-SE25
1057922-2-PC25,1057922-154-SE25
1057922-2-PC25,1057922-132-SE25
1057922-2-PC25,1057922-125-SE25
1057922-2-PC25,1057922-140-AG25
1057922-2-PC25,1057922-118-AG25
1057922-2-PC25,1057922-107-AG25
1057922-2-PC25,1057922-127-SE25
1057922-2-PC25,1057922-153-SE25
1057922-2-PC25,1057922-190-SE25
1057922-2-PC25,1057922-108-AG25
1057922-2-PC25,1057922-128-SE25
1057922-2-PC25,1057922-126-SE25
1057922-2-PC25,1057922-131-SE25
1057922-2-PC25,1057922-156-SE25
1057922-2-PC25,1057922-130-SE25
1057922-2-PC25,1057922-144-SE25
1057922-2-PC25,1057922-214-SE25
1057922-2-PC25,1057922-168-AG25
1057922-2-PC25,1057922-158-SE25
1057922-2-PC25,1057922-134-AG25
1057922-2-PC25,1057922-129-SE25
1057922-2-PC25,1057922-152-SE25
1057922-2-PC25,1057922-209-SE25
1057922-2-PC25,1057922-181-AG25
1057922-2-PC25,1057922-177-AG25
1057922-2-PC25,1057922-182-AG25
1057922-2-PC25,1057922-138-CM25
1057922-2-PC25,1057922-207-SE25
1057922-2-PC25,1057922-148-SE25
1057922-2-PC25,1057922-198-AG25
1057922-2-PC25,1057922-169-AG25
1057922-2-PC25,1057922-208-SE25
1057922-2-PC25,1057922-124-SE25
1057922-2-PC25,1057922-210-SE25
1057922-2-PC25,1057922-212-AG25
1057532-371-PC25,1057532-5582-AG25
1057532-371-PC25,1057532-5419-SE25
1057532-372-PC25,1057532-4494-AG25
1057532-373-PC25,1057532-203-SE26
1057532-374-PC25,1057532-194-SE26
1057532-375-PC25,1057532-223-SE26
1057532-375-PC25,1057532-65-SE26
1057532-375-PC25,1057532-224-SE26
1057532-375-PC25,1057532-64-SE26
1057532-375-PC25,1057532-4808-AG25
1057532-375-PC25,1057532-253-SE26
1057532-375-PC25,1057532-221-SE26
1057532-375-PC25,1057532-292-SE26
1057532-375-PC25,1057532-226-SE26
1057532-375-PC25,1057532-5641-SE25
1057532-375-PC25,1057532-5640-SE25
1057532-375-PC25,1057532-93-SE26
1057532-375-PC25,1057532-86-SE26
1057532-375-PC25,1057532-97-SE26
1057532-376-PC25,1057532-90-CM26
1057532-376-PC25,1057532-5352-CM25
1057532-376-PC25,1057532-4720-CM25
1057532-376-PC25,1057532-4568-CM25
1057532-376-PC25,1057532-4711-CM25
1057532-376-PC25,1057532-5071-CM25
1057532-376-PC25,1057532-4692-CM25
1057532-376-PC25,1057532-4567-CM25
1057532-376-PC25,1057532-4721-CM25
1057532-376-PC25,1057532-4695-CM25
1057532-376-PC25,1057532-5353-CM25
1057532-376-PC25,1057532-4899-CM25
1057532-376-PC25,1057532-5738-CM25
1057532-376-PC25,1057532-4762-SE25
1057532-376-PC25,1057532-5598-CM25
1057532-376-PC25,1057532-4696-CM25
1057532-376-PC25,1057532-4893-CM25
1057532-376-PC25,1057532-5521-CM25
1057532-376-PC25,1057532-89-CM26
1057532-376-PC25,1057532-4712-CM25
1057532-376-PC25,1057532-4718-CM25
1057532-376-PC25,1057532-5334-CM25
1057532-376-PC25,1057532-4710-CM25
1057532-376-PC25,1057532-5096-CM25
1057532-376-PC25,1057532-5070-CM25
1057532-376-PC25,1057532-5522-CM25
1057532-376-PC25,1057532-4761-SE25
1057532-376-PC25,1057532-5599-CM25
1057532-376-PC25,1057532-5335-CM25
1057532-377-PC25,1057532-5753-AG25
1057532-377-PC25,1057532-138-CM26
1057532-377-PC25,1057532-94-CM26
1057532-377-PC25,1057532-5735-AG25
1057532-377-PC25,1057532-98-CM26
1057532-378-PC25,1057532-5233-SE25
1057532-379-PC25,1057532-218-SE26
1057532-381-PC25,1057532-204-SE26
1057532-382-PC25,1057532-211-SE26
1057532-382-PC25,1057532-176-SE26
1057532-383-PC25,1057532-177-SE26
1057532-389-PC25,1057532-5787-SE25
1057532-389-PC25,1057532-190-SE26
1057532-389-PC25,1057532-38-SE26
1057532-392-PC25,1057532-144-SE26
1077241-52-PC25,1057532-248-SE26
1077241-52-PC25,1057532-167-SE26
1077241-52-PC25,1057532-232-SE26
1077241-52-PC25,1057532-101-SE26
1077241-52-PC25,1057532-250-SE26
1077241-52-PC25,1057532-181-SE26
1077241-52-PC25,1057532-180-SE26
1077241-52-PC25,1057532-33-SE26
1077241-52-PC25,1057532-247-SE26
1057532-394-PC25,1057532-175-SE26
1057532-394-PC25,1057532-5566-SE25
1057532-395-PC25,1057532-5287-AG25
1057532-395-PC25,1057532-5446-CM25
1057532-399-PC25,1057532-36-SE26
1057532-399-PC25,1057532-5742-SE25
1057532-400-PC25,1057532-141-SE26
1057532-400-PC25,1057532-115-SE26
1057532-401-PC25,1057532-262-CM26
1057532-401-PC25,1057532-236-CM26
1057532-401-PC25,1057532-111-CM26
1057532-401-PC25,1057532-99-CM26
1057532-401-PC25,1057532-77-CM26
1057532-401-PC25,1057532-82-CM26
1057532-401-PC25,1057532-87-CM26
1057532-404-PC25,1057532-272-SE26
1057532-404-PC25,1057532-276-SE26
1057532-404-PC25,1057532-222-SE26
1057532-404-PC25,1057532-246-SE26
1057532-404-PC25,1057532-228-SE26
1057532-404-PC25,1057532-235-SE26
1057532-404-PC25,1057532-260-SE26
1057532-404-PC25,1057532-5558-SE25
1057532-405-PC25,1057532-196-SE26
1057532-406-PC25,1057532-5074-AG25
1057532-406-PC25,1057532-5076-AG25
1057532-406-PC25,1057532-5069-AG25
1057532-406-PC25,1057532-5068-AG25
1057532-406-PC25,1057532-5075-AG25
1057532-406-PC25,1057532-5078-AG25
1057532-406-PC25,1057532-5072-AG25
1057532-407-PC25,1057922-193-SE25
1057532-407-PC25,1057922-192-SE25
1057532-407-PC25,1057922-195-SE25
1057532-407-PC25,1057922-197-TD25
1057532-407-PC25,1057922-194-SE25
1057532-407-PC25,1057922-203-AG25
1057532-407-PC25,1057922-191-SE25
1057532-407-PC25,1057922-204-AG25
1077241-54-PC25,1057532-5302-AG25
1077241-54-PC25,1057532-5272-AG25
1077241-54-PC25,1057532-5707-AG25
1057532-408-PC25,1180747-52-AG25
1057532-408-PC25,1180747-49-AG25
1077241-56-PC25,1057532-5040-AG25
1077241-56-PC25,1057532-5041-AG25
1057532-411-PC25,1057532-5421-SE25
1057532-412-PC25,1057532-5423-AG25
1057532-414-PC25,1057922-164-SE25
1057532-414-PC25,1057922-165-SE25
1057532-414-PC25,1057922-166-SE25
1057532-414-PC25,1057922-163-SE25
1057532-414-PC25,1057922-202-SE25
1057532-414-PC25,1057922-200-SE25
1057532-414-PC25,1057922-199-SE25
1057532-414-PC25,1057922-201-SE25
1077241-57-PC25,1057532-5550-AG25
1077241-59-PC25,1057532-5236-SE25
1057532-417-PC25,1057532-5413-SE25
1057532-417-PC25,1057532-5502-AG25
1077241-60-PC25,1057532-5304-AG25
1077241-60-PC25,1057532-5306-AG25
1077241-63-PC25,1057532-5409-AG25
1077241-63-PC25,1057532-5316-AG25
1077241-64-PC25,1057532-5203-AG25
1077241-65-PC25,1057532-5162-AG25
1077241-67-PC25,1057532-5616-AG25
1077241-71-PC25,1057532-102-AG26
1077241-71-PC25,1077241-129-AG25
1077241-72-PC25,1057532-5426-AG25
1077241-74-PC25,1057532-5031-AG25
1077241-74-PC25,1057532-5032-AG25
1077241-74-PC25,1057532-5414-AG25
1077241-74-PC25,1057532-5751-AG25
1077241-74-PC25,1057532-5769-SE25
1077241-74-PC25,1057532-5240-AG25
1057532-285-PC26,1057532-280-AG26
1057532-324-PC26,1057532-179-SE26
1057532-327-PC26,1057532-166-SE26
1057532-329-PC26,1057532-173-SE26
1057532-334-PC26,1057532-214-AG26
1077241-77-PC26,1077241-7-AG26
1077241-77-PC26,1077241-8-AG26
1057532-355-PC26,1057532-215-AG26
1057532-380-PC26,1057532-96-CM26
1057532-380-PC26,1057532-95-CM26
1057532-388-PC26,1057532-213-AG26
1057532-389-PC26,1057532-199-AG26
1057532-396-PC26,1057532-217-AG26
1057532-396-PC26,1057532-212-AG26
1057532-412-PC26,1057532-163-AG26
1057532-415-PC26,1057532-80-AG26
1057532-415-PC26,1057532-79-AG26
1057532-415-PC26,1057532-81-AG26
1057532-418-PC26,1057532-191-AG26
1057532-418-PC26,1057532-192-AG26
1057532-424-PC26,1057532-88-AG26
1057922-12-PC26,1057922-7-SE26
1057922-12-PC26,1057922-6-AG26
1057922-12-PC26,1057922-5-AG26
1057922-12-PC26,1057922-3-SE26
1057922-12-PC26,1057922-10-AG26
1057922-12-PC26,1057922-4-AG26
1057922-12-PC26,1057922-9-AG26
1057922-12-PC26,1057922-8-SE26
1057532-427-PC26,1057532-314-AG26
1057532-427-PC26,1057532-265-AG26
1057532-427-PC26,1057532-268-AG26
1057922-14-PC26,1057922-1-AG26
1057532-446-PC26,1057532-220-AG26
1057532-449-PC26,1057532-275-AG26
1057532-465-PC26,1057532-271-AG26
1057532-477-PC26,1057532-257-AG26
1057532-477-PC26,1057532-256-AG26
1057922-18-PC26,1057922-2-AG26
1057532-485-PC26,1057532-231-AG26
1057532-487-PC26,1057532-263-AG26
1057532-505-PC26,1057532-113-AG26
1057532-505-PC26,1057532-216-AG26
1057532-505-PC26,1057532-109-AG26
1057532-508-PC26,1057532-140-AG26
1057532-521-PC26,1057532-243-AG26
1057532-521-PC26,1057532-159-AG26
1057532-521-PC26,1057532-108-AG26
1057532-522-PC26,1057532-197-AG26
1057532-522-PC26,1057532-186-AG26
1057532-534-PC26,1057532-104-AG26
1057532-540-PC26,1057532-207-CM26
1057532-547-PC26,1057532-230-AG26
1057532-567-PC26,1057532-91-AG26
1057532-581-PC26,1057532-202-AG26
1057532-581-PC26,1057532-185-AG26
1057532-581-PC26,1057532-255-AG26
1057532-581-PC26,1057532-240-AG26
1057532-581-PC26,1057532-239-AG26
1057532-581-PC26,1057532-149-AG26
1057532-583-PC26,1057532-251-AG26
1057532-584-PC26,1057532-51-AG26
1057532-586-PC26,1057532-284-AG26
